Image,actual_shape,predicted_shape,generated_caption,Description
Brachypterois serrulata_Sp4_L (1).tif,oval,elliptical,"Type: Sagittal. Side: Left otolith. Shape: elliptical, sinuate to crenate dorsal and sinuate to crenate ventral margins. Sulcus acusticus: heterosulcoid, ostial, median. Ostium: Funnel-like. Cauda: tubular, slightly curved. Anterior region: angled to round, rostrum and antirostrum blunt, excisura wide with poorly defined notch. Posterior region: blunt to round.","Type: Sagittal, Side: Left otolith. Shape: oval, crenate dorsal and crenate ventral margins. Sulcus acusticus: heterosulcoid, ostial, inframedian. Ostium: tubular, shorter than cauda. Cauda: tubular, strongly curved. Anterior region: irregular to blunt, rostrum blunt and antirostrum poorly defined, notch poorly defined. Posterior region: flattened."
Brachypterois serrulata_Sp4_L (10).tif,oval,elliptical,"Type: Sagittal. Side: Left otolith. Shape: elliptical, sinuate to crenate dorsal and sinuate to crenate ventral margins. Sulcus acusticus: heterosulcoid, ostial, median. Ostium: Funnel-like. Cauda: tubular, slightly curved. Anterior region: angled to irregular, rostrum and antirostrum blunt, excisura wide with shallow, acute notch. Posterior region: blunt to round.","Type: Sagittal, Side: Left otolith. Shape: oval, crenate dorsal and crenate ventral margins. Sulcus acusticus: heterosulcoid, ostial, inframedian. Ostium: tubular, shorter than cauda. Cauda: tubular, strongly curved. Anterior region: irregular to blunt, rostrum blunt and antirostrum poorly defined, notch poorly defined. Posterior region: flattened."
Brachypterois serrulata_Sp4_L (101).tif,oval,elliptical,"Type: Sagittal. Side: Left otolith. Shape: elliptical, sinuate to crenate dorsal and sinuate to crenate ventral margins. Sulcus acusticus: heterosulcoid, ostial, median. Ostium: Funnel-like. Cauda: tubular, slightly curved. Anterior region: angled to round, rostrum and antirostrum blunt, excisura wide with shallow, acute notch. Posterior region: blunt to round.","Type: Sagittal, Side: Left otolith. Shape: oval, crenate dorsal and crenate ventral margins. Sulcus acusticus: heterosulcoid, ostial, inframedian. Ostium: tubular, shorter than cauda. Cauda: tubular, strongly curved. Anterior region: irregular to blunt, rostrum blunt and antirostrum poorly defined, notch poorly defined. Posterior region: flattened."
Brachypterois serrulata_Sp4_L (102).tif,oval,elliptical,"Type: Sagittal. Side: Right otolith. Shape: elliptical, sinuate to crenate dorsal and sinuate to crenate ventral margins. Sulcus acusticus: heterosulcoid, ostial, median. Ostium: Funnel-like. Cauda: tubular, slightly curved. Anterior region: angled to round, rostrum and antirostrum blunt, excisura wide with shallow, acute notch. Posterior region: blunt to round.","Type: Sagittal, Side: Left otolith. Shape: oval, crenate dorsal and crenate ventral margins. Sulcus acusticus: heterosulcoid, ostial, inframedian. Ostium: tubular, shorter than cauda. Cauda: tubular, strongly curved. Anterior region: irregular to blunt, rostrum blunt and antirostrum poorly defined, notch poorly defined. Posterior region: flattened."
Brachypterois serrulata_Sp4_L (104).tif,oval,elliptical,"Type: Sagittal. Side: Left otolith. Shape: elliptical, sinuate to crenate dorsal and sinuate to crenate ventral margins. Sulcus acusticus: heterosulcoid, ostial, median. Ostium: Funnel-like. Cauda: tubular, slightly curved. Anterior region: angled to round, rostrum and antirostrum blunt, excisura wide with shallow, acute notch. Posterior region: blunt to round.","Type: Sagittal, Side: Left otolith. Shape: oval, crenate dorsal and crenate ventral margins. Sulcus acusticus: heterosulcoid, ostial, inframedian. Ostium: tubular, shorter than cauda. Cauda: tubular, strongly curved. Anterior region: irregular to blunt, rostrum blunt and antirostrum poorly defined, notch poorly defined. Posterior region: flattened."
Brachypterois serrulata_Sp4_L (105).tif,oval,elliptical,"Type: Sagittal. Side: Left otolith. Shape: elliptical, sinuate to crenate dorsal and sinuate to crenate ventral margins. Sulcus acusticus: heterosulcoid, ostial, median. Ostium: Funnel-like. Cauda: tubular, slightly curved. Anterior region: angled to round, rostrum and antirostrum blunt, excisura wide with shallow, acute notch. Posterior region: blunt to round.","Type: Sagittal, Side: Left otolith. Shape: oval, crenate dorsal and crenate ventral margins. Sulcus acusticus: heterosulcoid, ostial, inframedian. Ostium: tubular, shorter than cauda. Cauda: tubular, strongly curved. Anterior region: irregular to blunt, rostrum blunt and antirostrum poorly defined, notch poorly defined. Posterior region: flattened."
Brachypterois serrulata_Sp4_L (109).tif,oval,elliptical,"Type: Sagittal. Side: Right otolith. Shape: elliptical, sinuate to crenate dorsal and sinuate to crenate ventral margins. Sulcus acusticus: heterosulcoid, ostial, median. Ostium: Funnel-like. Cauda: tubular, slightly curved. Anterior region: angled to irregular, rostrum and antirostrum blunt, excisura wide with shallow, acute notch. Posterior region: blunt.","Type: Sagittal, Side: Left otolith. Shape: oval, crenate dorsal and crenate ventral margins. Sulcus acusticus: heterosulcoid, ostial, inframedian. Ostium: tubular, shorter than cauda. Cauda: tubular, strongly curved. Anterior region: irregular to blunt, rostrum blunt and antirostrum poorly defined, notch poorly defined. Posterior region: flattened."
Brachypterois serrulata_Sp4_L (11).tif,oval,elliptical,"Type: Sagittal. Side: Left otolith. Shape: elliptical, sinuate to crenate dorsal and sinuate to crenate ventral margins. Sulcus acusticus: heterosulcoid, ostial, median. Ostium: Funnel-like. Cauda: tubular, slightly curved. Anterior region: angled to round, rostrum and antirostrum poorly defined, excisura poorly defined without notch. Posterior region: blunt to irregular.","Type: Sagittal, Side: Left otolith. Shape: oval, crenate dorsal and crenate ventral margins. Sulcus acusticus: heterosulcoid, ostial, inframedian. Ostium: tubular, shorter than cauda. Cauda: tubular, strongly curved. Anterior region: irregular to blunt, rostrum blunt and antirostrum poorly defined, notch poorly defined. Posterior region: flattened."
Brachypterois serrulata_Sp4_L (110).tif,oval,elliptical,"Type: Sagittal. Side: Left otolith. Shape: elliptical, sinuate to crenate dorsal and sinuate to crenate ventral margins. Sulcus acusticus: heterosulcoid, ostial, median. Ostium: Funnel-like. Cauda: tubular, slightly curved. Anterior region: angled to round, rostrum and antirostrum blunt, excisura wide with shallow, acute notch. Posterior region: flattened to blunt.","Type: Sagittal, Side: Left otolith. Shape: oval, crenate dorsal and crenate ventral margins. Sulcus acusticus: heterosulcoid, ostial, inframedian. Ostium: tubular, shorter than cauda. Cauda: tubular, strongly curved. Anterior region: irregular to blunt, rostrum blunt and antirostrum poorly defined, notch poorly defined. Posterior region: flattened."
Brachypterois serrulata_Sp4_L (111).tif,oval,elliptical,"Type: Sagittal. Side: Left otolith. Shape: elliptical, sinuate dorsal and sinuate ventral margins. Sulcus acusticus: heterosulcoid, ostial, median. Ostium: Funnel-like. Cauda: tubular, slightly curved. Anterior region: round, rostrum blunt and antirostrum blunt, excisura narrow with shallow, acute notch. Posterior region: peaked.","Type: Sagittal, Side: Left otolith. Shape: oval, crenate dorsal and crenate ventral margins. Sulcus acusticus: heterosulcoid, ostial, inframedian. Ostium: tubular, shorter than cauda. Cauda: tubular, strongly curved. Anterior region: irregular to blunt, rostrum blunt and antirostrum poorly defined, notch poorly defined. Posterior region: flattened."
Brachypterois serrulata_Sp4_L (112).tif,oval,elliptical,"Type: Sagittal. Side: Right otolith. Shape: elliptical, sinuate to crenate dorsal and sinuate to crenate ventral margins. Sulcus acusticus: heterosulcoid, ostial, median. Ostium: Funnel-like. Cauda: tubular, slightly curved. Anterior region: angled to irregular, rostrum and antirostrum blunt, excisura wide with shallow, acute notch. Posterior region: blunt.","Type: Sagittal, Side: Left otolith. Shape: oval, crenate dorsal and crenate ventral margins. Sulcus acusticus: heterosulcoid, ostial, inframedian. Ostium: tubular, shorter than cauda. Cauda: tubular, strongly curved. Anterior region: irregular to blunt, rostrum blunt and antirostrum poorly defined, notch poorly defined. Posterior region: flattened."
Brachypterois serrulata_Sp4_L (113).tif,oval,elliptical,"Type: Sagittal. Side: Left otolith. Shape: elliptical, sinuate to crenate dorsal and sinuate to crenate ventral margins. Sulcus acusticus: heterosulcoid, ostial, median. Ostium: Funnel-like. Cauda: tubular, slightly curved. Anterior region: angled to irregular, rostrum and antirostrum blunt, excisura wide with shallow, acute notch. Posterior region: blunt to round.","Type: Sagittal, Side: Left otolith. Shape: oval, crenate dorsal and crenate ventral margins. Sulcus acusticus: heterosulcoid, ostial, inframedian. Ostium: tubular, shorter than cauda. Cauda: tubular, strongly curved. Anterior region: irregular to blunt, rostrum blunt and antirostrum poorly defined, notch poorly defined. Posterior region: flattened."
Brachypterois serrulata_Sp4_L (114).tif,oval,elliptical,"Type: Sagittal. Side: Left otolith. Shape: elliptical, sinuate to crenate dorsal and sinuate to crenate ventral margins. Sulcus acusticus: heterosulcoid, ostial, median. Ostium: Funnel-like. Cauda: tubular, slightly curved. Anterior region: angled to irregular, rostrum and antirostrum blunt, excisura wide with shallow, acute notch. Posterior region: blunt to round.","Type: Sagittal, Side: Left otolith. Shape: oval, crenate dorsal and crenate ventral margins. Sulcus acusticus: heterosulcoid, ostial, inframedian. Ostium: tubular, shorter than cauda. Cauda: tubular, strongly curved. Anterior region: irregular to blunt, rostrum blunt and antirostrum poorly defined, notch poorly defined. Posterior region: flattened."
Brachypterois serrulata_Sp4_L (115).tif,oval,elliptical,"Type: Sagittal. Side: Left otolith. Shape: elliptical, sinuate to crenate dorsal and sinuate to crenate ventral margins. Sulcus acusticus: heterosulcoid, ostial, median. Ostium: Funnel-like. Cauda: tubular, slightly curved. Anterior region: angled, rostrum blunt and antirostrum blunt or poorly developed, excisura moderately wide with wide, shallow notch. Posterior region: blunt.","Type: Sagittal, Side: Left otolith. Shape: oval, crenate dorsal and crenate ventral margins. Sulcus acusticus: heterosulcoid, ostial, inframedian. Ostium: tubular, shorter than cauda. Cauda: tubular, strongly curved. Anterior region: irregular to blunt, rostrum blunt and antirostrum poorly defined, notch poorly defined. Posterior region: flattened."
Brachypterois serrulata_Sp4_L (116).tif,oval,elliptical,"Type: Sagittal. Side: Left otolith. Shape: elliptical, sinuate to crenate dorsal and sinuate to crenate ventral margins. Sulcus acusticus: heterosulcoid, ostial, median. Ostium: Funnel-like. Cauda: tubular, slightly curved. Anterior region: round to angled, rostrum and antirostrum blunt, excisura wide with shallow, acute notch. Posterior region: blunt.","Type: Sagittal, Side: Left otolith. Shape: oval, crenate dorsal and crenate ventral margins. Sulcus acusticus: heterosulcoid, ostial, inframedian. Ostium: tubular, shorter than cauda. Cauda: tubular, strongly curved. Anterior region: irregular to blunt, rostrum blunt and antirostrum poorly defined, notch poorly defined. Posterior region: flattened."
Brachypterois serrulata_Sp4_L (12).tif,oval,elliptical,"Type: Sagittal. Side: Left otolith. Shape: elliptical, sinuate to crenate dorsal and sinuate to crenate ventral margins. Sulcus acusticus: heterosulcoid, ostial, median. Ostium: Funnel-like. Cauda: tubular, slightly curved. Anterior region: angled to round, rostrum and antirostrum blunt, excisura wide with shallow, acute notch. Posterior region: blunt to round.","Type: Sagittal, Side: Left otolith. Shape: oval, crenate dorsal and crenate ventral margins. Sulcus acusticus: heterosulcoid, ostial, inframedian. Ostium: tubular, shorter than cauda. Cauda: tubular, strongly curved. Anterior region: irregular to blunt, rostrum blunt and antirostrum poorly defined, notch poorly defined. Posterior region: flattened."
Brachypterois serrulata_Sp4_L (2).tif,oval,elliptical,"Type: Sagittal. Side: Left otolith. Shape: elliptical, sinuate to crenate dorsal and sinuate to crenate ventral margins. Sulcus acusticus: heterosulcoid, ostial, median. Ostium: Funnel-like. Cauda: tubular, slightly curved. Anterior region: angled to irregular, rostrum and antirostrum blunt, excisura wide with shallow, acute notch. Posterior region: blunt.","Type: Sagittal, Side: Left otolith. Shape: oval, crenate dorsal and crenate ventral margins. Sulcus acusticus: heterosulcoid, ostial, inframedian. Ostium: tubular, shorter than cauda. Cauda: tubular, strongly curved. Anterior region: irregular to blunt, rostrum blunt and antirostrum poorly defined, notch poorly defined. Posterior region: flattened."
Brachypterois serrulata_Sp4_L (26).tif,oval,elliptical,"Type: Sagittal. Side: Left otolith. Shape: elliptical, sinuate to crenate dorsal and sinuate to crenate ventral margins. Sulcus acusticus: heterosulcoid, ostial, median. Ostium: Funnel-like. Cauda: tubular, slightly curved. Anterior region: angled to round, rostrum and antirostrum blunt, excisura wide with poorly defined notch. Posterior region: blunt to round.","Type: Sagittal, Side: Left otolith. Shape: oval, crenate dorsal and crenate ventral margins. Sulcus acusticus: heterosulcoid, ostial, inframedian. Ostium: tubular, shorter than cauda. Cauda: tubular, strongly curved. Anterior region: irregular to blunt, rostrum blunt and antirostrum poorly defined, notch poorly defined. Posterior region: flattened."
Brachypterois serrulata_Sp4_L (29).tif,oval,elliptical,"Type: Sagittal. Side: Right otolith. Shape: elliptical, sinuate to crenate dorsal and sinuate to crenate ventral margins. Sulcus acusticus: heterosulcoid, ostial, median. Ostium: Funnel-like. Cauda: tubular, slightly curved. Anterior region: angled to round, rostrum and antirostrum blunt, excisura wide with shallow, acute notch. Posterior region: blunt to round.","Type: Sagittal, Side: Left otolith. Shape: oval, crenate dorsal and crenate ventral margins. Sulcus acusticus: heterosulcoid, ostial, inframedian. Ostium: tubular, shorter than cauda. Cauda: tubular, strongly curved. Anterior region: irregular to blunt, rostrum blunt and antirostrum poorly defined, notch poorly defined. Posterior region: flattened."
Brachypterois serrulata_Sp4_L (3).tif,oval,elliptical,"Type: Sagittal. Side: Left otolith. Shape: elliptical, sinuate to crenate dorsal and sinuate to crenate ventral margins. Sulcus acusticus: heterosulcoid, ostial, median. Ostium: Funnel-like. Cauda: tubular, slightly curved. Anterior region: angled to irregular, rostrum and antirostrum blunt, excisura wide with shallow, acute notch. Posterior region: blunt.","Type: Sagittal, Side: Left otolith. Shape: oval, crenate dorsal and crenate ventral margins. Sulcus acusticus: heterosulcoid, ostial, inframedian. Ostium: tubular, shorter than cauda. Cauda: tubular, strongly curved. Anterior region: irregular to blunt, rostrum blunt and antirostrum poorly defined, notch poorly defined. Posterior region: flattened."
Brachypterois serrulata_Sp4_L (37).tif,oval,elliptical,"Type: Sagittal. Side: Left otolith. Shape: elliptical, sinuate to crenate dorsal and sinuate to crenate ventral margins. Sulcus acusticus: heterosulcoid, ostial, median. Ostium: Funnel-like. Cauda: tubular, slightly curved. Anterior region: angled to irregular, rostrum and antirostrum blunt, excisura wide with shallow, acute notch. Posterior region: blunt to round.","Type: Sagittal, Side: Left otolith. Shape: oval, crenate dorsal and crenate ventral margins. Sulcus acusticus: heterosulcoid, ostial, inframedian. Ostium: tubular, shorter than cauda. Cauda: tubular, strongly curved. Anterior region: irregular to blunt, rostrum blunt and antirostrum poorly defined, notch poorly defined. Posterior region: flattened."
Brachypterois serrulata_Sp4_L (38).tif,oval,elliptical,"Type: Sagittal. Side: Left otolith. Shape: elliptical, sinuate to crenate dorsal and sinuate to crenate ventral margins. Sulcus acusticus: heterosulcoid, ostial, median. Ostium: Funnel-like. Cauda: tubular, slightly curved. Anterior region: angled, rostrum and antirostrum blunt, excisura wide with acute, shallow notch. Posterior region: blunt.","Type: Sagittal, Side: Left otolith. Shape: oval, crenate dorsal and crenate ventral margins. Sulcus acusticus: heterosulcoid, ostial, inframedian. Ostium: tubular, shorter than cauda. Cauda: tubular, strongly curved. Anterior region: irregular to blunt, rostrum blunt and antirostrum poorly defined, notch poorly defined. Posterior region: flattened."
Brachypterois serrulata_Sp4_L (39).tif,oval,elliptical,"Type: Sagittal. Side: Left otolith. Shape: elliptical, sinuate to crenate dorsal and sinuate to crenate ventral margins. Sulcus acusticus: heterosulcoid, ostial, median. Ostium: Funnel-like. Cauda: tubular, slightly curved. Anterior region: angled to irregular, rostrum and antirostrum blunt, excisura wide with shallow, acute notch. Posterior region: blunt to round.","Type: Sagittal, Side: Left otolith. Shape: oval, crenate dorsal and crenate ventral margins. Sulcus acusticus: heterosulcoid, ostial, inframedian. Ostium: tubular, shorter than cauda. Cauda: tubular, strongly curved. Anterior region: irregular to blunt, rostrum blunt and antirostrum poorly defined, notch poorly defined. Posterior region: flattened."
Brachypterois serrulata_Sp4_L (4).tif,oval,elliptical,"Type: Sagittal. Side: Left otolith. Shape: elliptical, sinuate to crenate dorsal and sinuate to crenate ventral margins. Sulcus acusticus: heterosulcoid, ostial, median. Ostium: Funnel-like. Cauda: tubular, slightly curved. Anterior region: angled to irregular, rostrum and antirostrum blunt, excisura wide with shallow, acute notch. Posterior region: blunt.","Type: Sagittal, Side: Left otolith. Shape: oval, crenate dorsal and crenate ventral margins. Sulcus acusticus: heterosulcoid, ostial, inframedian. Ostium: tubular, shorter than cauda. Cauda: tubular, strongly curved. Anterior region: irregular to blunt, rostrum blunt and antirostrum poorly defined, notch poorly defined. Posterior region: flattened."
Brachypterois serrulata_Sp4_L (40).tif,oval,elliptical,"Type: Sagittal. Side: Right otolith. Shape: elliptical, sinuate to crenate dorsal and sinuate to crenate ventral margins. Sulcus acusticus: heterosulcoid, ostial, median. Ostium: Funnel-like. Cauda: tubular, slightly curved. Anterior region: angled to irregular, rostrum and antirostrum blunt, excisura wide with shallow, acute notch. Posterior region: blunt.","Type: Sagittal, Side: Left otolith. Shape: oval, crenate dorsal and crenate ventral margins. Sulcus acusticus: heterosulcoid, ostial, inframedian. Ostium: tubular, shorter than cauda. Cauda: tubular, strongly curved. Anterior region: irregular to blunt, rostrum blunt and antirostrum poorly defined, notch poorly defined. Posterior region: flattened."
Brachypterois serrulata_Sp4_L (41).tif,oval,elliptical,"Type: Sagittal. Side: Left otolith. Shape: elliptical, sinuate to crenate dorsal and sinuate to crenate ventral margins. Sulcus acusticus: heterosulcoid, ostial, median. Ostium: Funnel-like. Cauda: tubular, slightly curved. Anterior region: angled to irregular, rostrum and antirostrum blunt, excisura wide with shallow, acute notch. Posterior region: blunt.","Type: Sagittal, Side: Left otolith. Shape: oval, crenate dorsal and crenate ventral margins. Sulcus acusticus: heterosulcoid, ostial, inframedian. Ostium: tubular, shorter than cauda. Cauda: tubular, strongly curved. Anterior region: irregular to blunt, rostrum blunt and antirostrum poorly defined, notch poorly defined. Posterior region: flattened."
Brachypterois serrulata_Sp4_L (42).tif,oval,elliptical,"Type: Sagittal. Side: Left otolith. Shape: elliptical, sinuate to crenate dorsal and sinuate to crenate ventral margins. Sulcus acusticus: heterosulcoid, ostial, median. Ostium: Funnel-like. Cauda: tubular, slightly curved. Anterior region: angled to round, rostrum and antirostrum blunt, excisura wide with poorly defined notch. Posterior region: flattened to blunt.","Type: Sagittal, Side: Left otolith. Shape: oval, crenate dorsal and crenate ventral margins. Sulcus acusticus: heterosulcoid, ostial, inframedian. Ostium: tubular, shorter than cauda. Cauda: tubular, strongly curved. Anterior region: irregular to blunt, rostrum blunt and antirostrum poorly defined, notch poorly defined. Posterior region: flattened."
Brachypterois serrulata_Sp4_L (44).tif,oval,elliptical,"Type: Sagittal. Side: Left otolith. Shape: elliptical, sinuate to crenate dorsal and sinuate to crenate ventral margins. Sulcus acusticus: heterosulcoid, ostial, median. Ostium: Funnel-like. Cauda: tubular, slightly curved. Anterior region: angled to irregular, rostrum and antirostrum blunt, excisura wide with shallow, acute notch. Posterior region: blunt.","Type: Sagittal, Side: Left otolith. Shape: oval, crenate dorsal and crenate ventral margins. Sulcus acusticus: heterosulcoid, ostial, inframedian. Ostium: tubular, shorter than cauda. Cauda: tubular, strongly curved. Anterior region: irregular to blunt, rostrum blunt and antirostrum poorly defined, notch poorly defined. Posterior region: flattened."
Brachypterois serrulata_Sp4_L (45).tif,oval,elliptical,"Type: Sagittal. Side: Left otolith. Shape: elliptical, sinuate to crenate dorsal and sinuate to crenate ventral margins. Sulcus acusticus: heterosulcoid, ostial, median. Ostium: Funnel-like. Cauda: tubular, slightly curved. Anterior region: angled, rostrum and antirostrum blunt, excisura moderately widened with shallow, acute notch. Posterior region: blunt.","Type: Sagittal, Side: Left otolith. Shape: oval, crenate dorsal and crenate ventral margins. Sulcus acusticus: heterosulcoid, ostial, inframedian. Ostium: tubular, shorter than cauda. Cauda: tubular, strongly curved. Anterior region: irregular to blunt, rostrum blunt and antirostrum poorly defined, notch poorly defined. Posterior region: flattened."
Brachypterois serrulata_Sp4_L (46).tif,oval,elliptical,"Type: Sagittal. Side: Left otolith. Shape: elliptical, sinuate to crenate dorsal and sinuate to crenate ventral margins. Sulcus acusticus: heterosulcoid, ostial, median. Ostium: Funnel-like. Cauda: tubular, slightly curved. Anterior region: angled, rostrum and antirostrum blunt, excisura wide with acute, shallow notch. Posterior region: blunt.","Type: Sagittal, Side: Left otolith. Shape: oval, crenate dorsal and crenate ventral margins. Sulcus acusticus: heterosulcoid, ostial, inframedian. Ostium: tubular, shorter than cauda. Cauda: tubular, strongly curved. Anterior region: irregular to blunt, rostrum blunt and antirostrum poorly defined, notch poorly defined. Posterior region: flattened."
Brachypterois serrulata_Sp4_L (47).tif,oval,elliptical,"Type: Sagittal. Side: Left otolith. Shape: elliptical, sinuate to crenate dorsal and sinuate to crenate ventral margins. Sulcus acusticus: heterosulcoid, ostial, median. Ostium: Funnel-like. Cauda: tubular, slightly curved. Anterior region: angled, rostrum and antirostrum blunt, excisura wide with poorly defined notch. Posterior region: blunt.","Type: Sagittal, Side: Left otolith. Shape: oval, crenate dorsal and crenate ventral margins. Sulcus acusticus: heterosulcoid, ostial, inframedian. Ostium: tubular, shorter than cauda. Cauda: tubular, strongly curved. Anterior region: irregular to blunt, rostrum blunt and antirostrum poorly defined, notch poorly defined. Posterior region: flattened."
Brachypterois serrulata_Sp4_L (48).tif,oval,elliptical,"Type: Sagittal. Side: Right otolith. Shape: elliptical, sinuate to crenate dorsal and sinuate to crenate ventral margins. Sulcus acusticus: heterosulcoid, ostial, median. Ostium: Funnel-like. Cauda: tubular, slightly curved. Anterior region: angled to irregular, rostrum and antirostrum blunt, excisura wide with shallow, acute notch. Posterior region: blunt to round.","Type: Sagittal, Side: Left otolith. Shape: oval, crenate dorsal and crenate ventral margins. Sulcus acusticus: heterosulcoid, ostial, inframedian. Ostium: tubular, shorter than cauda. Cauda: tubular, strongly curved. Anterior region: irregular to blunt, rostrum blunt and antirostrum poorly defined, notch poorly defined. Posterior region: flattened."
Brachypterois serrulata_Sp4_L (5).tif,oval,elliptical,"Type: Sagittal. Side: Left otolith. Shape: elliptical, sinuate to crenate dorsal and sinuate to crenate ventral margins. Sulcus acusticus: heterosulcoid, ostial, median. Ostium: Funnel-like. Cauda: tubular, slightly curved. Anterior region: round, rostrum and antirostrum poorly defined, excisura poorly defined without notch. Posterior region: blunt.","Type: Sagittal, Side: Left otolith. Shape: oval, crenate dorsal and crenate ventral margins. Sulcus acusticus: heterosulcoid, ostial, inframedian. Ostium: tubular, shorter than cauda. Cauda: tubular, strongly curved. Anterior region: irregular to blunt, rostrum blunt and antirostrum poorly defined, notch poorly defined. Posterior region: flattened."
Brachypterois serrulata_Sp4_L (6).tif,oval,elliptical,"Type: Sagittal. Side: Left otolith. Shape: elliptical, sinuate to crenate dorsal and sinuate to crenate ventral margins. Sulcus acusticus: heterosulcoid, ostial, median. Ostium: Funnel-like. Cauda: tubular, slightly curved. Anterior region: angled to irregular, rostrum and antirostrum blunt, excisura wide with shallow, acute notch. Posterior region: blunt to round.","Type: Sagittal, Side: Left otolith. Shape: oval, crenate dorsal and crenate ventral margins. Sulcus acusticus: heterosulcoid, ostial, inframedian. Ostium: tubular, shorter than cauda. Cauda: tubular, strongly curved. Anterior region: irregular to blunt, rostrum blunt and antirostrum poorly defined, notch poorly defined. Posterior region: flattened."
Brachypterois serrulata_Sp4_L (67).tif,oval,elliptical,"Type: Sagittal. Side: Right otolith. Shape: elliptical, sinuate to crenate dorsal and sinuate to crenate ventral margins. Sulcus acusticus: heterosulcoid, ostial, median. Ostium: Funnel-like. Cauda: tubular, slightly curved. Anterior region: angled to round, rostrum and antirostrum blunt, excisura wide with shallow, acute notch. Posterior region: blunt to round.","Type: Sagittal, Side: Left otolith. Shape: oval, crenate dorsal and crenate ventral margins. Sulcus acusticus: heterosulcoid, ostial, inframedian. Ostium: tubular, shorter than cauda. Cauda: tubular, strongly curved. Anterior region: irregular to blunt, rostrum blunt and antirostrum poorly defined, notch poorly defined. Posterior region: flattened."
Brachypterois serrulata_Sp4_L (7).tif,oval,elliptical,"Type: Sagittal. Side: Left otolith. Shape: elliptical, sinuate to crenate dorsal and sinuate to crenate ventral margins. Sulcus acusticus: heterosulcoid, ostial, median. Ostium: Funnel-like. Cauda: tubular, slightly curved. Anterior region: blunt, rostrum and antirostrum blunt, excisura wide with poorly defined notch. Posterior region: blunt.","Type: Sagittal, Side: Left otolith. Shape: oval, crenate dorsal and crenate ventral margins. Sulcus acusticus: heterosulcoid, ostial, inframedian. Ostium: tubular, shorter than cauda. Cauda: tubular, strongly curved. Anterior region: irregular to blunt, rostrum blunt and antirostrum poorly defined, notch poorly defined. Posterior region: flattened."
Brachypterois serrulata_Sp4_L (70).tif,oval,elliptical,"Type: Sagittal. Side: Right otolith. Shape: elliptical, sinuate to crenate dorsal and sinuate to crenate ventral margins. Sulcus acusticus: heterosulcoid, ostial, median. Ostium: Funnel-like. Cauda: tubular, slightly curved. Anterior region: angled to irregular, rostrum and antirostrum blunt, excisura wide with shallow, acute notch. Posterior region: blunt to round.","Type: Sagittal, Side: Left otolith. Shape: oval, crenate dorsal and crenate ventral margins. Sulcus acusticus: heterosulcoid, ostial, inframedian. Ostium: tubular, shorter than cauda. Cauda: tubular, strongly curved. Anterior region: irregular to blunt, rostrum blunt and antirostrum poorly defined, notch poorly defined. Posterior region: flattened."
Brachypterois serrulata_Sp4_L (72).tif,oval,elliptical,"Type: Sagittal. Side: Left otolith. Shape: elliptical, sinuate to crenate dorsal and sinuate to crenate ventral margins. Sulcus acusticus: heterosulcoid, ostial, median. Ostium: Funnel-like. Cauda: tubular, slightly curved. Anterior region: blunt, rostrum and antirostrum blunt, excisura wide with poorly defined notch. Posterior region: blunt.","Type: Sagittal, Side: Left otolith. Shape: oval, crenate dorsal and crenate ventral margins. Sulcus acusticus: heterosulcoid, ostial, inframedian. Ostium: tubular, shorter than cauda. Cauda: tubular, strongly curved. Anterior region: irregular to blunt, rostrum blunt and antirostrum poorly defined, notch poorly defined. Posterior region: flattened."
Brachypterois serrulata_Sp4_L (74).tif,oval,elliptical,"Type: Sagittal. Side: Left otolith. Shape: elliptical, sinuate to crenate dorsal and sinuate to crenate ventral margins. Sulcus acusticus: heterosulcoid, ostial, median. Ostium: Funnel-like. Cauda: tubular, slightly curved. Anterior region: angled to irregular, rostrum and antirostrum blunt, excisura wide with shallow, acute notch. Posterior region: blunt to round.","Type: Sagittal, Side: Left otolith. Shape: oval, crenate dorsal and crenate ventral margins. Sulcus acusticus: heterosulcoid, ostial, inframedian. Ostium: tubular, shorter than cauda. Cauda: tubular, strongly curved. Anterior region: irregular to blunt, rostrum blunt and antirostrum poorly defined, notch poorly defined. Posterior region: flattened."
Brachypterois serrulata_Sp4_L (75).tif,oval,elliptical,"Type: Sagittal. Side: Left otolith. Shape: elliptical, sinuate to crenate dorsal and sinuate to crenate ventral margins. Sulcus acusticus: heterosulcoid, ostial, median. Ostium: Funnel-like. Cauda: tubular, slightly curved. Anterior region: angled to irregular, rostrum and antirostrum blunt, excisura wide with shallow, acute notch. Posterior region: blunt to round.","Type: Sagittal, Side: Left otolith. Shape: oval, crenate dorsal and crenate ventral margins. Sulcus acusticus: heterosulcoid, ostial, inframedian. Ostium: tubular, shorter than cauda. Cauda: tubular, strongly curved. Anterior region: irregular to blunt, rostrum blunt and antirostrum poorly defined, notch poorly defined. Posterior region: flattened."
Brachypterois serrulata_Sp4_L (76).tif,oval,elliptical,"Type: Sagittal. Side: Left otolith. Shape: elliptical, sinuate to crenate dorsal and sinuate to crenate ventral margins. Sulcus acusticus: heterosulcoid, ostial, median. Ostium: Funnel-like. Cauda: tubular, slightly curved. Anterior region: angled, rostrum and antirostrum blunt, excisura wide with shallow, acute notch. Posterior region: blunt.","Type: Sagittal, Side: Left otolith. Shape: oval, crenate dorsal and crenate ventral margins. Sulcus acusticus: heterosulcoid, ostial, inframedian. Ostium: tubular, shorter than cauda. Cauda: tubular, strongly curved. Anterior region: irregular to blunt, rostrum blunt and antirostrum poorly defined, notch poorly defined. Posterior region: flattened."
Brachypterois serrulata_Sp4_L (77).tif,oval,elliptical,"Type: Sagittal. Side: Left otolith. Shape: elliptical, sinuate to crenate dorsal and sinuate to crenate ventral margins. Sulcus acusticus: heterosulcoid, ostial, median. Ostium: Funnel-like. Cauda: tubular, slightly curved. Anterior region: angled to irregular, rostrum and antirostrum blunt, excisura wide with shallow, acute notch. Posterior region: blunt to round.","Type: Sagittal, Side: Left otolith. Shape: oval, crenate dorsal and crenate ventral margins. Sulcus acusticus: heterosulcoid, ostial, inframedian. Ostium: tubular, shorter than cauda. Cauda: tubular, strongly curved. Anterior region: irregular to blunt, rostrum blunt and antirostrum poorly defined, notch poorly defined. Posterior region: flattened."
Brachypterois serrulata_Sp4_L (78).tif,oval,elliptical,"Type: Sagittal. Side: Left otolith. Shape: elliptical, sinuate to crenate dorsal and sinuate to crenate ventral margins. Sulcus acusticus: heterosulcoid, ostial, median. Ostium: Funnel-like. Cauda: tubular, slightly curved. Anterior region: angled to irregular, rostrum and antirostrum blunt, excisura wide with shallow, acute notch. Posterior region: blunt.","Type: Sagittal, Side: Left otolith. Shape: oval, crenate dorsal and crenate ventral margins. Sulcus acusticus: heterosulcoid, ostial, inframedian. Ostium: tubular, shorter than cauda. Cauda: tubular, strongly curved. Anterior region: irregular to blunt, rostrum blunt and antirostrum poorly defined, notch poorly defined. Posterior region: flattened."
Brachypterois serrulata_Sp4_L (79).tif,oval,elliptical,"Type: Sagittal. Side: Left otolith. Shape: elliptical, sinuate to crenate dorsal and sinuate to crenate ventral margins. Sulcus acusticus: heterosulcoid, ostial, median. Ostium: Funnel-like. Cauda: tubular, slightly curved. Anterior region: angled to irregular, rostrum and antirostrum blunt, excisura wide with shallow, acute notch. Posterior region: blunt to round.","Type: Sagittal, Side: Left otolith. Shape: oval, crenate dorsal and crenate ventral margins. Sulcus acusticus: heterosulcoid, ostial, inframedian. Ostium: tubular, shorter than cauda. Cauda: tubular, strongly curved. Anterior region: irregular to blunt, rostrum blunt and antirostrum poorly defined, notch poorly defined. Posterior region: flattened."
Brachypterois serrulata_Sp4_L (8).tif,oval,elliptical,"Type: Sagittal. Side: Left otolith. Shape: elliptical, sinuate to crenate dorsal and sinuate to crenate ventral margins. Sulcus acusticus: heterosulcoid, ostial, median. Ostium: Funnel-like. Cauda: tubular, slightly curved. Anterior region: blunt, rostrum and antirostrum blunt, excisura wide with poorly defined notch. Posterior region: blunt.","Type: Sagittal, Side: Left otolith. Shape: oval, crenate dorsal and crenate ventral margins. Sulcus acusticus: heterosulcoid, ostial, inframedian. Ostium: tubular, shorter than cauda. Cauda: tubular, strongly curved. Anterior region: irregular to blunt, rostrum blunt and antirostrum poorly defined, notch poorly defined. Posterior region: flattened."
Brachypterois serrulata_Sp4_L (80).tif,oval,elliptical,"Type: Sagittal. Side: Left otolith. Shape: elliptical, sinuate to crenate dorsal and sinuate to crenate ventral margins. Sulcus acusticus: heterosulcoid, ostial, median. Ostium: Funnel-like. Cauda: tubular, slightly curved. Anterior region: angled to irregular, rostrum and antirostrum blunt, excisura wide with shallow, acute notch. Posterior region: blunt to round.","Type: Sagittal, Side: Left otolith. Shape: oval, crenate dorsal and crenate ventral margins. Sulcus acusticus: heterosulcoid, ostial, inframedian. Ostium: tubular, shorter than cauda. Cauda: tubular, strongly curved. Anterior region: irregular to blunt, rostrum blunt and antirostrum poorly defined, notch poorly defined. Posterior region: flattened."
Brachypterois serrulata_Sp4_L (81).tif,oval,elliptical,"Type: Sagittal. Side: Left otolith. Shape: elliptical, sinuate to crenate dorsal and sinuate to crenate ventral margins. Sulcus acusticus: heterosulcoid, ostial, median. Ostium: Funnel-like. Cauda: tubular, slightly curved. Anterior region: angled to irregular, rostrum and antirostrum blunt, excisura wide with shallow, acute notch. Posterior region: blunt.","Type: Sagittal, Side: Left otolith. Shape: oval, crenate dorsal and crenate ventral margins. Sulcus acusticus: heterosulcoid, ostial, inframedian. Ostium: tubular, shorter than cauda. Cauda: tubular, strongly curved. Anterior region: irregular to blunt, rostrum blunt and antirostrum poorly defined, notch poorly defined. Posterior region: flattened."
Brachypterois serrulata_Sp4_L (82).tif,oval,elliptical,"Type: Sagittal. Side: Left otolith. Shape: elliptical, sinuate to crenate dorsal and sinuate to crenate ventral margins. Sulcus acusticus: heterosulcoid, ostial, median. Ostium: Funnel-like. Cauda: tubular, slightly curved. Anterior region: angled to irregular, rostrum and antirostrum blunt, excisura wide with shallow, acute notch. Posterior region: blunt.","Type: Sagittal, Side: Left otolith. Shape: oval, crenate dorsal and crenate ventral margins. Sulcus acusticus: heterosulcoid, ostial, inframedian. Ostium: tubular, shorter than cauda. Cauda: tubular, strongly curved. Anterior region: irregular to blunt, rostrum blunt and antirostrum poorly defined, notch poorly defined. Posterior region: flattened."
Brachypterois serrulata_Sp4_L (83).tif,oval,elliptical,"Type: Sagittal. Side: Left otolith. Shape: elliptical, sinuate to crenate dorsal and sinuate to crenate ventral margins. Sulcus acusticus: heterosulcoid, ostial, median. Ostium: Funnel-like. Cauda: tubular, slightly curved. Anterior region: angled to irregular, rostrum and antirostrum blunt, excisura wide with shallow, acute notch. Posterior region: blunt to round.","Type: Sagittal, Side: Left otolith. Shape: oval, crenate dorsal and crenate ventral margins. Sulcus acusticus: heterosulcoid, ostial, inframedian. Ostium: tubular, shorter than cauda. Cauda: tubular, strongly curved. Anterior region: irregular to blunt, rostrum blunt and antirostrum poorly defined, notch poorly defined. Posterior region: flattened."
Brachypterois serrulata_Sp4_L (9).tif,oval,elliptical,"Type: Sagittal. Side: Left otolith. Shape: elliptical, sinuate to crenate dorsal and sinuate to crenate ventral margins. Sulcus acusticus: heterosulcoid, ostial, median. Ostium: Funnel-like. Cauda: tubular, slightly curved. Anterior region: angled to irregular, rostrum and antirostrum blunt, excisura wide with shallow, acute notch. Posterior region: blunt to round.","Type: Sagittal, Side: Left otolith. Shape: oval, crenate dorsal and crenate ventral margins. Sulcus acusticus: heterosulcoid, ostial, inframedian. Ostium: tubular, shorter than cauda. Cauda: tubular, strongly curved. Anterior region: irregular to blunt, rostrum blunt and antirostrum poorly defined, notch poorly defined. Posterior region: flattened."
Brachypterois serrulata_Sp4_L (97).tif,oval,elliptical,"Type: Sagittal. Side: Left otolith. Shape: elliptical, sinuate to crenate dorsal and sinuate to crenate ventral margins. Sulcus acusticus: heterosulcoid, ostial, median. Ostium: Funnel-like. Cauda: tubular, slightly curved. Anterior region: angled to round, rostrum and antirostrum blunt, excisura wide with poorly defined notch. Posterior region: blunt to round.","Type: Sagittal, Side: Left otolith. Shape: oval, crenate dorsal and crenate ventral margins. Sulcus acusticus: heterosulcoid, ostial, inframedian. Ostium: tubular, shorter than cauda. Cauda: tubular, strongly curved. Anterior region: irregular to blunt, rostrum blunt and antirostrum poorly defined, notch poorly defined. Posterior region: flattened."
Brachypterois serrulata_Sp4_R (1).tif,oval,elliptical,"Type: Sagittal. Side: Right otolith. Shape: elliptical, sinuate to crenate dorsal and sinuate to crenate ventral margins. Sulcus acusticus: heterosulcoid, ostial, median. Ostium: Funnel-like. Cauda: tubular, slightly curved. Anterior region: angled to round, rostrum and antirostrum blunt, excisura wide with shallow, acute notch. Posterior region: blunt to round.","Type: Sagittal, Side: Right otolith. Shape: oval, lobed to crenate dorsal and crenate ventral margins. Sulcus acusticus: heterosulcoid, ostial, inframedian. Ostium: tubular, shorter than cauda. Cauda: tubular, strongly curved. Anterior region: irregular to blunt, rostrum blunt and antirostrum poorly defined, notch poorly defined. Posterior region: flattened."
Brachypterois serrulata_Sp4_R (10).tif,oval,elliptical,"Type: Sagittal. Side: Right otolith. Shape: elliptical, sinuate to crenate dorsal and sinuate to crenate ventral margins. Sulcus acusticus: heterosulcoid, ostial, median. Ostium: Funnel-like. Cauda: tubular, slightly curved. Anterior region: angled to round, rostrum and antirostrum blunt, excisura wide with shallow, acute notch. Posterior region: blunt to round.","Type: Sagittal, Side: Right otolith. Shape: oval, lobed to crenate dorsal and crenate ventral margins. Sulcus acusticus: heterosulcoid, ostial, inframedian. Ostium: tubular, shorter than cauda. Cauda: tubular, strongly curved. Anterior region: irregular to blunt, rostrum blunt and antirostrum poorly defined, notch poorly defined. Posterior region: flattened."
Brachypterois serrulata_Sp4_R (11).tif,oval,elliptical,"Type: Sagittal. Side: Right otolith. Shape: elliptical, sinuate to crenate dorsal and sinuate to crenate ventral margins. Sulcus acusticus: heterosulcoid, ostial, median. Ostium: Funnel-like. Cauda: tubular, slightly curved. Anterior region: angled to irregular, rostrum and antirostrum blunt, excisura wide with shallow, acute notch. Posterior region: angled to irregular.","Type: Sagittal, Side: Right otolith. Shape: oval, lobed to crenate dorsal and crenate ventral margins. Sulcus acusticus: heterosulcoid, ostial, inframedian. Ostium: tubular, shorter than cauda. Cauda: tubular, strongly curved. Anterior region: irregular to blunt, rostrum blunt and antirostrum poorly defined, notch poorly defined. Posterior region: flattened."
Brachypterois serrulata_Sp4_R (12).tif,oval,elliptical,"Type: Sagittal. Side: Right otolith. Shape: elliptical, sinuate to crenate dorsal and sinuate to crenate ventral margins. Sulcus acusticus: heterosulcoid, ostial, median. Ostium: Funnel-like. Cauda: tubular, slightly curved. Anterior region: angled to round, rostrum and antirostrum blunt, excisura wide with shallow, acute notch. Posterior region: blunt to round.","Type: Sagittal, Side: Right otolith. Shape: oval, lobed to crenate dorsal and crenate ventral margins. Sulcus acusticus: heterosulcoid, ostial, inframedian. Ostium: tubular, shorter than cauda. Cauda: tubular, strongly curved. Anterior region: irregular to blunt, rostrum blunt and antirostrum poorly defined, notch poorly defined. Posterior region: flattened."
Brachypterois serrulata_Sp4_R (2).tif,oval,elliptical,"Type: Sagittal. Side: Right otolith. Shape: elliptical, sinuate to crenate dorsal and sinuate to crenate ventral margins. Sulcus acusticus: heterosulcoid, ostial, median. Ostium: Funnel-like. Cauda: tubular, slightly curved. Anterior region: angled to round, rostrum and antirostrum blunt, excisura wide with wide, shallow notch. Posterior region: blunt to round.","Type: Sagittal, Side: Right otolith. Shape: oval, lobed to crenate dorsal and crenate ventral margins. Sulcus acusticus: heterosulcoid, ostial, inframedian. Ostium: tubular, shorter than cauda. Cauda: tubular, strongly curved. Anterior region: irregular to blunt, rostrum blunt and antirostrum poorly defined, notch poorly defined. Posterior region: flattened."
Brachypterois serrulata_Sp4_R (3).tif,oval,elliptical,"Type: Sagittal. Side: Right otolith. Shape: elliptical, sinuate to crenate dorsal and sinuate to crenate ventral margins. Sulcus acusticus: heterosulcoid, ostial, median. Ostium: Funnel-like. Cauda: tubular, slightly curved. Anterior region: angled to round, rostrum and antirostrum blunt, excisura wide with shallow, acute notch. Posterior region: flattened.","Type: Sagittal, Side: Right otolith. Shape: oval, lobed to crenate dorsal and crenate ventral margins. Sulcus acusticus: heterosulcoid, ostial, inframedian. Ostium: tubular, shorter than cauda. Cauda: tubular, strongly curved. Anterior region: irregular to blunt, rostrum blunt and antirostrum poorly defined, notch poorly defined. Posterior region: flattened."
Brachypterois serrulata_Sp4_R (4).tif,oval,elliptical,"Type: Sagittal. Side: Right otolith. Shape: elliptical, sinuate to crenate dorsal and sinuate to crenate ventral margins. Sulcus acusticus: heterosulcoid, ostial, median. Ostium: Funnel-like. Cauda: tubular, slightly curved. Anterior region: angled to round, rostrum and antirostrum blunt, excisura wide with shallow, acute notch. Posterior region: blunt to round.","Type: Sagittal, Side: Right otolith. Shape: oval, lobed to crenate dorsal and crenate ventral margins. Sulcus acusticus: heterosulcoid, ostial, inframedian. Ostium: tubular, shorter than cauda. Cauda: tubular, strongly curved. Anterior region: irregular to blunt, rostrum blunt and antirostrum poorly defined, notch poorly defined. Posterior region: flattened."
Brachypterois serrulata_Sp4_R (5).tif,oval,elliptical,"Type: Sagittal. Side: Right otolith. Shape: elliptical, sinuate to crenate dorsal and sinuate to crenate ventral margins. Sulcus acusticus: heterosulcoid, ostial, median. Ostium: Funnel-like. Cauda: tubular, slightly curved. Anterior region: angled to round, rostrum and antirostrum blunt, excisura wide with shallow, acute notch. Posterior region: flattened.","Type: Sagittal, Side: Right otolith. Shape: oval, lobed to crenate dorsal and crenate ventral margins. Sulcus acusticus: heterosulcoid, ostial, inframedian. Ostium: tubular, shorter than cauda. Cauda: tubular, strongly curved. Anterior region: irregular to blunt, rostrum blunt and antirostrum poorly defined, notch poorly defined. Posterior region: flattened."
Brachypterois serrulata_Sp4_R (6).tif,oval,elliptical,"Type: Sagittal. Side: Right otolith. Shape: elliptical, sinuate to crenate dorsal and sinuate to crenate ventral margins. Sulcus acusticus: heterosulcoid, ostial, median. Ostium: Funnel-like. Cauda: tubular, slightly curved. Anterior region: angled to round, rostrum and antirostrum blunt, excisura wide with shallow, acute notch. Posterior region: blunt to round.","Type: Sagittal, Side: Right otolith. Shape: oval, lobed to crenate dorsal and crenate ventral margins. Sulcus acusticus: heterosulcoid, ostial, inframedian. Ostium: tubular, shorter than cauda. Cauda: tubular, strongly curved. Anterior region: irregular to blunt, rostrum blunt and antirostrum poorly defined, notch poorly defined. Posterior region: flattened."
Brachypterois serrulata_Sp4_R (7).tif,oval,elliptical,"Type: Sagittal. Side: Right otolith. Shape: elliptical, sinuate to crenate dorsal and sinuate to crenate ventral margins. Sulcus acusticus: heterosulcoid, ostial, median. Ostium: Funnel-like. Cauda: tubular, slightly curved. Anterior region: angled to round, rostrum and antirostrum blunt, excisura wide with shallow, acute notch. Posterior region: blunt to round.","Type: Sagittal, Side: Right otolith. Shape: oval, lobed to crenate dorsal and crenate ventral margins. Sulcus acusticus: heterosulcoid, ostial, inframedian. Ostium: tubular, shorter than cauda. Cauda: tubular, strongly curved. Anterior region: irregular to blunt, rostrum blunt and antirostrum poorly defined, notch poorly defined. Posterior region: flattened."
Brachypterois serrulata_Sp4_R (73).tif,oval,elliptical,"Type: Sagittal. Side: Right otolith. Shape: elliptical, sinuate to crenate dorsal and sinuate to crenate ventral margins. Sulcus acusticus: heterosulcoid, ostial, median. Ostium: Funnel-like. Cauda: tubular, slightly curved. Anterior region: angled to irregular, rostrum and antirostrum blunt, excisura narrow with shallow, acute notch. Posterior region: blunt.","Type: Sagittal, Side: Right otolith. Shape: oval, lobed to crenate dorsal and crenate ventral margins. Sulcus acusticus: heterosulcoid, ostial, inframedian. Ostium: tubular, shorter than cauda. Cauda: tubular, strongly curved. Anterior region: irregular to blunt, rostrum blunt and antirostrum poorly defined, notch poorly defined. Posterior region: flattened."
Brachypterois serrulata_Sp4_R (8).tif,oval,elliptical,"Type: Sagittal. Side: Right otolith. Shape: elliptical, sinuate to crenate dorsal and sinuate to crenate ventral margins. Sulcus acusticus: heterosulcoid, ostial, median. Ostium: Funnel-like. Cauda: tubular, slightly curved. Anterior region: angled to round, rostrum and antirostrum blunt, excisura wide with shallow, acute notch. Posterior region: flattened.","Type: Sagittal, Side: Right otolith. Shape: oval, lobed to crenate dorsal and crenate ventral margins. Sulcus acusticus: heterosulcoid, ostial, inframedian. Ostium: tubular, shorter than cauda. Cauda: tubular, strongly curved. Anterior region: irregular to blunt, rostrum blunt and antirostrum poorly defined, notch poorly defined. Posterior region: flattened."
Brachypterois serrulata_Sp4_R (9).tif,oval,elliptical,"Type: Sagittal. Side: Right otolith. Shape: elliptical, sinuate to crenate dorsal and sinuate to crenate ventral margins. Sulcus acusticus: heterosulcoid, ostial, median. Ostium: Funnel-like. Cauda: tubular, slightly curved. Anterior region: angled to round, rostrum and antirostrum blunt, excisura wide with shallow, acute notch. Posterior region: blunt to round.","Type: Sagittal, Side: Right otolith. Shape: oval, lobed to crenate dorsal and crenate ventral margins. Sulcus acusticus: heterosulcoid, ostial, inframedian. Ostium: tubular, shorter than cauda. Cauda: tubular, strongly curved. Anterior region: irregular to blunt, rostrum blunt and antirostrum poorly defined, notch poorly defined. Posterior region: flattened."
ChM C 2.0X DORSAL1.tif,cuneiform to elliptical,fusiform,"Type: Sagittal. Side: Right otolith. Shape: fusiform, crenate dorsal and sinuate ventral margins. Sulcus acusticus: heterosulcoid, ostial, median. Ostium: Funnel-like. Cauda: tubular, slightly curved. Anterior region: blunt, rostrum and antirostrum blunt excisura moderately narrow with shallow wide notch.  Posterior region: blunt.","Type: Sagittal. Side: Right otolith. Shape: cuneiform to elliptical, irregular dorsal and sinuate ventral margins. Sulcus acusticus: heterosulcoid, ostial, median. Ostium: Funnel-like. Cauda: tubular, slightly curved. Anterior region: angled, rostrum and antirostrum blunt, excisura moderately narrow with shallow wide notch or poorly defined.  Posterior region: blunt."
ChM C 2.0X DORSAL2.tif,cuneiform to elliptical,fusiform,"Type: Sagittal. Side: Right otolith. Shape: fusiform, crenate dorsal and sinuate ventral margins. Sulcus acusticus: heterosulcoid, ostial, median. Ostium: Funnel-like. Cauda: tubular, slightly curved. Anterior region: blunt, rostrum and antirostrum blunt excisura moderately narrow with shallow wide notch.  Posterior region: blunt.","Type: Sagittal. Side: Right otolith. Shape: cuneiform to elliptical, irregular dorsal and sinuate ventral margins. Sulcus acusticus: heterosulcoid, ostial, median. Ostium: Funnel-like. Cauda: tubular, slightly curved. Anterior region: angled, rostrum and antirostrum blunt, excisura moderately narrow with shallow wide notch or poorly defined.  Posterior region: blunt."
Coryphaenoides sp_Sp10_L (10).tif,oval to elliptic,oval to elliptical,"Type: Sagittal. Side: Right otolith. Shape: oval to elliptical, lobed dorsal and ventral margins, Sulcus acusticus: homosulcoid, mesial, median. Ostium: tubular, Cauda: tubular, straight. Anterior region: round, rostrum and antirostrum poorly defined, notch absent. Posterior region: round","Type: Sagittal. Side: Left otolith. Shape: oval to elliptic, lobed dorsal and sinuate ventral margins, Sulcus acusticus: homosulcoid, para-ostial, median. Ostium: tubular. Cauda: tubular, straight. Anterior region: round, rostrum and antirostrum poorly defined, notch absent. Posterior region: double-peaked."
Coryphaenoides sp_Sp10_L (11).tif,oval to elliptic,oval to elliptical,"Type: Sagittal. Side: Right otolith. Shape: oval to elliptical, lobed dorsal and ventral margins, Sulcus acusticus: homosulcoid, mesial, median. Ostium: tubular, Cauda: tubular, straight. Anterior region: round, rostrum and antirostrum poorly defined, notch absent. Posterior region: round","Type: Sagittal. Side: Left otolith. Shape: oval to elliptic, lobed dorsal and sinuate ventral margins, Sulcus acusticus: homosulcoid, para-ostial, median. Ostium: tubular. Cauda: tubular, straight. Anterior region: round, rostrum and antirostrum poorly defined, notch absent. Posterior region: double-peaked."
Coryphaenoides sp_Sp10_L (12).tif,oval to elliptic,oval to elliptical,"Type: Sagittal. Side: Right otolith. Shape: oval to elliptical, lobed dorsal and ventral margins, Sulcus acusticus: homosulcoid, mesial, median. Ostium: tubular, Cauda: tubular, straight. Anterior region: round, rostrum and antirostrum poorly defined, notch absent. Posterior region: round.","Type: Sagittal. Side: Left otolith. Shape: oval to elliptic, lobed dorsal and sinuate ventral margins, Sulcus acusticus: homosulcoid, para-ostial, median. Ostium: tubular. Cauda: tubular, straight. Anterior region: round, rostrum and antirostrum poorly defined, notch absent. Posterior region: double-peaked."
Coryphaenoides sp_Sp10_L (13).tif,oval to elliptic,oval to elliptical,"Type: Sagittal. Side: Right otolith. Shape: oval to elliptical, lobed dorsal and ventral margins, Sulcus acusticus: homosulcoid, mesial, median. Ostium: tubular, Cauda: tubular, straight. Anterior region: round, rostrum and antirostrum poorly defined, notch absent. Posterior region: round","Type: Sagittal. Side: Left otolith. Shape: oval to elliptic, lobed dorsal and sinuate ventral margins, Sulcus acusticus: homosulcoid, para-ostial, median. Ostium: tubular. Cauda: tubular, straight. Anterior region: round, rostrum and antirostrum poorly defined, notch absent. Posterior region: double-peaked."
Coryphaenoides sp_Sp10_L (14).tif,oval to elliptic,oval to elliptical,"Type: Sagittal. Side: Right otolith. Shape: oval to elliptical, lobed dorsal and ventral margins, Sulcus acusticus: homosulcoid, mesial, median. Ostium: tubular, Cauda: tubular, straight. Anterior region: round, rostrum and antirostrum poorly defined, notch absent. Posterior region: round","Type: Sagittal. Side: Left otolith. Shape: oval to elliptic, lobed dorsal and sinuate ventral margins, Sulcus acusticus: homosulcoid, para-ostial, median. Ostium: tubular. Cauda: tubular, straight. Anterior region: round, rostrum and antirostrum poorly defined, notch absent. Posterior region: double-peaked."
Coryphaenoides sp_Sp10_L (15).tif,oval to elliptic,oval to elliptical,"Type: Sagittal. Side: Right otolith. Shape: oval to elliptical, lobed dorsal and ventral margins, Sulcus acusticus: homosulcoid, mesial, median. Ostium: tubular, Cauda: tubular, straight. Anterior region: round, rostrum and antirostrum poorly defined, notch absent. Posterior region: round","Type: Sagittal. Side: Left otolith. Shape: oval to elliptic, lobed dorsal and sinuate ventral margins, Sulcus acusticus: homosulcoid, para-ostial, median. Ostium: tubular. Cauda: tubular, straight. Anterior region: round, rostrum and antirostrum poorly defined, notch absent. Posterior region: double-peaked."
Coryphaenoides sp_Sp10_L (16).tif,oval to elliptic,oval to elliptical,"Type: Sagittal. Side: Right otolith. Shape: oval to elliptical, lobed dorsal and ventral margins, Sulcus acusticus: homosulcoid, mesial, median. Ostium: tubular, Cauda: tubular, straight. Anterior region: round, rostrum and antirostrum poorly defined, notch absent. Posterior region: round","Type: Sagittal. Side: Left otolith. Shape: oval to elliptic, lobed dorsal and sinuate ventral margins, Sulcus acusticus: homosulcoid, para-ostial, median. Ostium: tubular. Cauda: tubular, straight. Anterior region: round, rostrum and antirostrum poorly defined, notch absent. Posterior region: double-peaked."
Coryphaenoides sp_Sp10_L (17).tif,oval to elliptic,oval to elliptical,"Type: Sagittal. Side: Right otolith. Shape: oval to elliptical, lobed dorsal and ventral margins, Sulcus acusticus: homosulcoid, mesial, median. Ostium: tubular, Cauda: tubular, straight. Anterior region: round, rostrum and antirostrum poorly defined, notch absent. Posterior region: peaked.","Type: Sagittal. Side: Left otolith. Shape: oval to elliptic, lobed dorsal and sinuate ventral margins, Sulcus acusticus: homosulcoid, para-ostial, median. Ostium: tubular. Cauda: tubular, straight. Anterior region: round, rostrum and antirostrum poorly defined, notch absent. Posterior region: double-peaked."
Coryphaenoides sp_Sp10_L (18).tif,oval to elliptic,oval to elliptical,"Type: Sagittal. Side: Right otolith. Shape: oval to elliptical, lobed dorsal and ventral margins, Sulcus acusticus: homosulcoid, mesial, median. Ostium: tubular, Cauda: tubular, straight. Anterior region: round, rostrum and antirostrum poorly defined, notch absent. Posterior region: round","Type: Sagittal. Side: Left otolith. Shape: oval to elliptic, lobed dorsal and sinuate ventral margins, Sulcus acusticus: homosulcoid, para-ostial, median. Ostium: tubular. Cauda: tubular, straight. Anterior region: round, rostrum and antirostrum poorly defined, notch absent. Posterior region: double-peaked."
Coryphaenoides sp_Sp10_L (19).tif,oval to elliptic,oval to elliptical,"Type: Sagittal. Side: Right otolith. Shape: oval to elliptical, lobed dorsal and ventral margins, Sulcus acusticus: homosulcoid, mesial, median. Ostium: tubular, Cauda: tubular, straight. Anterior region: round, rostrum and antirostrum poorly defined, notch absent. Posterior region: round","Type: Sagittal. Side: Left otolith. Shape: oval to elliptic, lobed dorsal and sinuate ventral margins, Sulcus acusticus: homosulcoid, para-ostial, median. Ostium: tubular. Cauda: tubular, straight. Anterior region: round, rostrum and antirostrum poorly defined, notch absent. Posterior region: double-peaked."
Coryphaenoides sp_Sp10_L (20).tif,oval to elliptic,oval to elliptical,"Type: Sagittal. Side: Right otolith. Shape: oval to elliptical, lobed dorsal and entire to sinuate ventral margins, Sulcus acusticus: homosulcoid, mesial, median. Ostium: tubular, Cauda: tubular, straight. Anterior region: round, rostrum and antirostrum poorly defined, notch absent. Posterior region: round.","Type: Sagittal. Side: Left otolith. Shape: oval to elliptic, lobed dorsal and sinuate ventral margins, Sulcus acusticus: homosulcoid, para-ostial, median. Ostium: tubular. Cauda: tubular, straight. Anterior region: round, rostrum and antirostrum poorly defined, notch absent. Posterior region: double-peaked."
Coryphaenoides sp_Sp10_L (21).tif,oval to elliptic,oval to elliptical,"Type: Sagittal. Side: Right otolith. Shape: oval to elliptical, lobed dorsal and ventral margins, Sulcus acusticus: homosulcoid, mesial, median. Ostium: tubular, Cauda: tubular, straight. Anterior region: round, rostrum and antirostrum poorly defined, notch absent. Posterior region: round.","Type: Sagittal. Side: Left otolith. Shape: oval to elliptic, lobed dorsal and sinuate ventral margins, Sulcus acusticus: homosulcoid, para-ostial, median. Ostium: tubular. Cauda: tubular, straight. Anterior region: round, rostrum and antirostrum poorly defined, notch absent. Posterior region: double-peaked."
Coryphaenoides sp_Sp10_L (22).tif,oval to elliptic,oval to elliptical,"Type: Sagittal. Side: Right otolith. Shape: oval to elliptical, lobed dorsal and ventral margins, Sulcus acusticus: homosulcoid, mesial, median. Ostium: tubular, Cauda: tubular, straight. Anterior region: round, rostrum and antirostrum poorly defined, notch absent. Posterior region: round.","Type: Sagittal. Side: Left otolith. Shape: oval to elliptic, lobed dorsal and sinuate ventral margins, Sulcus acusticus: homosulcoid, para-ostial, median. Ostium: tubular. Cauda: tubular, straight. Anterior region: round, rostrum and antirostrum poorly defined, notch absent. Posterior region: double-peaked."
Coryphaenoides sp_Sp10_L (23).tif,oval to elliptic,oval to elliptical,"Type: Sagittal. Side: Right otolith. Shape: oval to elliptical, lobed dorsal and ventral margins, Sulcus acusticus: homosulcoid, mesial, median. Ostium: tubular, Cauda: tubular, straight. Anterior region: round, rostrum and antirostrum poorly defined, notch absent. Posterior region: round.","Type: Sagittal. Side: Left otolith. Shape: oval to elliptic, lobed dorsal and sinuate ventral margins, Sulcus acusticus: homosulcoid, para-ostial, median. Ostium: tubular. Cauda: tubular, straight. Anterior region: round, rostrum and antirostrum poorly defined, notch absent. Posterior region: double-peaked."
Coryphaenoides sp_Sp10_L (24).tif,oval to elliptic,oval to elliptical,"Type: Sagittal. Side: Right otolith. Shape: oval to elliptical, lobed dorsal and ventral margins, Sulcus acusticus: homosulcoid, mesial, median. Ostium: tubular, Cauda: tubular, straight. Anterior region: round, rostrum and antirostrum poorly defined, notch absent. Posterior region: round.","Type: Sagittal. Side: Left otolith. Shape: oval to elliptic, lobed dorsal and sinuate ventral margins, Sulcus acusticus: homosulcoid, para-ostial, median. Ostium: tubular. Cauda: tubular, straight. Anterior region: round, rostrum and antirostrum poorly defined, notch absent. Posterior region: double-peaked."
Coryphaenoides sp_Sp10_L (25).tif,oval to elliptic,oval to elliptical,"Type: Sagittal. Side: Right otolith. Shape: oval to elliptical, lobed dorsal and ventral margins, Sulcus acusticus: homosulcoid, mesial, median. Ostium: tubular, Cauda: tubular, straight. Anterior region: round, rostrum and antirostrum poorly defined, notch absent. Posterior region: round","Type: Sagittal. Side: Left otolith. Shape: oval to elliptic, lobed dorsal and sinuate ventral margins, Sulcus acusticus: homosulcoid, para-ostial, median. Ostium: tubular. Cauda: tubular, straight. Anterior region: round, rostrum and antirostrum poorly defined, notch absent. Posterior region: double-peaked."
Coryphaenoides sp_Sp10_L (26).tif,oval to elliptic,oval to elliptical,"Type: Sagittal. Side: Right otolith. Shape: oval to elliptical, lobed dorsal and ventral margins, Sulcus acusticus: homosulcoid, mesial, median. Ostium: tubular, Cauda: tubular, straight. Anterior region: round, rostrum and antirostrum poorly defined, notch absent. Posterior region: round.","Type: Sagittal. Side: Left otolith. Shape: oval to elliptic, lobed dorsal and sinuate ventral margins, Sulcus acusticus: homosulcoid, para-ostial, median. Ostium: tubular. Cauda: tubular, straight. Anterior region: round, rostrum and antirostrum poorly defined, notch absent. Posterior region: double-peaked."
Coryphaenoides sp_Sp10_L (27).tif,oval to elliptic,oval to elliptical,"Type: Sagittal. Side: Right otolith. Shape: oval to elliptical, lobed dorsal and ventral margins, Sulcus acusticus: homosulcoid, mesial, median. Ostium: tubular, Cauda: tubular, straight. Anterior region: round, rostrum and antirostrum poorly defined, notch absent. Posterior region: round","Type: Sagittal. Side: Left otolith. Shape: oval to elliptic, lobed dorsal and sinuate ventral margins, Sulcus acusticus: homosulcoid, para-ostial, median. Ostium: tubular. Cauda: tubular, straight. Anterior region: round, rostrum and antirostrum poorly defined, notch absent. Posterior region: double-peaked."
Coryphaenoides sp_Sp10_L (28).tif,oval to elliptic,oval to elliptical,"Type: Sagittal. Side: Right otolith. Shape: oval to elliptical, lobed dorsal and ventral margins, Sulcus acusticus: homosulcoid, mesial, median. Ostium: tubular, Cauda: tubular, straight. Anterior region: round, rostrum and antirostrum poorly defined, notch absent. Posterior region: round","Type: Sagittal. Side: Left otolith. Shape: oval to elliptic, lobed dorsal and sinuate ventral margins, Sulcus acusticus: homosulcoid, para-ostial, median. Ostium: tubular. Cauda: tubular, straight. Anterior region: round, rostrum and antirostrum poorly defined, notch absent. Posterior region: double-peaked."
Coryphaenoides sp_Sp10_L (29).tif,oval to elliptic,oval to elliptical,"Type: Sagittal. Side: Right otolith. Shape: oval to elliptical, lobed dorsal and ventral margins, Sulcus acusticus: homosulcoid, mesial, median. Ostium: tubular, Cauda: tubular, straight. Anterior region: round, rostrum and antirostrum poorly defined, notch absent. Posterior region: round","Type: Sagittal. Side: Left otolith. Shape: oval to elliptic, lobed dorsal and sinuate ventral margins, Sulcus acusticus: homosulcoid, para-ostial, median. Ostium: tubular. Cauda: tubular, straight. Anterior region: round, rostrum and antirostrum poorly defined, notch absent. Posterior region: double-peaked."
Coryphaenoides sp_Sp10_L (6).tif,oval to elliptic,oval to elliptical,"Type: Sagittal. Side: Right otolith. Shape: oval to elliptical, lobed dorsal and ventral margins, Sulcus acusticus: homosulcoid, mesial, median. Ostium: tubular, Cauda: tubular, straight. Anterior region: round, rostrum and antirostrum poorly defined, notch absent. Posterior region: round","Type: Sagittal. Side: Left otolith. Shape: oval to elliptic, lobed dorsal and sinuate ventral margins, Sulcus acusticus: homosulcoid, para-ostial, median. Ostium: tubular. Cauda: tubular, straight. Anterior region: round, rostrum and antirostrum poorly defined, notch absent. Posterior region: double-peaked."
Coryphaenoides sp_Sp10_L (7).tif,oval to elliptic,oval to elliptical,"Type: Sagittal. Side: Right otolith. Shape: oval to elliptical, lobed dorsal and ventral margins, Sulcus acusticus: homosulcoid, mesial, median. Ostium: tubular, Cauda: tubular, straight. Anterior region: round, rostrum and antirostrum poorly defined, notch absent. Posterior region: round","Type: Sagittal. Side: Left otolith. Shape: oval to elliptic, lobed dorsal and sinuate ventral margins, Sulcus acusticus: homosulcoid, para-ostial, median. Ostium: tubular. Cauda: tubular, straight. Anterior region: round, rostrum and antirostrum poorly defined, notch absent. Posterior region: double-peaked."
Coryphaenoides sp_Sp10_L (8).tif,oval to elliptic,oval to elliptical,"Type: Sagittal. Side: Right otolith. Shape: oval to elliptical, lobed dorsal and ventral margins, Sulcus acusticus: homosulcoid, mesial, median. Ostium: tubular, Cauda: tubular, straight. Anterior region: round, rostrum and antirostrum poorly defined, notch absent. Posterior region: round","Type: Sagittal. Side: Left otolith. Shape: oval to elliptic, lobed dorsal and sinuate ventral margins, Sulcus acusticus: homosulcoid, para-ostial, median. Ostium: tubular. Cauda: tubular, straight. Anterior region: round, rostrum and antirostrum poorly defined, notch absent. Posterior region: double-peaked."
Coryphaenoides sp_Sp10_L (9).tif,oval to elliptic,oval to elliptical,"Type: Sagittal. Side: Right otolith. Shape: oval to elliptical, lobed dorsal and ventral margins, Sulcus acusticus: homosulcoid, mesial, median. Ostium: tubular, Cauda: tubular, straight. Anterior region: round, rostrum and antirostrum poorly defined, notch absent. Posterior region: round.","Type: Sagittal. Side: Left otolith. Shape: oval to elliptic, lobed dorsal and sinuate ventral margins, Sulcus acusticus: homosulcoid, para-ostial, median. Ostium: tubular. Cauda: tubular, straight. Anterior region: round, rostrum and antirostrum poorly defined, notch absent. Posterior region: double-peaked."
AG16R 1.6X.tif,semicircular,oval,"Type: Sagittal. Side: Right otolith. Shape: oval, lobed dorsal and sinuate to crenate ventral margins. Sulcus acusticus: heterosulcoid, ostial, median. Ostium: Funnel-like. Cauda: tubular, strongly curved. Anterior region: double-peaked, rostrum blunt and antirostrum pointed, excisura wide with wide, shallow notch. Posterior region: double-peaked.","Type: Sagittal. Side: Right otolith. Shape: semicircular, lobed dorsal and sinuate to crenate ventral margins. Sulcus acusticus: heterosulcoid, ostial, median. Ostium: Funnel-like. Cauda: tubular, markedly curved. Anterior region: double-peaked, rostrum angled and antirostrum angled,  excisura wide with wide, moderately deep notch. Posterior region: notched."
AG34R 1.6X.tif,squared to irregular,semicircular,"Type: Sagittal. Side: Right otolith. Shape: semicircular, lobed to irregular dorsal and crenate ventral margins. Sulcus acusticus: heterosulcoid, ostial, median. Ostium: Funnel-like. Cauda: tubular, markedly curved. Anterior region: double-peaked, rostrum angled and antirostrum angled,  excisura moderately wide with acute, deep notch. Posterior region: double-peaked.","Type: Sagittal. Side: Right otolith. Shape: squared to irregular, lobed to irregular dorsal and sinuate to crenate ventral margins. Sulcus acusticus: heterosulcoid, ostial, median. Ostium: Funnel-like. Cauda: tubular, markedly curved. Anterior region: notched, rostrum round and antirostrum round,  excisura moderately wide with moderately deep notch. Posterior region: notched."
AG8R 1.6X.tif,semicircular,elliptical,"Type: Sagittal. Side: Right otolith. Shape: elliptical, sinuate dorsal and sinuate ventral margins. Sulcus acusticus: heterosulcoid, ostial, median. Ostium: Funnel-like. Cauda: tubular, straight. Anterior region: peaked, rostrum angled antirostrum poorly defined, excisura poorly wide with wide notch. Posterior region: double-peaked.","Type: Sagittal. Side: Right otolith. Shape: semicircular, crenate dorsal and crenate ventral margins. Sulcus acusticus: heterosulcoid, ostial, median. Ostium: Funnel-like. Cauda: tubular, markedly curved. Anterior region: double-peaked, rostrum blunt and antirostrum pointed,  excisura moderaltely wide with acute, moderately deep notch. Posterior region: angled."
DTR09.tif,fusiform,elliptical to rhomboidal,"Type: Sagittal. Side: Right otolith. Shape: elliptical to rhomboidal, crenate to lobbed dorsal, crenate to sinuate ventral margins. Sulcus acusticus: heterosulcoid, ostial, median. Ostium: tubular. Cauda: tubular, straight. Anterior region: double peaked, rostrum and antirostrum poorly defined. Posterior region: blunt.","Type: Sagittal. Side: Right otolith. Shape: fusiform, sinuate to crenate dorsal and crenate ventral margins. Sulcus acusticus: heterosulcoid, ostial, median. Ostium: Funnel-like. Cauda: tubular, markedly curved. Anterior region: peaked, rostrum blunt and antirostrum poorly developed, excisura and notch poorly developed. Posterior region: round."
DTR32.tif,fusiform,elliptical to oval,"Type: Sagittal. Side: Right otolith. Shape: elliptical to oval, irregular dorsal, and sinuate to crenate ventral margins. Sulcus acusticus: heterosulcoid, ostial, median. Ostium: Funnel-like. Cauda: tubular, markedly curved. Anterior region: angled, rostrum peaked and antirostrum peaked, excisura narrow with poorly developed notch. Posterior region: round to blunt.","Type: Sagittal. Side: Right otolith. Shape: fusiform, crenate dorsal and crenate to serrate ventral margins. Sulcus acusticus: heterosulcoid, ostial, median. Ostium: Funnel-like. Cauda: tubular, markedly curved. Anterior region: peaked, rostrum angled and antirostrum poorly developed, excisura and notch poorly developed. Posterior region: blunt to flattened."
DTR41.tif,fusiform,elliptical,"Type: Sagittal. Side: Right otolith. Shape: elliptical, lobed dorsal and crenate ventral margins. Sulcus acusticus: heterosulcoid, ostial, median. Ostium: Funnel-like. Cauda: tubular, slightly curved. Anterior region: irregular to peaked, rostrum and antirostrum blunt excisura moderately wide with shallow notch. Posterior region: blunt.","Type: Sagittal. Side: Right otolith. Shape: fusiform, crenate dorsal and crenate to serrate ventral margins. Sulcus acusticus: heterosulcoid, ostial, median. Ostium: Funnel-like. Cauda: tubular, markedly curved. Anterior region: round to peaked, rostrum angled and antirostrum poorly developed, excisura and notch poorly developed. Posterior region: blunt."
DTR47.tif,fusiform to elliptic,fusiform,"Type: Sagittal. Side: Right otolith. Shape: fusiform, lobed to crenate dorsal, crenate to serrate ventral margins. Sulcus acusticus: heterosulcoid, ostial, median. Ostium: Funnel-like. Cauda: tubular, markedly curved. Anterior region: blunt, rostrum blunt and antirostrum poorly developed to blunt, excisura wide and notch poorly developed or shallow wide notch. Posterior region: blunt.","Type: Sagittal. Side: Right otolith. Shape: fusiform to elliptic, crenate to irregular dorsal and crenate to serrate ventral margins. Sulcus acusticus: heterosulcoid, ostial, median. Ostium: Funnel-like. Cauda: tubular, markedly curved. Anterior region: round to peaked, rostrum angled and antirostrum poorly developed, excisura and notch poorly developed. Posterior region: blunt."
DTR56.tif,oval to elliptic,fusiform,"Type: Sagittal. Side: Right otolith. Shape: fusiform, crenate dorsal, crenate to serrate ventral margins. Sulcus acusticus: heterosulcoid, ostial, median. Ostium: Funnel-like. Cauda: tubular, markedly curved. Anterior region: blunt, rostrum blunt and antirostrum poorly developed, excisura and notch poorly developed. Posterior region: blunt.","Type: Sagittal. Side: Right otolith. Shape: oval to elliptic, crenate to irregular dorsal and crenate ventral margins. Sulcus acusticus: heterosulcoid, ostial, median. Ostium: Funnel-like. Cauda: tubular, markedly curved. Anterior region: round to peaked, rostrum angled and antirostrum poorly developed, excisura and notch poorly developed. Posterior region: double-peaked to blunt."
DTR69.tif,oval to elliptic,fusiform to elliptical,"Type: Sagittal. Side: Right otolith. Shape: fusiform to elliptical. crenate to  crenate dorsal, and crenate to  serrate ventral margins. Sulcus acusticus: heterosulcoid, ostial, median. Ostium: Funnel-like. Cauda: tubular, markedly curved. Anterior region: blunt, rostrum blunt and antirostrum poorly developed, excisura and notch poorly developed. Posterior region: blunt to irregular.","Type: Sagittal. Side: Right otolith. Shape: oval to elliptic, crenate to irregular dorsal and crenate ventral margins. Sulcus acusticus: heterosulcoid, ostial, median. Ostium: Funnel-like. Cauda: tubular, markedly curved. Anterior region: round to peaked, rostrum angled and antirostrum poorly developed, excisura and notch poorly developed. Posterior region: double-peaked."
Ectreposbastes imus_Sp2_L (15).tif,discoidal,fusiform to lanceolated,"Type: Sagittal. Side: Left otolith. Shape: fusiform to lanceolated, sinuate to irregular dorsal and sinuate to lobed ventral margins. Sulcus acusticus: pseudo-archaesulcoid, ostial, median. Ostium: discoidal. Cauda: tubular, straight. Anterior region: angled to double-peaked, rostrum and antirostrum blunt, excisura wide with acute, deep notch. Posterior region: blunt to round.","Type: Sagittal. Side: Left otolith. Shape: discoidal, approximately entire to sinuate dorsal and sinuate ventral margins. Sulcus acusticus: pseudo-archaesulcoid, mesial, encircled by thick hill-like swelling. Ostium and Cauda: undifferentiated. Anterior region: double peaked, rostrum and antirostrum blunt excisura wide with wide notch. Posterior region: round to blunt."
Ectreposbastes imus_Sp2_L (16).tif,discoidal,irregular,"Type: Sagittal. Side: Left otolith. Shape: irregular, irregular margins. Sulcus acusticus: heterosulcoid, ostial, median. Ostium: discoidal. Cauda: tubular, strongly curved. Anterior region: irregular, rostrum blunt and antirostrum blunt, excisura narrow with deep acute notch. Posterior region: irregular","Type: Sagittal. Side: Left otolith. Shape: discoidal, approximately entire to sinuate dorsal and sinuate ventral margins. Sulcus acusticus: pseudo-archaesulcoid, mesial, encircled by thick hill-like swelling. Ostium and Cauda: undifferentiated. Anterior region: double peaked, rostrum and antirostrum blunt excisura wide with wide notch. Posterior region: round to blunt."
Ectreposbastes imus_Sp2_L (17).tif,discoidal,irregular,"Type: Sagittal. Side: Left otolith. Shape: irregular, irregular margins. Sulcus acusticus: heterosulcoid, ostial, median. Ostium: discoidal. Cauda: tubular, strongly curved. Anterior region: irregular, rostrum blunt and antirostrum blunt, excisura wide with deep acute notch. Posterior region: irregular","Type: Sagittal. Side: Left otolith. Shape: discoidal, approximately entire to sinuate dorsal and sinuate ventral margins. Sulcus acusticus: pseudo-archaesulcoid, mesial, encircled by thick hill-like swelling. Ostium and Cauda: undifferentiated. Anterior region: double peaked, rostrum and antirostrum blunt excisura wide with wide notch. Posterior region: round to blunt."
Ectreposbastes imus_Sp2_L (18).tif,discoidal,fusiform to lanceolated,"Type: Sagittal. Side: Left otolith. Shape: fusiform to lanceolated, sinuate to irregular dorsal and sinuate to lobed ventral margins. Sulcus acusticus: pseudo-archaesulcoid, ostial, median. Ostium: discoidal. Cauda: tubular, straight. Anterior region: angled to double-peaked, rostrum and antirostrum blunt, excisura wide with acute, deep notch. Posterior region: blunt to round.","Type: Sagittal. Side: Left otolith. Shape: discoidal, approximately entire to sinuate dorsal and sinuate ventral margins. Sulcus acusticus: pseudo-archaesulcoid, mesial, encircled by thick hill-like swelling. Ostium and Cauda: undifferentiated. Anterior region: double peaked, rostrum and antirostrum blunt excisura wide with wide notch. Posterior region: round to blunt."
Ectreposbastes imus_Sp2_L (19).tif,discoidal,fusiform to lanceolated,"Type: Sagittal. Side: Left otolith. Shape: fusiform to lanceolated, sinuate to irregular dorsal and sinuate to lobed ventral margins. Sulcus acusticus: pseudo-archaesulcoid, ostial, median. Ostium: discoidal. Cauda: tubular, straight. Anterior region: angled to double-peaked, rostrum and antirostrum blunt, excisura wide with acute, deep notch. Posterior region: blunt to round.","Type: Sagittal. Side: Left otolith. Shape: discoidal, approximately entire to sinuate dorsal and sinuate ventral margins. Sulcus acusticus: pseudo-archaesulcoid, mesial, encircled by thick hill-like swelling. Ostium and Cauda: undifferentiated. Anterior region: double peaked, rostrum and antirostrum blunt excisura wide with wide notch. Posterior region: round to blunt."
Ectreposbastes imus_Sp2_L (20).tif,discoidal,irregular,"Type: Sagittal. Side: Left otolith. Shape: irregular, irregular margins, Sulcus acusticus: heterosulcoid, ostial, median. Ostium: discoidal. Cauda: tubular, straight. Anterior region: irregular, rostrum and antirostrum blunt, excisura wide with deep acute notch. Posterior region: irregular","Type: Sagittal. Side: Left otolith. Shape: discoidal, approximately entire to sinuate dorsal and sinuate ventral margins. Sulcus acusticus: pseudo-archaesulcoid, mesial, encircled by thick hill-like swelling. Ostium and Cauda: undifferentiated. Anterior region: double peaked, rostrum and antirostrum blunt excisura wide with wide notch. Posterior region: round to blunt."
Ectreposbastes imus_Sp2_L (21).tif,discoidal,fusiform to lanceolated,"Type: Sagittal. Side: Left otolith. Shape: fusiform to lanceolated, sinuate to irregular dorsal and sinuate to lobed ventral margins. Sulcus acusticus: pseudo-archaesulcoid, ostial, median. Ostium: discoidal. Cauda: tubular, straight. Anterior region: angled to double-peaked, rostrum and antirostrum blunt, excisura wide with acute, deep notch. Posterior region: blunt to round.","Type: Sagittal. Side: Left otolith. Shape: discoidal, approximately entire to sinuate dorsal and sinuate ventral margins. Sulcus acusticus: pseudo-archaesulcoid, mesial, encircled by thick hill-like swelling. Ostium and Cauda: undifferentiated. Anterior region: double peaked, rostrum and antirostrum blunt excisura wide with wide notch. Posterior region: round to blunt."
Ectreposbastes imus_Sp2_L (22).tif,discoidal,irregular,"Type: Sagittal. Side: Left otolith. Shape: irregular, irregular margins, Sulcus acusticus: heterosulcoid, ostial, median. Ostium: discoidal. Cauda: tubular, straight. Anterior region: irregular, rostrum and antirostrum blunt, excisura wide with deep acute notch. Posterior region: irregular","Type: Sagittal. Side: Left otolith. Shape: discoidal, approximately entire to sinuate dorsal and sinuate ventral margins. Sulcus acusticus: pseudo-archaesulcoid, mesial, encircled by thick hill-like swelling. Ostium and Cauda: undifferentiated. Anterior region: double peaked, rostrum and antirostrum blunt excisura wide with wide notch. Posterior region: round to blunt."
Ectreposbastes imus_Sp2_L (23).tif,discoidal,fusiform,"Type: Sagittal. Side: Left otolith. Shape: fusiform, sinuate to irregular dorsal and sinuate to lobed ventral margins. Sulcus acusticus: pseudo-archaesulcoid, ostial, median. Ostium: discoidal. Cauda: tubular, straight. Anterior region: angled to double-peaked, rostrum and antirostrum blunt, excisura wide with acute, deep notch. Posterior region: blunt to round.","Type: Sagittal. Side: Left otolith. Shape: discoidal, approximately entire to sinuate dorsal and sinuate ventral margins. Sulcus acusticus: pseudo-archaesulcoid, mesial, encircled by thick hill-like swelling. Ostium and Cauda: undifferentiated. Anterior region: double peaked, rostrum and antirostrum blunt excisura wide with wide notch. Posterior region: round to blunt."
Ectreposbastes imus_Sp2_L (24).tif,discoidal,oblong,"Type: Sagittal. Side: Left otolith. Shape: oblong, entire to sinuate dorsal and sinuate to crenate ventral margins. Sulcus acusticus: heterosulcoid, ostial, median. Ostium:  Funnel-like, shorter than cauda. Cauda: tubular, slightly curved. anterior region: round, rostrum and antirostrum poorly defined. Excisura and notch absent. Posterior region: round.","Type: Sagittal. Side: Left otolith. Shape: discoidal, approximately entire to sinuate dorsal and sinuate ventral margins. Sulcus acusticus: pseudo-archaesulcoid, mesial, encircled by thick hill-like swelling. Ostium and Cauda: undifferentiated. Anterior region: double peaked, rostrum and antirostrum blunt excisura wide with wide notch. Posterior region: round to blunt."
Ectreposbastes imus_Sp2_L (25).tif,discoidal,oblong,"Type: Sagittal. Side: Left otolith. Shape: oblong, entire to sinuate dorsal and sinuate to crenate ventral margins. Sulcus acusticus: heterosulcoid, ostial, inframedian. Ostium:  Funnel-like, shorter than cauda. Cauda: tubular, slightly curved. anterior region: round, rostrum and antirostrum poorly defined. Excisura and notch absent. Posterior region: round.","Type: Sagittal. Side: Left otolith. Shape: discoidal, approximately entire to sinuate dorsal and sinuate ventral margins. Sulcus acusticus: pseudo-archaesulcoid, mesial, encircled by thick hill-like swelling. Ostium and Cauda: undifferentiated. Anterior region: double peaked, rostrum and antirostrum blunt excisura wide with wide notch. Posterior region: round to blunt."
Ectreposbastes imus_Sp2_L (26).tif,discoidal,oblong,"Type: Sagittal. Side: Left otolith. Shape: oblong, entire to sinuate dorsal and sinuate to crenate ventral margins. Sulcus acusticus: heterosulcoid, ostial, median. Ostium:  Funnel-like, shorter than cauda. Cauda: tubular, slightly curved. anterior region: round, rostrum and antirostrum poorly defined. Excisura and notch absent. Posterior region: round.","Type: Sagittal. Side: Left otolith. Shape: discoidal, approximately entire to sinuate dorsal and sinuate ventral margins. Sulcus acusticus: pseudo-archaesulcoid, mesial, encircled by thick hill-like swelling. Ostium and Cauda: undifferentiated. Anterior region: double peaked, rostrum and antirostrum blunt excisura wide with wide notch. Posterior region: round to blunt."
Ectreposbastes imus_Sp2_L (27).tif,discoidal,oblong,"Type: Sagittal. Side: Left otolith. Shape: oblong, entire to sinuate dorsal and sinuate to crenate ventral margins. Sulcus acusticus: heterosulcoid, ostial, median. Ostium:  Funnel-like, shorter than cauda. Cauda: tubular, slightly curved. anterior region: round, rostrum and antirostrum poorly defined. Excisura and notch absent. Posterior region: round.","Type: Sagittal. Side: Left otolith. Shape: discoidal, approximately entire to sinuate dorsal and sinuate ventral margins. Sulcus acusticus: pseudo-archaesulcoid, mesial, encircled by thick hill-like swelling. Ostium and Cauda: undifferentiated. Anterior region: double peaked, rostrum and antirostrum blunt excisura wide with wide notch. Posterior region: round to blunt."
Ectreposbastes imus_Sp2_L (28).tif,discoidal,oblong,"Type: Sagittal. Side: Left otolith. Shape: oblong, entire to sinuate dorsal and sinuate to crenate ventral margins. Sulcus acusticus: heterosulcoid, ostial, supramedian. Ostium:  Funnel-like, shorter than cauda. Cauda: tubular, slightly curved. anterior region: round, rostrum and antirostrum poorly defined. Excisura and notch absent. Posterior region: round.","Type: Sagittal. Side: Left otolith. Shape: discoidal, approximately entire to sinuate dorsal and sinuate ventral margins. Sulcus acusticus: pseudo-archaesulcoid, mesial, encircled by thick hill-like swelling. Ostium and Cauda: undifferentiated. Anterior region: double peaked, rostrum and antirostrum blunt excisura wide with wide notch. Posterior region: round to blunt."
Ectreposbastes imus_Sp2_L (29).tif,discoidal,oblong,"Type: Sagittal. Side: Left otolith. Shape: oblong, entire to sinuate dorsal and sinuate to crenate ventral margins. Sulcus acusticus: heterosulcoid, ostial, supramedian. Ostium:  Funnel-like, shorter than cauda. Cauda: tubular, slightly curved. anterior region: round, rostrum and antirostrum poorly defined. Excisura and notch absent. Posterior region: round.","Type: Sagittal. Side: Left otolith. Shape: discoidal, approximately entire to sinuate dorsal and sinuate ventral margins. Sulcus acusticus: pseudo-archaesulcoid, mesial, encircled by thick hill-like swelling. Ostium and Cauda: undifferentiated. Anterior region: double peaked, rostrum and antirostrum blunt excisura wide with wide notch. Posterior region: round to blunt."
Ectreposbastes imus_Sp2_L (31).tif,discoidal,irregular,"Type: Sagittal. Side: Left otolith. Shape: irregular, sinuate to lobed dorsal and sinuate ventral margins. Sulcus acusticus: heterosulcoid, ostial, median. Ostium: discoidal. Cauda: tubular, straight. Anterior region: double peaked, rostrum and antirostrum blunt excisura wide with acute notch. Posterior region: round.","Type: Sagittal. Side: Left otolith. Shape: discoidal, approximately entire to sinuate dorsal and sinuate ventral margins. Sulcus acusticus: pseudo-archaesulcoid, mesial, encircled by thick hill-like swelling. Ostium and Cauda: undifferentiated. Anterior region: double peaked, rostrum and antirostrum blunt excisura wide with wide notch. Posterior region: round to blunt."
Ectreposbastes imus_Sp2_L (32).tif,discoidal,irregular,"Type: Sagittal. Side: Left otolith. Shape: irregular, irregular margins, Sulcus acusticus: heterosulcoid, ostial, median. Ostium: discoidal. Cauda: tubular, straight. Anterior region: irregular, rostrum and antirostrum blunt, excisura wide with deep acute notch. Posterior region: irregular","Type: Sagittal. Side: Left otolith. Shape: discoidal, approximately entire to sinuate dorsal and sinuate ventral margins. Sulcus acusticus: pseudo-archaesulcoid, mesial, encircled by thick hill-like swelling. Ostium and Cauda: undifferentiated. Anterior region: double peaked, rostrum and antirostrum blunt excisura wide with wide notch. Posterior region: round to blunt."
Ectreposbastes imus_Sp2_L (33).tif,discoidal,irregular,"Type: Sagittal. Side: Left otolith. Shape: irregular, sinuate to irregular dorsal and sinuate to lobed ventral margins. Sulcus acusticus: heterosulcoid, ostial, supramedian. Ostium: discoidal. Cauda: tubular, straight. Anterior region: double peaked, rostrum and antirostrum blunt excisura wide with acute to wide notch. Posterior region: round to blunt.","Type: Sagittal. Side: Left otolith. Shape: discoidal, approximately entire to sinuate dorsal and sinuate ventral margins. Sulcus acusticus: pseudo-archaesulcoid, mesial, encircled by thick hill-like swelling. Ostium and Cauda: undifferentiated. Anterior region: double peaked, rostrum and antirostrum blunt excisura wide with wide notch. Posterior region: round to blunt."
Ectreposbastes imus_Sp2_L (36).tif,discoidal,fusiform to lanceolated,"Type: Sagittal. Side: Left otolith. Shape: fusiform to lanceolated, sinuate to irregular dorsal and sinuate to lobed ventral margins. Sulcus acusticus: pseudo-archaesulcoid, ostial, median. Ostium: discoidal. Cauda: tubular, straight. Anterior region: angled to double-peaked, rostrum and antirostrum blunt, excisura wide with acute, deep notch. Posterior region: blunt to round.","Type: Sagittal. Side: Left otolith. Shape: discoidal, approximately entire to sinuate dorsal and sinuate ventral margins. Sulcus acusticus: pseudo-archaesulcoid, mesial, encircled by thick hill-like swelling. Ostium and Cauda: undifferentiated. Anterior region: double peaked, rostrum and antirostrum blunt excisura wide with wide notch. Posterior region: round to blunt."
Ectreposbastes imus_Sp2_L (39).tif,discoidal,oblong,"Type: Sagittal. Side: Left otolith. Shape: oblong, entire to sinuate dorsal and entire to sinuate ventral margins. Sulcus acusticus: heterosulcoid, ostial, supramedian. Ostium:  Funnel-like, shorter than cauda. Cauda: tubular, slightly curved. anterior region: round, rostrum and antirostrum poorly defined. Excisura and notch absent. Posterior region: round.","Type: Sagittal. Side: Left otolith. Shape: discoidal, approximately entire to sinuate dorsal and sinuate ventral margins. Sulcus acusticus: pseudo-archaesulcoid, mesial, encircled by thick hill-like swelling. Ostium and Cauda: undifferentiated. Anterior region: double peaked, rostrum and antirostrum blunt excisura wide with wide notch. Posterior region: round to blunt."
Ectreposbastes imus_Sp2_L (40).tif,discoidal,oblong,"Type: Sagittal. Side: Left otolith. Shape: oblong, entire to sinuate dorsal and sinuate to crenate ventral margins. Sulcus acusticus: heterosulcoid, ostial, median. Ostium: Funnel-like. Cauda: tubular, strongly curved. Anterior region: double-peaked, rostrum blunt and antirostrum pointed, excisura moderately wide with acute, deep notch. Posterior region: round to blunt.","Type: Sagittal. Side: Left otolith. Shape: discoidal, approximately entire to sinuate dorsal and sinuate ventral margins. Sulcus acusticus: pseudo-archaesulcoid, mesial, encircled by thick hill-like swelling. Ostium and Cauda: undifferentiated. Anterior region: double peaked, rostrum and antirostrum blunt excisura wide with wide notch. Posterior region: round to blunt."
Ectreposbastes imus_Sp2_L (47).tif,discoidal,oblong,"Type: Sagittal. Side: Left otolith. Shape: oblong, entire to sinuate dorsal and entire to sinuate ventral margins. Sulcus acusticus: heterosulcoid, ostial, supramedian. Ostium:  Funnel-like, shorter than cauda. Cauda: tubular, slightly curved. anterior region: round, rostrum and antirostrum poorly defined. Excisura and notch absent. Posterior region: round.","Type: Sagittal. Side: Left otolith. Shape: discoidal, approximately entire to sinuate dorsal and sinuate ventral margins. Sulcus acusticus: pseudo-archaesulcoid, mesial, encircled by thick hill-like swelling. Ostium and Cauda: undifferentiated. Anterior region: double peaked, rostrum and antirostrum blunt excisura wide with wide notch. Posterior region: round to blunt."
Ectreposbastes imus_Sp2_L (50).tif,discoidal,fusiform to lanceolated,"Type: Sagittal. Side: Left otolith. Shape: fusiform to lanceolated, sinuate dorsal and sinuate to lobed ventral margins. Sulcus acusticus: pseudo-archaesulcoid, ostial, median. Ostium: discoidal. Cauda: tubular, straight. Anterior region: angled to double-peaked, rostrum and antirostrum blunt, excisura wide with acute, deep notch. Posterior region: blunt.","Type: Sagittal. Side: Left otolith. Shape: discoidal, approximately entire to sinuate dorsal and sinuate ventral margins. Sulcus acusticus: pseudo-archaesulcoid, mesial, encircled by thick hill-like swelling. Ostium and Cauda: undifferentiated. Anterior region: double peaked, rostrum and antirostrum blunt excisura wide with wide notch. Posterior region: round to blunt."
Ectreposbastes imus_Sp2_L (55).tif,discoidal,fusiform to lanceolated,"Type: Sagittal. Side: Left otolith. Shape: fusiform to lanceolated, sinuate dorsal and sinuate to lobed ventral margins. Sulcus acusticus: pseudo-archaesulcoid, ostial, median. Ostium: discoidal. Cauda: tubular, straight. Anterior region: angled to double-peaked, rostrum and antirostrum blunt, excisura wide with acute, deep notch. Posterior region: blunt to round.","Type: Sagittal. Side: Left otolith. Shape: discoidal, approximately entire to sinuate dorsal and sinuate ventral margins. Sulcus acusticus: pseudo-archaesulcoid, mesial, encircled by thick hill-like swelling. Ostium and Cauda: undifferentiated. Anterior region: double peaked, rostrum and antirostrum blunt excisura wide with wide notch. Posterior region: round to blunt."
Ectreposbastes imus_Sp2_L (56).tif,discoidal,fusiform to lanceolated,"Type: Sagittal. Side: Left otolith. Shape: fusiform to lanceolated, sinuate dorsal and sinuate to lobed ventral margins. Sulcus acusticus: pseudo-archaesulcoid, ostial, median. Ostium: discoidal. Cauda: tubular, straight. Anterior region: angled to double-peaked, rostrum and antirostrum blunt, excisura wide with acute, deep notch. Posterior region: blunt to round.","Type: Sagittal. Side: Left otolith. Shape: discoidal, approximately entire to sinuate dorsal and sinuate ventral margins. Sulcus acusticus: pseudo-archaesulcoid, mesial, encircled by thick hill-like swelling. Ostium and Cauda: undifferentiated. Anterior region: double peaked, rostrum and antirostrum blunt excisura wide with wide notch. Posterior region: round to blunt."
Ectreposbastes imus_Sp2_L (61).tif,discoidal,irregular,"Type: Sagittal. Side: Left otolith. Shape: irregular, irregular margins. Sulcus acusticus: heterosulcoid, ostial, median. Ostium: discoidal. Cauda: tubular, straight. Anterior region: irregular, rostrum and antirostrum blunt, excisura wide with deep acute notch. Posterior region: irregular","Type: Sagittal. Side: Left otolith. Shape: discoidal, approximately entire to sinuate dorsal and sinuate ventral margins. Sulcus acusticus: pseudo-archaesulcoid, mesial, encircled by thick hill-like swelling. Ostium and Cauda: undifferentiated. Anterior region: double peaked, rostrum and antirostrum blunt excisura wide with wide notch. Posterior region: round to blunt."
Ectreposbastes imus_dorsal_Sp2_L_dorsal (2).tif,discoidal,fusiform to lanceolated,"Type: Sagittal. Side: Right otolith. Shape: fusiform to lanceolated, sinuate dorsal and sinuate to lobed ventral margins. Sulcus acusticus: pseudo-archaesulcoid, ostial, median. Ostium: discoidal. Cauda: tubular, straight. Anterior region: angled to double-peaked, rostrum and antirostrum blunt, excisura wide with acute, deep notch. Posterior region: blunt to round.","Type: Sagittal. Side: Left otolith. Shape: discoidal, approximately entire to sinuate dorsal and sinuate ventral margins. Sulcus acusticus: Not visible (outer surface view presented). Ostium and Cauda: undifferentiated. Anterior region: double peaked, rostrum and antirostrum blunt excisura wide with acute to wide notch. Posterior region: round to blunt."
Ectreposbastes imus_dorsal_Sp2_L_dorsal (20).tif,discoidal,irregular,"Type: Sagittal. Side: Right otolith. Shape: irregular, irregular margins. Sulcus acusticus: heterosulcoid, ostial, median. Ostium: discoidal. Cauda: tubular, strongly curved. Anterior region: irregular, rostrum blunt and antirostrum blunt, excisura wide with acute, deep notch. Posterior region: irregular","Type: Sagittal. Side: Left otolith. Shape: discoidal, approximately entire to sinuate dorsal and sinuate ventral margins. Sulcus acusticus: Not visible (outer surface view presented). Ostium and Cauda: undifferentiated. Anterior region: double peaked, rostrum and antirostrum blunt excisura wide with acute to wide notch. Posterior region: round to blunt."
Ectreposbastes imus_dorsal_Sp2_L_dorsal (3).tif,discoidal,fusiform to lanceolated,"Type: Sagittal. Side: Right otolith. Shape: fusiform to lanceolated, sinuate dorsal and sinuate to lobed ventral margins. Sulcus acusticus: pseudo-archaesulcoid, ostial, median. Ostium: discoidal. Cauda: tubular, straight. Anterior region: angled to double-peaked, rostrum and antirostrum blunt, excisura wide with acute, deep notch. Posterior region: blunt to round.","Type: Sagittal. Side: Left otolith. Shape: discoidal, approximately entire to sinuate dorsal and sinuate ventral margins. Sulcus acusticus: Not visible (outer surface view presented). Ostium and Cauda: undifferentiated. Anterior region: double peaked, rostrum and antirostrum blunt excisura wide with acute to wide notch. Posterior region: round to blunt."
Ectreposbastes imus_dorsal_Sp2_L_dorsal (4).tif,discoidal,fusiform to lanceolated,"Type: Sagittal. Side: Right otolith. Shape: fusiform to lanceolated, sinuate dorsal and sinuate to lobed ventral margins. Sulcus acusticus: pseudo-archaesulcoid, ostial, median. Ostium: discoidal. Cauda: tubular, straight. Anterior region: angled to double-peaked, rostrum and antirostrum blunt, excisura wide with acute, deep notch. Posterior region: blunt to round.","Type: Sagittal. Side: Left otolith. Shape: discoidal, approximately entire to sinuate dorsal and sinuate ventral margins. Sulcus acusticus: Not visible (outer surface view presented). Ostium and Cauda: undifferentiated. Anterior region: double peaked, rostrum and antirostrum blunt excisura wide with acute to wide notch. Posterior region: round to blunt."
Ectreposbastes imus_dorsal_Sp2_L_dorsal (5).tif,discoidal,fusiform to lanceolated,"Type: Sagittal. Side: Right otolith. Shape: fusiform to lanceolated, sinuate dorsal and sinuate to lobed ventral margins. Sulcus acusticus: pseudo-archaesulcoid, ostial, median. Ostium: discoidal. Cauda: tubular, straight. Anterior region: angled to double-peaked, rostrum and antirostrum blunt, excisura wide with acute, deep notch. Posterior region: blunt to round.","Type: Sagittal. Side: Left otolith. Shape: discoidal, approximately entire to sinuate dorsal and sinuate ventral margins. Sulcus acusticus: Not visible (outer surface view presented). Ostium and Cauda: undifferentiated. Anterior region: double peaked, rostrum and antirostrum blunt excisura wide with acute to wide notch. Posterior region: round to blunt."
Ectreposbastes imus_dorsal_Sp2_L_dorsal (6).tif,discoidal,fusiform to lanceolated,"Type: Sagittal. Side: Right otolith. Shape: fusiform to lanceolated, sinuate to irregular dorsal and sinuate to lobed ventral margins. Sulcus acusticus: pseudo-archaesulcoid, ostial, median. Ostium: discoidal. Cauda: tubular, straight. Anterior region: angled to double-peaked, rostrum and antirostrum blunt, excisura wide with acute, deep notch. Posterior region: blunt to round.","Type: Sagittal. Side: Left otolith. Shape: discoidal, approximately entire to sinuate dorsal and sinuate ventral margins. Sulcus acusticus: Not visible (outer surface view presented). Ostium and Cauda: undifferentiated. Anterior region: double peaked, rostrum and antirostrum blunt excisura wide with acute to wide notch. Posterior region: round to blunt."
Ectreposbastes imus_dorsal_Sp2_L_dorsal (7).tif,discoidal,fusiform to lanceolated,"Type: Sagittal. Side: Right otolith. Shape: fusiform to lanceolated, sinuate dorsal and sinuate to lobed ventral margins. Sulcus acusticus: pseudo-archaesulcoid, ostial, median. Ostium: discoidal. Cauda: tubular, straight. Anterior region: angled to double-peaked, rostrum and antirostrum blunt, excisura wide with acute, deep notch. Posterior region: blunt to round.","Type: Sagittal. Side: Left otolith. Shape: discoidal, approximately entire to sinuate dorsal and sinuate ventral margins. Sulcus acusticus: Not visible (outer surface view presented). Ostium and Cauda: undifferentiated. Anterior region: double peaked, rostrum and antirostrum blunt excisura wide with acute to wide notch. Posterior region: round to blunt."
Ectreposbastes imus_dorsal_Sp2_L_dorsal (8).tif,discoidal,fusiform to lanceolated,"Type: Sagittal. Side: Right otolith. Shape: fusiform to lanceolated, sinuate dorsal and sinuate to lobed ventral margins. Sulcus acusticus: pseudo-archaesulcoid, ostial, median. Ostium: discoidal. Cauda: tubular, straight. Anterior region: angled to double-peaked, rostrum and antirostrum blunt, excisura wide with acute, deep notch. Posterior region: blunt to round.","Type: Sagittal. Side: Left otolith. Shape: discoidal, approximately entire to sinuate dorsal and sinuate ventral margins. Sulcus acusticus: Not visible (outer surface view presented). Ostium and Cauda: undifferentiated. Anterior region: double peaked, rostrum and antirostrum blunt excisura wide with acute to wide notch. Posterior region: round to blunt."
AI10L 0.75X.tif,spindle-shaped to fusiform,elliptical,"Type: Sagittal. Side: Left otolith. Shape: elliptical, sinuate to crenate dorsal and sinuate to crenate ventral margins. Sulcus acusticus: heterosulcoid, ostial, median. Ostium: tubular, longer than cauda. Cauda: tubular, slightly curved. Anterior region: angled to irregular, rostrum blunt, antirostrum blunt, excisura wide with wide shallow notch. Posterior region: blunt.","Type: Sagittal. Side: Left otolith. Shape: spindle-shaped to fusiform, sinuate to entire dorsal and entire to sinuate ventral margins. Sulcus acusticus: heterosulcoid, ostial, median. Ostium: tubular, longer than cauda. Cauda: tubular, straight. Anterior region: round to angled, rostrum round and antirostrum poorly defined or round, excisura wide with wide, shallow notch . Posterior region: double-peaked."
AI23 0.75XDORSAL1.tif,spindle-shaped to fusiform,spindle-shaped,"Type: Sagittal. Side: Right otolith. Shape: spindle-shaped, sinuate to entire dorsal and sinuate to entire ventral margins, Sulcus acusticus: heterosulcoid, ostial, median. Ostium: tubular, longer than cauda. Cauda: tubular, straight. Anterior region: peaked, rostrum and antirostrum poorly defined, excisura and notch poorly defined. Posterior region: blunt.","Type: Sagittal. Side: Right otolith. Shape: spindle-shaped to fusiform, sinuate to entire dorsal and entire to sinuate ventral margins. Sulcus acusticus: heterosulcoid, ostial, median. Ostium: tubular, longer than cauda. Cauda: tubular, straight. Anterior region: round, rostrum and antirostrum poorly defined, excisura and notch poorly defined. Posterior region: blunt."
AI23R 0.75X.tif,spindle-shaped to fusiform,spindle-shaped,"Type: Sagittal. Side: Right otolith. Shape: spindle-shaped, sinuate to entire dorsal and sinuate to entire ventral margins, Sulcus acusticus: heterosulcoid, ostial, median. Ostium: tubular, longer than cauda. Cauda: tubular, slightly curved. Anterior region: peaked, rostrum blunt and antirostrum poorly defined or blunt, excisura wide with wide, shallow notch. Posterior region: Blunt.","Type: Sagittal. Side: Right otolith. Shape: spindle-shaped to fusiform, sinuate to entire dorsal and entire to sinuate ventral margins. Sulcus acusticus: heterosulcoid, ostial, median. Ostium: tubular, longer than cauda. Cauda: tubular, straight. Anterior region: round, rostrum and antirostrum poorly defined, excisura and notch poorly defined. Posterior region: blunt."
AI26R 0.75X.tif,spindle-shaped to fusiform,spindle-shaped,"Type: Sagittal. Side: Right otolith. Shape: spindle-shaped, sinuate to entire dorsal and sinuate to entire ventral margins, Sulcus acusticus: heterosulcoid, ostial, median. Ostium: tubular, longer than cauda. Cauda: tubular, slightly curved. Anterior region: round,rostrum and antirostrum poorly defined, excisura and notch poorly defined. Posterior region: blunt.","Type: Sagittal. Side: Right otolith. Shape: spindle-shaped to fusiform, sinuate to entire dorsal and entire to sinuate ventral margins. Sulcus acusticus: heterosulcoid, ostial, median. Ostium: tubular, longer than cauda. Cauda: tubular, straight. Anterior region: round, rostrum and antirostrum poorly defined, excisura and notch poorly defined. Posterior region: blunt."
AI35R 0.75X.tif,spindle-shaped to fusiform,spindle-shaped,"Type: Sagittal. Side: Right otolith. Shape: spindle-shaped, sinuate to entire dorsal and entire ventral margins, Sulcus acusticus: heterosulcoid, ostial, median. Ostium: tubular, longer than cauda. Cauda: tubular, straight. Anterior region: peaked, rostrum blunt and antirostrum poorly defined or blunt, excisura wide with wide, shallow notch. Posterior region: Round.","Type: Sagittal. Side: Right otolith. Shape: spindle-shaped to fusiform, sinuate to entire dorsal and entire to sinuate ventral margins. Sulcus acusticus: heterosulcoid, ostial, median. Ostium: tubular, longer than cauda. Cauda: tubular, straight. Anterior region: round, rostrum round and antirostrum slightly angled or poorly defined, excisura narrow with wide, shallow notch. Posterior region: blunt."
AI3R .75X.tif,spindle-shaped to fusiform,triangular to spindle-shaped,"Type: Sagittal. Side: Right otolith. Shape: triangular to spindle-shaped, sinuate to entire dorsal and sinuate to entire ventral margins, Sulcus acusticus: heterosulcoid, ostial, median. Ostium: tubular, longer than cauda. Cauda: tubular, slightly curved. Anterior region: peaked, rostrum and antirostrum poorly defined, excisura and notch poorly defined. Posterior region: blunt.","Type: Sagittal. Side: Right otolith. Shape: spindle-shaped to fusiform, sinuate to entire dorsal and entire ventral margins. Sulcus acusticus: heterosulcoid, ostial, median. Ostium: tubular, longer than cauda. Cauda: tubular, straight. Anterior region: angled, rostrum and antirostrum poorly defined, excisura and notch poorly defined. Posterior region: double-peaked."
AI4.tif,fusiform,spindle-shaped,"Type: Sagittal. Side: Right otolith. Shape: spindle-shaped, sinuate to entire dorsal and sinuate to entire ventral margins, Sulcus acusticus: heterosulcoid, ostial, median. Ostium: tubular, longer than cauda. Cauda: tubular, slightly curved. Anterior region: peaked, rostrum blunt and antirostrum poorly defined or blunt, excisura wide with wide, deep notch. Posterior region: Blunt.","Type: Sagittal. Side: Right otolith. Shape: fusiform, sinuate to entire dorsal and entire to sinuate ventral margins. Sulcus acusticus: heterosulcoid, ostial, median. Ostium: tubular, longer than cauda. Cauda: tubular, straight. Anterior region: double-peaked, rostrum double-peaked and antirostrum blunt to angled, excisura wide with wide, shallow notch. Posterior region: blunt."
AI44R 0.75X.tif,spindle-shaped to fusiform,spindle-shaped,"Type: Sagittal. Side: Right otolith. Shape: spindle-shaped, sinuate dorsal and entire to sinuate ventral margins. Sulcus acusticus: heterosulcoid, ostial, median. Ostium: tubular, longer than cauda. Cauda: tubular, straight. Anterior region: angled, rostrum pointed and antirostrum poorly developed or blunt, excisura moderately wide with shallow, wide notch. Posterior region: blunt to round.","Type: Sagittal. Side: Right otolith. Shape: spindle-shaped to fusiform, sinuate to entire dorsal and entire to sinuate ventral margins. Sulcus acusticus: heterosulcoid, ostial, median. Ostium: tubular, longer than cauda. Cauda: tubular, straight. Anterior region: angled, rostrum and antirostrum poorly defined, excisura and notch poorly defined. Posterior region: round."
AI53R 0.75X.tif,fusiform,spindle-shaped,"Type: Sagittal. Side: Right otolith. Shape: spindle-shaped, sinuate to entire dorsal and sinuate to entire ventral margins, Sulcus acusticus: heterosulcoid, ostial, median. Ostium: tubular, longer than cauda. Cauda: tubular, slightly curved. Anterior region: round,rostrum and antirostrum poorly defined, excisura and notch poorly defined. Posterior region: blunt.","Type: Sagittal. Side: Right otolith. Shape: fusiform, sinuate to entire dorsal and entire to sinuate ventral margins. Sulcus acusticus: heterosulcoid, ostial, median. Ostium: tubular, longer than cauda. Cauda: tubular, straight. Anterior region: round, rostrum and antirostrum poorly defined, excisura and notch poorly defined. Posterior region: angled."
AI58R 0.75X.tif,spindle-shaped to fusiform,spindle-shaped,"Type: Sagittal. Side: Right otolith. Shape: spindle-shaped, entire to sinuate dorsal and entire ventral margins. Sulcus acusticus: heterosulcoid, ostial, median. Ostium: tubular, longer than cauda. Cauda: tubular, straight. Anterior region: angled, rostrum pointed and antirostrum poorly defined or blunt, excisura moderately wide with wide, shallow notch. Posterior region: blunt.","Type: Sagittal. Side: Right otolith. Shape: spindle-shaped to fusiform, sinuate to entire dorsal and entire to sinuate ventral margins. Sulcus acusticus: heterosulcoid, ostial, median. Ostium: tubular, longer than cauda. Cauda: tubular, straight. Anterior region: double-peaked, rostrum angled and antirostrum round, excisura wide with wide, shallow notch. Posterior region: double-peaked."
AI7.tif,spindle-shaped to fusiform,oval to elliptical,"Type: Sagittal. Side: Right otolith. Shape: oval to elliptical, sinuate dorsal and sinuate ventral margins, Sulcus acusticus: heterosulcoid, ostial, median. Ostium: tubular, longer than cauda. Cauda: tubular, slightly curved. Anterior region: peaked, rostrum and antirostrum poorly defined, excisura and notch poorly defined. Posterior region: Blunt.","Type: Sagittal. Side: Right otolith. Shape: spindle-shaped to fusiform, sinuate to entire dorsal and entire to sinuate ventral margins. Sulcus acusticus: heterosulcoid, ostial, median. Ostium: tubular, longer than cauda. Cauda: tubular, straight. Anterior region: double-peaked, rostrum and antirostrum poorly defined, excisura and notch poorly defined. Posterior region: angled."
Minous dempsterae_Sp4_L (10).tif,elliptical,oval,"Type: Sagittal. Side: Left otolith. Shape: oval, entire to crenate dorsal and entire ventral margins. Sulcus acusticus: heterosulcoid, ostial, inframedian. Ostium: tubular, shorter than cauda. Cauda: tubular, strongly curved. Anterior region: angled, rostrum blunt and antirostrum poorly defined, notch absent. Posterior region: oblique.","Type: Sagittal. Side: Left otolith. Shape: elliptical, sinuate dorsal and sinuate ventral margins. Sulcus acusticus: heterosulcoid, ostial, median. Ostium: Funnel-like. Cauda: tubular, slightly curved. Anterior region: angled, rostrum angled and antirostrum blunt to poorly defined, excisura narrow with shallow wide or poorly developed notch. Posterior region: blunt."
Minous dempsterae_Sp4_L (11).tif,elliptical,oval,"Type: Sagittal. Side: Left otolith. Shape: oval, entire to crenate dorsal and entire to crenate ventral margins. Sulcus acusticus: heterosulcoid, ostial, inframedian. Ostium: Funnel-like. Cauda: tubular, strongly curved. Anterior region: angled, rostrum blunt and antirostrum blunt, excisura wide with wide, shallow notch. Posterior region: oblique to round.","Type: Sagittal. Side: Left otolith. Shape: elliptical, sinuate dorsal and sinuate ventral margins. Sulcus acusticus: heterosulcoid, ostial, median. Ostium: Funnel-like. Cauda: tubular, slightly curved. Anterior region: angled, rostrum angled and antirostrum blunt to poorly defined, excisura narrow with shallow wide or poorly developed notch. Posterior region: blunt."
Minous dempsterae_Sp4_L (12).tif,elliptical,oval,"Type: Sagittal. Side: Left otolith. Shape: oval, entire to crenate dorsal and entire ventral margins. Sulcus acusticus: heterosulcoid, ostial, inframedian. Ostium: tubular, shorter than cauda. Cauda: tubular, strongly curved. Anterior region: angled, rostrum blunt and antirostrum poorly defined, notch absent. Posterior region: oblique.","Type: Sagittal. Side: Left otolith. Shape: elliptical, sinuate dorsal and sinuate ventral margins. Sulcus acusticus: heterosulcoid, ostial, median. Ostium: Funnel-like. Cauda: tubular, slightly curved. Anterior region: angled, rostrum angled and antirostrum blunt to poorly defined, excisura narrow with shallow wide or poorly developed notch. Posterior region: blunt."
Minous dempsterae_Sp4_L (13).tif,elliptical,oval,"Type: Sagittal. Side: Left otolith. Shape: oval, entire to crenate dorsal and entire ventral margins. Sulcus acusticus: heterosulcoid, ostial, inframedian. Ostium: tubular, shorter than cauda. Cauda: tubular, strongly curved. Anterior region: angled, rostrum blunt and antirostrum poorly defined, notch absent. Posterior region: oblique.","Type: Sagittal. Side: Left otolith. Shape: elliptical, sinuate dorsal and sinuate ventral margins. Sulcus acusticus: heterosulcoid, ostial, median. Ostium: Funnel-like. Cauda: tubular, slightly curved. Anterior region: angled, rostrum angled and antirostrum blunt to poorly defined, excisura narrow with shallow wide or poorly developed notch. Posterior region: blunt."
Minous dempsterae_Sp4_L (14).tif,elliptical,oval,"Type: Sagittal. Side: Left otolith. Shape: oval, entire to crenate dorsal and entire ventral margins. Sulcus acusticus: heterosulcoid, ostial, inframedian. Ostium: tubular, shorter than cauda. Cauda: tubular, strongly curved. Anterior region: angled, rostrum blunt and antirostrum poorly defined, notch absent. Posterior region: oblique.","Type: Sagittal. Side: Left otolith. Shape: elliptical, sinuate dorsal and sinuate ventral margins. Sulcus acusticus: heterosulcoid, ostial, median. Ostium: Funnel-like. Cauda: tubular, slightly curved. Anterior region: angled, rostrum angled and antirostrum blunt to poorly defined, excisura narrow with shallow wide or poorly developed notch. Posterior region: blunt."
Minous dempsterae_Sp4_L (15).tif,elliptical,oval,"Type: Sagittal. Side: Left otolith. Shape: oval, entire to crenate dorsal and entire ventral margins. Sulcus acusticus: heterosulcoid, ostial, inframedian. Ostium: tubular, shorter than cauda. Cauda: tubular, strongly curved. Anterior region: angled, rostrum blunt and antirostrum poorly defined, notch absent. Posterior region: oblique.","Type: Sagittal. Side: Left otolith. Shape: elliptical, sinuate dorsal and sinuate ventral margins. Sulcus acusticus: heterosulcoid, ostial, median. Ostium: Funnel-like. Cauda: tubular, slightly curved. Anterior region: angled, rostrum angled and antirostrum blunt to poorly defined, excisura narrow with shallow wide or poorly developed notch. Posterior region: blunt."
Minous dempsterae_Sp4_L (16).tif,elliptical,oval,"Type: Sagittal. Side: Left otolith. Shape: oval, entire to crenate dorsal and entire ventral margins. Sulcus acusticus: heterosulcoid, ostial, inframedian. Ostium: tubular, shorter than cauda. Cauda: tubular, strongly curved. Anterior region: angled, rostrum blunt and antirostrum poorly defined, notch absent. Posterior region: oblique.","Type: Sagittal. Side: Left otolith. Shape: elliptical, sinuate dorsal and sinuate ventral margins. Sulcus acusticus: heterosulcoid, ostial, median. Ostium: Funnel-like. Cauda: tubular, slightly curved. Anterior region: angled, rostrum angled and antirostrum blunt to poorly defined, excisura narrow with shallow wide or poorly developed notch. Posterior region: blunt."
Minous dempsterae_Sp4_L (164).tif,elliptical,oval,"Type: Sagittal. Side: Left otolith. Shape: oval, entire to sinuate dorsal and sinuate to crenate ventral margins. Sulcus acusticus: heterosulcoid, ostial, inframedian. Ostium: Funnel-like. Cauda: tubular, strongly curved. Anterior region: angled, rostrum blunt and antirostrum peaked, excisura wide and notch poorly developed. Posterior region: blunt.","Type: Sagittal. Side: Left otolith. Shape: elliptical, sinuate dorsal and sinuate ventral margins. Sulcus acusticus: heterosulcoid, ostial, median. Ostium: Funnel-like. Cauda: tubular, slightly curved. Anterior region: angled, rostrum angled and antirostrum blunt to poorly defined, excisura narrow with shallow wide or poorly developed notch. Posterior region: blunt."
Minous dempsterae_Sp4_L (165).tif,elliptical,oval,"Type: Sagittal. Side: Left otolith. Shape: oval, entire to sinuate dorsal and sinuate to crenate ventral margins. Sulcus acusticus: heterosulcoid, ostial, inframedian. Ostium: Funnel-like. Cauda: tubular, strongly curved. Anterior region: angled, rostrum blunt and antirostrum peaked, excisura wide and notch poorly developed. Posterior region: blunt.","Type: Sagittal. Side: Left otolith. Shape: elliptical, sinuate dorsal and sinuate ventral margins. Sulcus acusticus: heterosulcoid, ostial, median. Ostium: Funnel-like. Cauda: tubular, slightly curved. Anterior region: angled, rostrum angled and antirostrum blunt to poorly defined, excisura narrow with shallow wide or poorly developed notch. Posterior region: blunt."
Minous dempsterae_Sp4_L (166).tif,elliptical,oval,"Type: Sagittal. Side: Left otolith. Shape: oval, entire to sinuate dorsal and sinuate to crenate ventral margins. Sulcus acusticus: heterosulcoid, ostial, inframedian. Ostium: Funnel-like. Cauda: tubular, strongly curved. Anterior region: angled, rostrum blunt and antirostrum blunt or poorly developed, excisura narrow with shallow, acute notch. Posterior region: oblique to round.","Type: Sagittal. Side: Left otolith. Shape: elliptical, sinuate dorsal and sinuate ventral margins. Sulcus acusticus: heterosulcoid, ostial, median. Ostium: Funnel-like. Cauda: tubular, slightly curved. Anterior region: angled, rostrum angled and antirostrum blunt to poorly defined, excisura narrow with shallow wide or poorly developed notch. Posterior region: blunt."
Minous dempsterae_Sp4_L (167).tif,elliptical,oval,"Type: Sagittal. Side: Left otolith. Shape: oval, entire to sinuate dorsal and sinuate to crenate ventral margins. Sulcus acusticus: heterosulcoid, ostial, inframedian. Ostium: Funnel-like. Cauda: tubular, strongly curved. Anterior region: angled, rostrum blunt and antirostrum blunt or poorly developed, excisura moderately wide with wide, shallow notch. Posterior region: blunt.","Type: Sagittal. Side: Left otolith. Shape: elliptical, sinuate dorsal and sinuate ventral margins. Sulcus acusticus: heterosulcoid, ostial, median. Ostium: Funnel-like. Cauda: tubular, slightly curved. Anterior region: angled, rostrum angled and antirostrum blunt to poorly defined, excisura narrow with shallow wide or poorly developed notch. Posterior region: blunt."
Minous dempsterae_Sp4_L (17).tif,elliptical,oval,"Type: Sagittal. Side: Left otolith. Shape: oval, entire to crenate dorsal and entire to crenate ventral margins. Sulcus acusticus: heterosulcoid, ostial, inframedian. Ostium: Funnel-like. Cauda: tubular, strongly curved. Anterior region: angled, rostrum blunt and antirostrum blunt, excisura wide with wide, shallow notch. Posterior region: oblique to round.","Type: Sagittal. Side: Left otolith. Shape: elliptical, sinuate dorsal and sinuate ventral margins. Sulcus acusticus: heterosulcoid, ostial, median. Ostium: Funnel-like. Cauda: tubular, slightly curved. Anterior region: angled, rostrum angled and antirostrum blunt to poorly defined, excisura narrow with shallow wide or poorly developed notch. Posterior region: blunt."
Minous dempsterae_Sp4_L (170).tif,elliptical,oval,"Type: Sagittal. Side: Left otolith. Shape: oval, entire to sinuate dorsal and sinuate to crenate ventral margins. Sulcus acusticus: heterosulcoid, ostial, inframedian. Ostium: Funnel-like. Cauda: tubular, strongly curved. Anterior region: angled, rostrum blunt and antirostrum peaked, excisura wide and notch poorly developed. Posterior region: blunt.","Type: Sagittal. Side: Left otolith. Shape: elliptical, sinuate dorsal and sinuate ventral margins. Sulcus acusticus: heterosulcoid, ostial, median. Ostium: Funnel-like. Cauda: tubular, slightly curved. Anterior region: angled, rostrum angled and antirostrum blunt to poorly defined, excisura narrow with shallow wide or poorly developed notch. Posterior region: blunt."
Minous dempsterae_Sp4_L (20).tif,elliptical,oval,"Type: Sagittal. Side: Left otolith. Shape: oval, entire to sinuate dorsal and entire to sinuate ventral margins. Sulcus acusticus: heterosulcoid, ostial, inframedian. Ostium: tubular, shorter than cauda. Cauda: tubular, strongly curved. Anterior region: angled to blunt, rostrum blunt and antirostrum poorly defined, notch absent. Posterior region: angled to round.","Type: Sagittal. Side: Left otolith. Shape: elliptical, sinuate dorsal and sinuate ventral margins. Sulcus acusticus: heterosulcoid, ostial, median. Ostium: Funnel-like. Cauda: tubular, slightly curved. Anterior region: angled, rostrum angled and antirostrum blunt to poorly defined, excisura narrow with shallow wide or poorly developed notch. Posterior region: blunt."
Minous dempsterae_Sp4_L (4).tif,elliptical,oval,"Type: Sagittal. Side: Left otolith. Shape: oval, entire to sinuate dorsal and entire to sinuate ventral margins. Sulcus acusticus: heterosulcoid, ostial, inframedian. Ostium: tubular, shorter than cauda. Cauda: tubular, strongly curved. Anterior region: angled, rostrum blunt and antirostrum poorly defined, notch absent. Posterior region: oblique.","Type: Sagittal. Side: Left otolith. Shape: elliptical, sinuate dorsal and sinuate ventral margins. Sulcus acusticus: heterosulcoid, ostial, median. Ostium: Funnel-like. Cauda: tubular, slightly curved. Anterior region: angled, rostrum angled and antirostrum blunt to poorly defined, excisura narrow with shallow wide or poorly developed notch. Posterior region: blunt."
Minous dempsterae_Sp4_L (5).tif,elliptical,oval,"Type: Sagittal. Side: Left otolith. Shape: oval, entire to sinuate dorsal and entire to sinuate ventral margins. Sulcus acusticus: heterosulcoid, ostial, inframedian. Ostium: tubular, shorter than cauda. Cauda: tubular, strongly curved. Anterior region: angled to round, rostrum blunt and antirostrum poorly defined, notch absent. Posterior region: oblique to round.","Type: Sagittal. Side: Left otolith. Shape: elliptical, sinuate dorsal and sinuate ventral margins. Sulcus acusticus: heterosulcoid, ostial, median. Ostium: Funnel-like. Cauda: tubular, slightly curved. Anterior region: angled, rostrum angled and antirostrum blunt to poorly defined, excisura narrow with shallow wide or poorly developed notch. Posterior region: blunt."
Minous dempsterae_Sp4_L (6).tif,elliptical,oval,"Type: Sagittal. Side: Left otolith. Shape: oval, entire to sinuate dorsal and entire to sinuate ventral margins. Sulcus acusticus: heterosulcoid, ostial, inframedian. Ostium: tubular, shorter than cauda. Cauda: tubular, strongly curved. Anterior region: angled to blunt, rostrum blunt and antirostrum poorly defined, notch absent. Posterior region: angled to round.","Type: Sagittal. Side: Left otolith. Shape: elliptical, sinuate dorsal and sinuate ventral margins. Sulcus acusticus: heterosulcoid, ostial, median. Ostium: Funnel-like. Cauda: tubular, slightly curved. Anterior region: angled, rostrum angled and antirostrum blunt to poorly defined, excisura narrow with shallow wide or poorly developed notch. Posterior region: blunt."
Minous dempsterae_Sp4_L (7).tif,elliptical,oval,"Type: Sagittal. Side: Left otolith. Shape: oval, entire to sinuate dorsal and entire to sinuate ventral margins. Sulcus acusticus: heterosulcoid, ostial, inframedian. Ostium: tubular, shorter than cauda. Cauda: tubular, strongly curved. Anterior region: angled to blunt, rostrum blunt and antirostrum poorly defined, notch absent. Posterior region: angled to round.","Type: Sagittal. Side: Left otolith. Shape: elliptical, sinuate dorsal and sinuate ventral margins. Sulcus acusticus: heterosulcoid, ostial, median. Ostium: Funnel-like. Cauda: tubular, slightly curved. Anterior region: angled, rostrum angled and antirostrum blunt to poorly defined, excisura narrow with shallow wide or poorly developed notch. Posterior region: blunt."
Minous dempsterae_Sp4_L (75).tif,elliptical,oval,"Type: Sagittal. Side: Left otolith. Shape: oval, entire to crenate dorsal and entire ventral margins. Sulcus acusticus: heterosulcoid, ostial, inframedian. Ostium: tubular, shorter than cauda. Cauda: tubular, strongly curved. Anterior region: angled, rostrum blunt and antirostrum poorly defined, notch absent. Posterior region: oblique.","Type: Sagittal. Side: Left otolith. Shape: elliptical, sinuate dorsal and sinuate ventral margins. Sulcus acusticus: heterosulcoid, ostial, median. Ostium: Funnel-like. Cauda: tubular, slightly curved. Anterior region: angled, rostrum angled and antirostrum blunt to poorly defined, excisura narrow with shallow wide or poorly developed notch. Posterior region: blunt."
Minous dempsterae_Sp4_L (76).tif,elliptical,oval,"Type: Sagittal. Side: Left otolith. Shape: oval, entire to crenate dorsal and entire ventral margins. Sulcus acusticus: heterosulcoid, ostial, inframedian. Ostium: tubular, shorter than cauda. Cauda: tubular, strongly curved. Anterior region: angled, rostrum blunt and antirostrum poorly defined, notch absent. Posterior region: oblique.","Type: Sagittal. Side: Left otolith. Shape: elliptical, sinuate dorsal and sinuate ventral margins. Sulcus acusticus: heterosulcoid, ostial, median. Ostium: Funnel-like. Cauda: tubular, slightly curved. Anterior region: angled, rostrum angled and antirostrum blunt to poorly defined, excisura narrow with shallow wide or poorly developed notch. Posterior region: blunt."
Minous dempsterae_Sp4_L (77).tif,elliptical,oval,"Type: Sagittal. Side: Left otolith. Shape: oval, entire to crenate dorsal and entire to crenate ventral margins. Sulcus acusticus: heterosulcoid, ostial, inframedian. Ostium: Funnel-like. Cauda: tubular, strongly curved. Anterior region: angled, rostrum blunt and antirostrum blunt, excisura wide with wide, shallow notch. Posterior region: angled to round.","Type: Sagittal. Side: Left otolith. Shape: elliptical, sinuate dorsal and sinuate ventral margins. Sulcus acusticus: heterosulcoid, ostial, median. Ostium: Funnel-like. Cauda: tubular, slightly curved. Anterior region: angled, rostrum angled and antirostrum blunt to poorly defined, excisura narrow with shallow wide or poorly developed notch. Posterior region: blunt."
Minous dempsterae_Sp4_L (78).tif,elliptical,oval,"Type: Sagittal. Side: Left otolith. Shape: oval, entire to sinuate dorsal and entire to sinuate ventral margins. Sulcus acusticus: heterosulcoid, ostial, inframedian. Ostium: tubular, shorter than cauda. Cauda: tubular, strongly curved. Anterior region: angled to blunt, rostrum blunt and antirostrum poorly defined, notch absent. Posterior region: angled to round.","Type: Sagittal. Side: Left otolith. Shape: elliptical, sinuate dorsal and sinuate ventral margins. Sulcus acusticus: heterosulcoid, ostial, median. Ostium: Funnel-like. Cauda: tubular, slightly curved. Anterior region: angled, rostrum angled and antirostrum blunt to poorly defined, excisura narrow with shallow wide or poorly developed notch. Posterior region: blunt."
Minous dempsterae_Sp4_L (79).tif,elliptical,oval,"Type: Sagittal. Side: Left otolith. Shape: oval, entire to crenate dorsal and entire to crenate ventral margins. Sulcus acusticus: heterosulcoid, ostial, inframedian. Ostium: Funnel-like. Cauda: tubular, strongly curved. Anterior region: angled, rostrum blunt and antirostrum blunt, excisura wide with wide, shallow notch. Posterior region: angled to round.","Type: Sagittal. Side: Left otolith. Shape: elliptical, sinuate dorsal and sinuate ventral margins. Sulcus acusticus: heterosulcoid, ostial, median. Ostium: Funnel-like. Cauda: tubular, slightly curved. Anterior region: angled, rostrum angled and antirostrum blunt to poorly defined, excisura narrow with shallow wide or poorly developed notch. Posterior region: blunt."
Minous dempsterae_Sp4_L (8).tif,elliptical,oval,"Type: Sagittal. Side: Left otolith. Shape: oval, entire to crenate dorsal and entire ventral margins. Sulcus acusticus: heterosulcoid, ostial, inframedian. Ostium: tubular, shorter than cauda. Cauda: tubular, strongly curved. Anterior region: angled, rostrum blunt and antirostrum poorly defined, notch absent. Posterior region: oblique.","Type: Sagittal. Side: Left otolith. Shape: elliptical, sinuate dorsal and sinuate ventral margins. Sulcus acusticus: heterosulcoid, ostial, median. Ostium: Funnel-like. Cauda: tubular, slightly curved. Anterior region: angled, rostrum angled and antirostrum blunt to poorly defined, excisura narrow with shallow wide or poorly developed notch. Posterior region: blunt."
Minous dempsterae_Sp4_L (81).tif,elliptical,oval,"Type: Sagittal. Side: Left otolith. Shape: oval, entire to sinuate dorsal and entire to sinuate ventral margins. Sulcus acusticus: heterosulcoid, ostial, inframedian. Ostium: Funnel-like. Cauda: tubular, strongly curved. Anterior region: angled, rostrum blunt and antirostrum blunt, excisura narrow with shallow, acute notch. Posterior region: oblique to round.","Type: Sagittal. Side: Left otolith. Shape: elliptical, sinuate dorsal and sinuate ventral margins. Sulcus acusticus: heterosulcoid, ostial, median. Ostium: Funnel-like. Cauda: tubular, slightly curved. Anterior region: angled, rostrum angled and antirostrum blunt to poorly defined, excisura narrow with shallow wide or poorly developed notch. Posterior region: blunt."
Minous dempsterae_Sp4_L (9).tif,elliptical,oval,"Type: Sagittal. Side: Left otolith. Shape: oval, entire to crenate dorsal and entire ventral margins. Sulcus acusticus: heterosulcoid, ostial, inframedian. Ostium: tubular, shorter than cauda. Cauda: tubular, strongly curved. Anterior region: angled, rostrum blunt and antirostrum poorly defined, notch absent. Posterior region: oblique.","Type: Sagittal. Side: Left otolith. Shape: elliptical, sinuate dorsal and sinuate ventral margins. Sulcus acusticus: heterosulcoid, ostial, median. Ostium: Funnel-like. Cauda: tubular, slightly curved. Anterior region: angled, rostrum angled and antirostrum blunt to poorly defined, excisura narrow with shallow wide or poorly developed notch. Posterior region: blunt."
AD3R 1.6X.tif,elliptical,elliptical to oval,"Type: Sagittal. Side: Right otolith. Shape: elliptical to oval, sinuate to crenate dorsal and sinuate to crenate ventral margins. Sulcus acusticus: heterosulcoid, ostial, median. Ostium: tubular, longer than cauda. Cauda: tubular, slightly curved. Anterior region: angled to peaked, rostrum blunt, antirostrum poorly developed or blunt, excisura moderately narrow with shallow wide notch. Posterior region: blunt to peaked.","Type: Sagittal. Side: Right otolith. Shape: elliptical, crenate dorsal and crenate ventral margins. Sulcus acusticus: heterosulcoid, ostial, median. Ostium: Funnel-like. Cauda: tubular, straight. Anterior region: angled, rostrum angled and antirostrum poorly defined, excisura wide with wide shallow notch or poorly defined. Posterior region: blunt."
AD54L 1.6X.tif,elliptical to oval,elliptical,"Type: Sagittal. Side: Right otolith. Shape: elliptical, sinuate to crenate dorsal and sinuate to crenate ventral margins. Sulcus acusticus: heterosulcoid, ostial, median. Ostium: Funnel-like. Cauda: tubular, straight. Anterior region: angled, rostrum and antirostrum blunt, excisura wide with poorly defined notch. Posterior region: blunt.","Type: Sagittal. Side: Left otolith. Shape: elliptical to oval, sinuate to crenate dorsal and sinuate to crenate ventral margins. Sulcus acusticus: heterosulcoid, ostial, median. Ostium: Funnel-like. Cauda: tubular, straight. Anterior region: round, rostrum round and antirostrum round or poorly defined, excisura wide with wide shallow notch. Posterior region: double-peaked."
AD54R 1.6X.tif,elliptical to oval,elliptical,"Type: Sagittal. Side: Right otolith. Shape: elliptical, sinuate to crenate dorsal and sinuate to crenate ventral margins. Sulcus acusticus: heterosulcoid, ostial, median. Ostium: Funnel-like. Cauda: tubular, straight. Anterior region: angled, rostrum and antirostrum blunt, excisura wide with poorly defined notch. Posterior region: flattened to irregular.","Type: Sagittal. Side: Right otolith. Shape: elliptical to oval, sinuate to crenate dorsal and sinuate to crenate ventral margins. Sulcus acusticus: heterosulcoid, ostial, median. Ostium: Funnel-like. Cauda: tubular, straight. Anterior region: round, rostrum round and antirostrum round or poorly defined, excisura wide with wide shallow notch. Posterior region: double-peaked."
m trachy dorsal2.tif,oval to cuneiform,elliptical,"Type: Sagittal. Side: Right otolith. Shape: elliptical, sinuate to crenate dorsal and sinuate to crenate ventral margins. Sulcus acusticus: heterosulcoid, ostial, median. Ostium: Funnel-like. Cauda: tubular, straight. Anterior region: angled, rostrum and antirostrum blunt, excisura wide with poorly defined notch. Posterior region: irregular to flattened.","Type: Sagittal. Side: Right otolith. Shape: oval to cuneiform, crenate dorsal and lobed to crenate ventral margins. Sulcus acusticus: heterosulcoid, ostial, supramedian. Ostium: Funnel-like. Cauda: tubular, slightly curved. Anterior region: round, rostrum round and antirostrum poorly defined or round, excisura narrow with poorly defined notch. Posterior region: angled"
AB8R 1.0X.tif,elliptical to fusiform,elliptical to oval,"Type: Sagittal. Side: Right otolith. Shape: elliptical to oval, sinuate to crenate dorsal and sinuate to crenate ventral margins. Sulcus acusticus: heterosulcoid, ostial, median. Ostium: tubular, longer than cauda. Cauda: tubular, slightly curved. Anterior region: angled to peaked, rostrum blunt, antirostrum poorly developed or blunt, excisura moderately narrow with shallow wide notch. Posterior region: blunt to flattened.","Type: Sagittal. Side: Right otolith. Shape: elliptical to fusiform, sinuate to entire dorsal and crenate to serrate ventral margins. Sulcus acusticus: heterosulcoid, ostial, median. Ostium: tubular, longer than cauda. Cauda: tubular, slightly curved. Anterior region: angled, rostrum angled, antirostrum poorly developed, excisura moderately narrow with poorly defined notch. Posterior region: angled."
PSP39801126.tif,pentagonal,elliptical,"Type: Sagittal. Side: Right otolith. Shape: elliptical, sinuate to crenate dorsal and sinuate to crenate ventral margins. Sulcus acusticus: heterosulcoid, ostial, median. Ostium: Funnel-like. Cauda: tubular, straight. Anterior region: angled to blunt, rostrum and antirostrum blunt, excisura wide with poorly defined notch. Posterior region: blunt to round.","Type: Sagittal. Side: Right otolith. Shape: pentagonal, entire to lobed dorsal and entire to lobed ventral margins. Sulcus acusticus: heterosulcoid, ostial, median. Ostium: Funnel-like, shorter than cauda. Cauda: tubular, slightly curved. anterior region: angled, rostrum angled and antirostrum poorly defined, excisura wide with poorly defined notch. Posterior region: flattened."
Platy ind 1 dorsal1 1.25x4.tif,sagitiform,fusiform,"Type: Sagittal. Side: Right otolith. Shape: fusiform, Sinulate dorsal and sinuate ventral margins. Sulcus acusticus: heterosulcoid, ostial, median. Ostium: tubular. Cauda: tubular, strongly curved. Anterior region: irregular to peaked, rostrum and antirostrum poorly defined, excisura and notch poorly defined. Posterior region: peaked.","Type: Sagittal. Side: Right otolith. Shape: sagitiform, Sinulate dorsal and sinuate ventral margins. Sulcus acusticus: heterosulcoid, ostial, median. Ostium: Funnel-like. Cauda: tubular, strongly curved. Anterior region:  peaked, rostrum peaked and antirostrum angled or poorly defined, excisura wide with notch poorly defined. Posterior region: lanceolated."
Platy ind 4 dorsal 1.25x.tif,sagitiform,fusiform to sagitiform,"Type: Sagittal. Side: Right otolith. Shape: fusiform to sagitiform, Sinulate dorsal and sinuate ventral margins. Sulcus acusticus: heterosulcoid, ostial, median. Ostium: tubular. Cauda: tubular, strongly curved. Anterior region: peaked, rostrum and antirostrum poorly defined, excisura and notch poorly defined. Posterior region: peaked.","Type: Sagittal. Side: Right otolith. Shape: sagitiform, entire to Sinulate dorsal and entire to sinuate ventral margins. Sulcus acusticus: heterosulcoid, ostial, median. Ostium: Funnel-like. Cauda: tubular, strongly curved. Anterior region:  angled, rostrum angled and antirostrum poorly defined, excisura wide with notch poorly defined. Posterior region: lanceolated."
Platy ind 4 dorsal 1.25x2.tif,sagitiform,fusiform to sagitiform,"Type: Sagittal. Side: Right otolith. Shape: fusiform to sagitiform, Sinulate dorsal and sinuate ventral margins. Sulcus acusticus: heterosulcoid, ostial, median. Ostium: tubular. Cauda: tubular, strongly curved. Anterior region: peaked, rostrum and antirostrum poorly defined, excisura and notch poorly defined. Posterior region: peaked.","Type: Sagittal. Side: Right otolith. Shape: sagitiform, entire to Sinulate dorsal and entire to sinuate ventral margins. Sulcus acusticus: heterosulcoid, ostial, median. Ostium: Funnel-like. Cauda: tubular, strongly curved. Anterior region:  angled, rostrum angled and antirostrum poorly defined, excisura wide with notch poorly defined. Posterior region: lanceolated."
Platy ind 4 dorsal 1.25x3.tif,sagitiform,fusiform to sagitiform,"Type: Sagittal. Side: Right otolith. Shape: fusiform to sagitiform, Sinulate dorsal and sinuate ventral margins. Sulcus acusticus: heterosulcoid, ostial, median. Ostium: tubular. Cauda: tubular, strongly curved. Anterior region: peaked, rostrum and antirostrum poorly defined, excisura and notch poorly defined. Posterior region: peaked.","Type: Sagittal. Side: Right otolith. Shape: sagitiform, entire to Sinulate dorsal and entire to sinuate ventral margins. Sulcus acusticus: heterosulcoid, ostial, median. Ostium: Funnel-like. Cauda: tubular, strongly curved. Anterior region:  angled, rostrum angled and antirostrum poorly defined, excisura wide with notch poorly defined. Posterior region: lanceolated."
Psenopsis sp_Sp4_R (11).tif,hexagonal,hexagonal to fusiform,"Type: Sagittal. Side: Right otolith. Shape: hexagonal to fusiform, crenate to lobed dorsal and entire ventral margins. Sulcus acusticus: heterosulcoid, ostial, median. Ostium: tubular. Cauda: tubular, slightly curved. Anterior region: peaked, rostrum blunt and antirostrum peaked,  excisura narrow with shallow, acute notch. Posterior region: round to peaked.","Type: Sagittal. Side: Right otolith. Shape: hexagonal, lobed dorsal and lobed ventral margins. Sulcus acusticus: heterosulcoid, ostial, median. Ostium: tubular. Cauda: tubular, slightly curved. Anterior region: blunt to round, rostrum blunt and antirostrum blunt to poorly defined,  excisura narrow with shallow, wide notch. Posterior region: double-peaked."
Psenopsis sp_Sp4_R (12).tif,hexagonal,hexagonal to fusiform,"Type: Sagittal. Side: Right otolith. Shape: hexagonal to fusiform, crenate to lobed dorsal and entire ventral margins. Sulcus acusticus: heterosulcoid, ostial, median. Ostium: tubular. Cauda: tubular, slightly curved. Anterior region: peaked, rostrum blunt and antirostrum peaked,  excisura narrow with shallow, acute notch. Posterior region: round to peaked.","Type: Sagittal. Side: Right otolith. Shape: hexagonal, lobed dorsal and lobed ventral margins. Sulcus acusticus: heterosulcoid, ostial, median. Ostium: tubular. Cauda: tubular, slightly curved. Anterior region: blunt to round, rostrum blunt and antirostrum blunt to poorly defined,  excisura narrow with shallow, wide notch. Posterior region: double-peaked."
Psenopsis sp_Sp4_R (13).tif,hexagonal,hexagonal to fusiform,"Type: Sagittal. Side: Right otolith. Shape: hexagonal to fusiform, crenate to lobed dorsal and entire ventral margins. Sulcus acusticus: heterosulcoid, ostial, median. Ostium: tubular. Cauda: tubular, slightly curved. Anterior region: peaked, rostrum blunt and antirostrum peaked,  excisura narrow with shallow, acute notch. Posterior region: round to peaked.","Type: Sagittal. Side: Right otolith. Shape: hexagonal, lobed dorsal and lobed ventral margins. Sulcus acusticus: heterosulcoid, ostial, median. Ostium: tubular. Cauda: tubular, slightly curved. Anterior region: blunt to round, rostrum blunt and antirostrum blunt to poorly defined,  excisura narrow with shallow, wide notch. Posterior region: double-peaked."
Psenopsis sp_Sp4_R (14).tif,hexagonal,hexagonal to fusiform,"Type: Sagittal. Side: Right otolith. Shape: hexagonal to fusiform, crenate to lobed dorsal and entire ventral margins. Sulcus acusticus: heterosulcoid, ostial, median. Ostium: tubular. Cauda: tubular, slightly curved. Anterior region: peaked, rostrum blunt and antirostrum peaked,  excisura narrow with shallow, acute notch. Posterior region: round to peaked.","Type: Sagittal. Side: Right otolith. Shape: hexagonal, lobed dorsal and lobed ventral margins. Sulcus acusticus: heterosulcoid, ostial, median. Ostium: tubular. Cauda: tubular, slightly curved. Anterior region: blunt to round, rostrum blunt and antirostrum blunt to poorly defined,  excisura narrow with shallow, wide notch. Posterior region: double-peaked."
Psenopsis sp_Sp4_R (15).tif,hexagonal,elliptical,"Type: Sagittal. Side: Right otolith. Shape: elliptical, crenate to lobbed dorsal and ventral margins. Sulcus acusticus: heterosulcoid, ostial, median. Ostium: tubular. Cauda: tubular, straight. Anterior region: angled, rostrum and antirostrum poorly defined. Posterior region: slightly double peaked.","Type: Sagittal. Side: Right otolith. Shape: hexagonal, lobed dorsal and lobed ventral margins. Sulcus acusticus: heterosulcoid, ostial, median. Ostium: tubular. Cauda: tubular, slightly curved. Anterior region: blunt to round, rostrum blunt and antirostrum blunt to poorly defined,  excisura narrow with shallow, wide notch. Posterior region: double-peaked."
Psenopsis sp_Sp4_R (5).tif,hexagonal,elliptical,"Type: Sagittal. Side: Right otolith. Shape: elliptical, crenate to lobbed dorsal and entire ventral margins. Sulcus acusticus: heterosulcoid, ostial, median. Ostium: tubular. Cauda: tubular, slightly curved. Anterior region: angled to irregular, rostrum and antirostrum blunt, excisura narrow with shallow, acute notch. Posterior region: blunt.","Type: Sagittal. Side: Right otolith. Shape: hexagonal, lobed dorsal and lobed ventral margins. Sulcus acusticus: heterosulcoid, ostial, median. Ostium: tubular. Cauda: tubular, slightly curved. Anterior region: blunt to round, rostrum blunt and antirostrum blunt to poorly defined,  excisura narrow with shallow, wide notch. Posterior region: double-peaked."
Psenopsis sp_Sp4_R (6).tif,hexagonal,hexagonal to fusiform,"Type: Sagittal. Side: Right otolith. Shape: hexagonal to fusiform, lobed to crenate dorsal and entire ventral margins. Sulcus acusticus: heterosulcoid, ostial, median. Ostium: tubular. Cauda: tubular, slightly curved. Anterior region: peaked, rostrum blunt and antirostrum peaked,  excisura narrow with shallow, acute notch. Posterior region: round to peaked.","Type: Sagittal. Side: Right otolith. Shape: hexagonal, lobed dorsal and lobed ventral margins. Sulcus acusticus: heterosulcoid, ostial, median. Ostium: tubular. Cauda: tubular, slightly curved. Anterior region: blunt to round, rostrum blunt and antirostrum blunt to poorly defined,  excisura narrow with shallow, wide notch. Posterior region: double-peaked."
AE41R 1.6X.tif,discoidal to hour-glass,hour-glass,"Type: Sagittal. Side: Right otolith. Shape: hour-glass, entire dorsal and entire to crenate ventral margins. Sulcus acusticus: heterosulcoid, ostio-caudal, median. Ostium: Funnel-like. Cauda: tubular, straight. Anterior region: double-peaked, rostrum angled antirostrum angled, excisura moderately wide with moderately wide acute notch. Posterior region:  double-peaked.","Type: Sagittal. Side: Right otolith. Shape: discoidal to hour-glass, sinuate dorsal and sinuate to crenate ventral margins. Sulcus acusticus: heterosulcoid, ostial, supramedian. Ostium: Funnel-like. Cauda: tubular, straight. Anterior region: double-peaked, rostrum peaked and antirostrum angled, excisura wide with acute deep notch. Posterior region: double-peaked."
AE42 1.6XDORSAL3.tif,discoidal to hour-glass,hour-glass,"Type: Sagittal. Side: Right otolith. Shape: hour-glass, entire dorsal and entire to crenate ventral margins. Sulcus acusticus: heterosulcoid, ostio-caudal, median. Ostium: Funnel-like. Cauda: tubular, straight. Anterior region: double-peaked, rostrum angled antirostrum angled, excisura moderately wide with moderately wide acute notch. Posterior region:  double-peaked.","Type: Sagittal. Side: Right otolith. Shape: discoidal to hour-glass, sinuate to crenate dorsal and sinuate to crenate ventral margins. Sulcus acusticus: heterosulcoid, ostial, supramedian. Ostium: Funnel-like. Cauda: tubular, straight. Anterior region: double-peaked, rostrum peaked and antirostrum peaked, excisura wide with acute deep notch. Posterior region: double-peaked."
AE58R 1.6X.tif,discoidal to hour-glass,hour-glass,"Type: Sagittal. Side: Right otolith. Shape: hour-glass, sinuate dorsal and sinuate to crenate ventral margins. Sulcus acusticus: heterosulcoid, ostio-caudal, median. Ostium: Funnel-like. Cauda: tubular, straight. Anterior region: double-peaked, rostrum angled antirostrum angled, excisura moderately wide with moderately wide acute notch. Posterior region:  double-peaked.","Type: Sagittal. Side: Right otolith. Shape: discoidal to hour-glass, sinuate to crenate dorsal and sinuate to lobed ventral margins. Sulcus acusticus: heterosulcoid, ostial, supramedian. Ostium: Funnel-like. Cauda: tubular, straight. Anterior region: double-peaked, rostrum angled and antirostrum peaked, excisura moderately wide with acute moderately deep notch. Posterior region: round."
AJ17R 1.6X.tif,pentagonal,elliptical,"Type: Sagittal. Side: Right otolith. Shape: elliptical, sinuate dorsal and sinuate ventral margins. Sulcus acusticus: heterosulcoid, ostial, median. Ostium: Funnel-like. Cauda: tubular, straight. Anterior region: double-peaked, rostrum peaked and antirostrum peaked, excisura moderately narrow with wide notch. Posterior region: blunt to double-peaked.","Type: Sagittal. Side: Right otolith. Shape: pentagonal, entire to sinuate dorsal and crenate to sinuate ventral margins. Sulcus acusticus: heterosulcoid, ostio-caudal, median. Ostium: Funnel-like. Cauda: tubular, straight. Anterior region: double-peaked,rostrum angled and antirostrum angled excisura narrow with acute shallow notch. Posterior region:flattened."
AJ26L 1.6X.tif,pentagonal,oval,"Type: Sagittal. Side: Right otolith. Shape: oval, entire dorsal and entire to crenate ventral margins. Sulcus acusticus: heterosulcoid, ostio-caudal, median. Ostium: Funnel-like. Cauda: tubular, straight. Anterior region: round, rostrum and antirostrum poorly defined. Posterior region: double-peaked.","Type: Sagittal. Side: Left otolith. Shape: pentagonal, entire to sinuate dorsal and crenate to sinuate ventral margins. Sulcus acusticus: heterosulcoid, ostio-caudal, median. Ostium: Funnel-like. Cauda: tubular, straight. Anterior region: double-peaked,rostrum angled and antirostrum angled excisura narrow with acute shallow notch. Posterior region:double-peaked."
AJ28.tif,pentagonal,hour-glass to rhomboidal,"Type: Sagittal. Side: Right otolith. Shape: hour-glass to rhomboidal, entire dorsal and entire to crenate ventral margins. Sulcus acusticus: heterosulcoid, ostio-caudal, median. Ostium: Funnel-like. Cauda: tubular, straight. Anterior region: double-peaked, rostrum angled antirostrum angled, excisura moderately wide with moderately wide acute notch. Posterior region:  double-peaked.","Type: Sagittal. Side: Right otolith. Shape: pentagonal, entire to sinuate dorsal and entire to sinuate ventral margins. Sulcus acusticus: heterosulcoid, ostio-caudal, median. Ostium: Funnel-like. Cauda: tubular, straight. Anterior region: double-peaked,rostrum peaked and antirostrum angled, excisura moderately wide with acute shallow notch. Posterior region:round to angled."
AJ29R 1.6X.tif,discoidal to hour-glass,hour-glass,"Type: Sagittal. Side: Right otolith. Shape: hour-glass, entire dorsal and entire to crenate ventral margins. Sulcus acusticus: heterosulcoid, ostio-caudal, median. Ostium: Funnel-like. Cauda: tubular, straight. Anterior region: double-peaked, rostrum angled antirostrum angled, excisura moderately wide with moderately wide acute notch. Posterior region:  double-peaked.","Type: Sagittal. Side: Left otolith. Shape: discoidal to hour-glass, entire to sinuate dorsal and entire to crenate ventral margins. Sulcus acusticus: heterosulcoid, ostio-caudal, median. Ostium: Funnel-like. Cauda: tubular, straight. Anterior region: double-peaked,rostrum angled and antirostrum angled, excisura wide with acute shallow notch. Posterior region:double-peaked"
AJ35.tif,discoidal to hour-glass,elliptical,"Type: Sagittal. Side: Right otolith. Shape: elliptical, sinuate to crenate dorsal and crenate to sinuate ventral margins. Sulcus acusticus: heterosulcoid, ostial, median. Ostium: Funnel-like. Cauda: tubular, straight. Anterior region: angled, rostrum and antirostrum blunt, excisura wide with poorly defined notch. Posterior region: double-peaked.","Type: Sagittal. Side: Right otolith. Shape: discoidal to hour-glass, entire to sinuate dorsal and entire to lobed ventral margins. Sulcus acusticus: heterosulcoid, ostio-caudal, median. Ostium: Funnel-like. Cauda: tubular, straight. Anterior region: double-peaked,rostrum angled and antirostrum angled, excisura narrow with acute shallow notch. Posterior region:double-peaked"
AJ381.6XDORSAL4.tif,semicircular to hour-glass,hour-glass,"Type: Sagittal. Side: Right otolith. Shape: hour-glass, entire dorsal and entire to crenate ventral margins. Sulcus acusticus: heterosulcoid, ostio-caudal, median. Ostium: Funnel-like. Cauda: tubular, straight. Anterior region: double-peaked, rostrum angled antirostrum angled, excisura moderately wide with moderately wide acute notch. Posterior region:  double-peaked.","Type: Sagittal. Side: Right otolith. Shape: semicircular to hour-glass, entire to sinuate dorsal and entire to serrate ventral margins. Sulcus acusticus: heterosulcoid, ostio-caudal, median. Ostium: Funnel-like. Cauda: tubular, straight. Anterior region: double-peaked,rostrum angled and antirostrum angled, excisura moderately wide with acute shallow notch. Posterior region:double-peaked"
AJ39.tif,squared to hour-glass,hour-glass,"Type: Sagittal. Side: Right otolith. Shape: hour-glass, entire dorsal and entire to crenate ventral margins. Sulcus acusticus: heterosulcoid, ostio-caudal, median. Ostium: Funnel-like. Cauda: tubular, straight. Anterior region: double-peaked, rostrum angled antirostrum angled, excisura moderately wide with moderately wide acute notch. Posterior region:  double-peaked.","Type: Sagittal. Side: Left otolith. Shape: squared to hour-glass, entire to sinuate dorsal and entire to sinuate ventral margins. Sulcus acusticus: heterosulcoid, ostio-caudal, median. Ostium: Funnel-like. Cauda: tubular, straight. Anterior region: double-peaked,rostrum angled and antirostrum angled, excisura narrow with acute shallow notch. Posterior region:double-peaked"
AJ4L.tif,squared to oval,pentagonal,"Type: Sagittal. Side: Right otolith. Shape: pentagonal, entire dorsal and entire to crenate ventral margins. Sulcus acusticus: heterosulcoid, ostial, median. Ostium: Funnel-like, shorter than cauda. Cauda: tubular, slightly curved. anterior region: double-peaked, rostrum and antirostrum well defined and angled. excisura narrow and wide shallow notch. Posterior region: round.","Type: Sagittal. Side: Not visible. Shape: squared to oval, entire dorsal and crenate ventral margins. Sulcus acusticus: Not visible. Anterior region: round ,rostrum and antirostrum poorly defined, excisura and notch poorly defined. Posterior region:round."
AJ5L 1.6X.tif,discoidal,rhomboidal to fusiform,"Type: Sagittal. Side: Right otolith. Shape: rhomboidal to fusiform, entire dorsal and entire to crenate ventral margins. Sulcus acusticus: heterosulcoid, ostio-caudal, median. Ostium: Funnel-like. Cauda: tubular, straight. Anterior region: peaked, rostrum and antirostrum blunt, excisura wide with wide, shallow notch. Posterior region: Blunt.","Type: Sagittal. Side: Left otolith. Shape: discoidal, entire dorsal and crenate ventral margins. Sulcus acusticus: heterosulcoid, ostio-caudal, median. Ostium: Funnel-like. Cauda: tubular, straight. Anterior region: double-peaked,rostrum peaked and antirostrum angled excisura moderately wide with acute shallow notch. Posterior region:round."
AK18.tif,elliptical,rhomboidal to elliptical,"Type: Sagittal. Side: Right otolith. Shape: rhomboidal to elliptical, crenate dorsal and sinuate to crenate ventral margins. Sulcus acusticus: heterosulcoid, ostial, median. Ostium: tubular. Cauda: tubular, straight. The anterior region: slightly double peaked, rostrum angled, antirostrum angled. Posterior region: angled.","Type: Sagittal. Side: Right otolith. Shape: elliptical, lobed to crenate dorsal and sinuate to crenate ventral margins. Sulcus acusticus: heterosulcoid, ostial, median. Ostium: tubular. Cauda: tubular, straight. Anterior region: angled, rostrum angled and antirostrum poorly defined, excisura and notch poorly defined. Posterior region: double-peaked"
AK45.tif,elliptical to hour-glass,elliptical,"Type: Sagittal. Side: Right otolith. Shape: elliptical, lobbed dorsal and sinuate ventral margins. Sulcus acusticus: heterosulcoid, ostial, median. Ostium: tubular. Cauda: tubular, slightly curved. Anterior region: double peaked, rostrum and antirostrum poorly defined. Posterior region: double peaked.","Type: Sagittal. Side: Right otolith. Shape: elliptical to hour-glass, lobed to dentate dorsal and sinuate to lobed ventral margins. Sulcus acusticus: heterosulcoid, ostial, median. Ostium: tubular. Cauda: tubular, straight. Anterior region: double-peaked, rostrum angled and antirostrum angled, excisura narrow with acute deep notch. Posterior region: double-peaked."
Setarches guenthari_Sp13_L (1).tif,fusiform to lancelolated,fusiform to lanceolated,"Type: Sagittal. Side: Left otolith. Shape: fusiform to lanceolated, sinuate to irregular dorsal and sinuate to lobed ventral margins. Sulcus acusticus: pseudo-archaesulcoid, ostial, median. Ostium: discoidal. Cauda: tubular, straight. Anterior region: angled to double-peaked, rostrum and antirostrum blunt, excisura wide with acute, deep notch. Posterior region: blunt to round.","Type: Sagittal, Side: Left otolith. Shape: fusiform to lancelolated. entire to sinuate dorsal and entire to irregular ventral margins. Sulcus acusticus: pseudo-archaesulcoid, ostial, median. Ostium: discoidal. Cauda: tubular, straight. Anterior region: angled to double peaked, rostrum and antirostrum blunt, excisura wide with moderately wide, deep notch. Posterior region: irregular."
Setarches guenthari_Sp13_L (2).tif,fusiform to lancelolated,fusiform to lanceolated,"Type: Sagittal. Side: Left otolith. Shape: fusiform to lanceolated, sinuate to irregular dorsal and sinuate to lobed ventral margins. Sulcus acusticus: pseudo-archaesulcoid, ostial, median. Ostium: discoidal. Cauda: tubular, straight. Anterior region: angled to double-peaked, rostrum and antirostrum blunt, excisura wide with acute, deep notch. Posterior region: blunt to round.","Type: Sagittal, Side: Left otolith. Shape: fusiform to lancelolated. entire to sinuate dorsal and entire to irregular ventral margins. Sulcus acusticus: pseudo-archaesulcoid, ostial, median. Ostium: discoidal. Cauda: tubular, straight. Anterior region: angled to double peaked, rostrum and antirostrum blunt, excisura wide with moderately wide, deep notch. Posterior region: irregular."
Setarches guenthari_Sp13_L (3).tif,fusiform to lancelolated,fusiform,"Type: Sagittal. Side: Left otolith. Shape: fusiform, entire to sinuate dorsal and entire to sinuate ventral margins. Sulcus acusticus: pseudo-archaesulcoid, ostial, median. Ostium: discoidal. Cauda: tubular, straight. Anterior region: angled to double-peaked, rostrum and antirostrum blunt, excisura wide with acute, deep notch. Posterior region: blunt to round.","Type: Sagittal, Side: Left otolith. Shape: fusiform to lancelolated. entire to sinuate dorsal and entire to irregular ventral margins. Sulcus acusticus: pseudo-archaesulcoid, ostial, median. Ostium: discoidal. Cauda: tubular, straight. Anterior region: angled to double peaked, rostrum and antirostrum blunt, excisura wide with moderately wide, deep notch. Posterior region: irregular."
Setarches guenthari_Sp13_L (4).tif,fusiform to lancelolated,fusiform to lanceolated,"Type: Sagittal. Side: Left otolith. Shape: fusiform to lanceolated, entire to sinuate dorsal and sinuate to lobed ventral margins. Sulcus acusticus: pseudo-archaesulcoid, ostial, median. Ostium: discoidal. Cauda: tubular, straight. Anterior region: angled to double-peaked, rostrum and antirostrum blunt, excisura wide with acute, deep notch. Posterior region: blunt.","Type: Sagittal, Side: Left otolith. Shape: fusiform to lancelolated. entire to sinuate dorsal and entire to irregular ventral margins. Sulcus acusticus: pseudo-archaesulcoid, ostial, median. Ostium: discoidal. Cauda: tubular, straight. Anterior region: angled to double peaked, rostrum and antirostrum blunt, excisura wide with moderately wide, deep notch. Posterior region: irregular."
Setarches guenthari_Sp13_L (5).tif,fusiform to lancelolated,fusiform to lanceolated,"Type: Sagittal. Side: Left otolith. Shape: fusiform to lanceolated, entire to sinuate dorsal and sinuate to lobed ventral margins. Sulcus acusticus: pseudo-archaesulcoid, ostial, median. Ostium: discoidal. Cauda: tubular, straight. Anterior region: angled to double-peaked, rostrum and antirostrum blunt, excisura wide with acute, deep notch. Posterior region: blunt.","Type: Sagittal, Side: Left otolith. Shape: fusiform to lancelolated. entire to sinuate dorsal and entire to irregular ventral margins. Sulcus acusticus: pseudo-archaesulcoid, ostial, median. Ostium: discoidal. Cauda: tubular, straight. Anterior region: angled to double peaked, rostrum and antirostrum blunt, excisura wide with moderately wide, deep notch. Posterior region: irregular."
Setarches guenthari_Sp13_L (6).tif,fusiform to lancelolated,fusiform,"Type: Sagittal. Side: Left otolith. Shape: fusiform, irregular dorsal and entire to sinuate ventral margins. Sulcus acusticus: pseudo-archaesulcoid, ostial, median. Ostium: discoidal. Cauda: tubular, straight. Anterior region: angled to double-peaked, rostrum and antirostrum blunt, excisura wide with acute, deep notch. Posterior region: blunt to round.","Type: Sagittal, Side: Left otolith. Shape: fusiform to lancelolated. entire to sinuate dorsal and entire to irregular ventral margins. Sulcus acusticus: pseudo-archaesulcoid, ostial, median. Ostium: discoidal. Cauda: tubular, straight. Anterior region: angled to double peaked, rostrum and antirostrum blunt, excisura wide with moderately wide, deep notch. Posterior region: irregular."
Setarches guenthari_Sp13_L (7).tif,fusiform to lancelolated,fusiform to lanceolated,"Type: Sagittal. Side: Left otolith. Shape: fusiform to lanceolated, sinuate to irregular dorsal and sinuate to lobed ventral margins. Sulcus acusticus: pseudo-archaesulcoid, ostial, median. Ostium: discoidal. Cauda: tubular, straight. Anterior region: angled to double-peaked, rostrum and antirostrum blunt, excisura wide with acute, deep notch. Posterior region: blunt to round.","Type: Sagittal, Side: Left otolith. Shape: fusiform to lancelolated. entire to sinuate dorsal and entire to irregular ventral margins. Sulcus acusticus: pseudo-archaesulcoid, ostial, median. Ostium: discoidal. Cauda: tubular, straight. Anterior region: angled to double peaked, rostrum and antirostrum blunt, excisura wide with moderately wide, deep notch. Posterior region: irregular."
Setarches guenthari_Sp13_R (1).tif,fusiform to lancelolated,fusiform to lanceolated,"Type: Sagittal. Side: Right otolith. Shape: fusiform to lanceolated, entire to sinuate dorsal and entire to sinuate ventral margins. Sulcus acusticus: pseudo-archaesulcoid, ostial, median. Ostium: discoidal. Cauda: tubular, straight. Anterior region: angled to double-peaked, rostrum and antirostrum blunt, excisura wide with acute, deep notch. Posterior region: blunt to round.","Type: Sagittal, Side: Right otolith. Shape: fusiform to lancelolated. sinuate dorsal and entire to sinuate ventral margins. Sulcus acusticus: pseudo-archaesulcoid, ostial, median. Ostium: discoidal. Cauda: tubular, straight. Anterior region: angled to double peaked, rostrum and antirostrum blunt, excisura wide with moderately wide, deep notch. Posterior region: blunt."
Setarches guenthari_Sp13_R (2).tif,fusiform to lancelolated,fusiform to lanceolated,"Type: Sagittal. Side: Right otolith. Shape: fusiform to lanceolated, entire to sinuate dorsal and entire to sinuate ventral margins. Sulcus acusticus: pseudo-archaesulcoid, ostial, median. Ostium: discoidal. Cauda: tubular, straight. Anterior region: angled to double-peaked, rostrum and antirostrum blunt, excisura wide with acute, deep notch. Posterior region: blunt to round.","Type: Sagittal, Side: Right otolith. Shape: fusiform to lancelolated. sinuate dorsal and entire to sinuate ventral margins. Sulcus acusticus: pseudo-archaesulcoid, ostial, median. Ostium: discoidal. Cauda: tubular, straight. Anterior region: angled to double peaked, rostrum and antirostrum blunt, excisura wide with moderately wide, deep notch. Posterior region: blunt."
Setarches guenthari_Sp13_R (3).tif,fusiform to lancelolated,fusiform to lanceolated,"Type: Sagittal. Side: Right otolith. Shape: fusiform to lanceolated, sinuate dorsal and sinuate to lobed ventral margins. Sulcus acusticus: pseudo-archaesulcoid, ostial, median. Ostium: discoidal. Cauda: tubular, straight. Anterior region: angled to double-peaked, rostrum and antirostrum blunt, excisura wide with acute, deep notch. Posterior region: blunt to round.","Type: Sagittal, Side: Right otolith. Shape: fusiform to lancelolated. sinuate dorsal and entire to sinuate ventral margins. Sulcus acusticus: pseudo-archaesulcoid, ostial, median. Ostium: discoidal. Cauda: tubular, straight. Anterior region: angled to double peaked, rostrum and antirostrum blunt, excisura wide with moderately wide, deep notch. Posterior region: blunt."
Setarches guenthari_Sp13_R (4).tif,fusiform to lancelolated,fusiform to lanceolated,"Type: Sagittal. Side: Right otolith. Shape: fusiform to lanceolated, sinuate dorsal and sinuate to lobed ventral margins. Sulcus acusticus: pseudo-archaesulcoid, ostial, median. Ostium: discoidal. Cauda: tubular, straight. Anterior region: angled to double-peaked, rostrum and antirostrum blunt, excisura wide with acute, deep notch. Posterior region: blunt to round.","Type: Sagittal, Side: Right otolith. Shape: fusiform to lancelolated. sinuate dorsal and entire to sinuate ventral margins. Sulcus acusticus: pseudo-archaesulcoid, ostial, median. Ostium: discoidal. Cauda: tubular, straight. Anterior region: angled to double peaked, rostrum and antirostrum blunt, excisura wide with moderately wide, deep notch. Posterior region: blunt."
Setarches guenthari_Sp13_R (5).tif,fusiform to lancelolated,fusiform to lanceolated,"Type: Sagittal. Side: Right otolith. Shape: fusiform to lanceolated, sinuate dorsal and sinuate to lobed ventral margins. Sulcus acusticus: pseudo-archaesulcoid, ostial, median. Ostium: discoidal. Cauda: tubular, straight. Anterior region: angled to double-peaked, rostrum and antirostrum blunt, excisura wide with acute, deep notch. Posterior region: blunt to round.","Type: Sagittal, Side: Right otolith. Shape: fusiform to lancelolated. sinuate dorsal and entire to sinuate ventral margins. Sulcus acusticus: pseudo-archaesulcoid, ostial, median. Ostium: discoidal. Cauda: tubular, straight. Anterior region: angled to double peaked, rostrum and antirostrum blunt, excisura wide with moderately wide, deep notch. Posterior region: blunt."
Setarches guenthari_Sp13_R (6).tif,fusiform to lancelolated,fusiform to lanceolated,"Type: Sagittal. Side: Right otolith. Shape: fusiform to lanceolated, sinuate to irregular dorsal and sinuate to lobed ventral margins. Sulcus acusticus: pseudo-archaesulcoid, ostial, median. Ostium: discoidal. Cauda: tubular, straight. Anterior region: angled to double-peaked, rostrum and antirostrum blunt, excisura wide with acute, deep notch. Posterior region: blunt to round.","Type: Sagittal, Side: Right otolith. Shape: fusiform to lancelolated. sinuate dorsal and entire to sinuate ventral margins. Sulcus acusticus: pseudo-archaesulcoid, ostial, median. Ostium: discoidal. Cauda: tubular, straight. Anterior region: angled to double peaked, rostrum and antirostrum blunt, excisura wide with moderately wide, deep notch. Posterior region: blunt."
Setarches guenthari_Sp14_L (1).tif,fusiform to lancelolated,fusiform to lanceolated,"Type: Sagittal. Side: Left otolith. Shape: fusiform to lanceolated, sinuate dorsal and sinuate to lobed ventral margins. Sulcus acusticus: pseudo-archaesulcoid, ostial, median. Ostium: discoidal. Cauda: tubular, straight. Anterior region: angled to double-peaked, rostrum and antirostrum blunt, excisura wide with acute, deep notch. Posterior region: blunt to round.","Type: Sagittal, Side: Left otolith. Shape: fusiform to lancelolated. sinuate dorsal and entire to sinuate ventral margins. Sulcus acusticus: pseudo-archaesulcoid, ostial, median. Ostium: discoidal. Cauda: tubular, straight. Anterior region: angled to double peaked, rostrum and antirostrum blunt, excisura wide with acute, deep notch. Posterior region: flattened."
Setarches guenthari_Sp14_L (2).tif,fusiform to lancelolated,fusiform to lanceolated,"Type: Sagittal. Side: Left otolith. Shape: fusiform to lanceolated, sinuate dorsal and sinuate to lobed ventral margins. Sulcus acusticus: pseudo-archaesulcoid, ostial, median. Ostium: discoidal. Cauda: tubular, straight. Anterior region: angled to double-peaked, rostrum and antirostrum blunt, excisura wide with acute, deep notch. Posterior region: blunt to round.","Type: Sagittal, Side: Left otolith. Shape: fusiform to lancelolated. sinuate dorsal and entire to sinuate ventral margins. Sulcus acusticus: pseudo-archaesulcoid, ostial, median. Ostium: discoidal. Cauda: tubular, straight. Anterior region: angled to double peaked, rostrum and antirostrum blunt, excisura wide with acute, deep notch. Posterior region: flattened."
Setarches guenthari_Sp14_L (3).tif,fusiform to lancelolated,fusiform to lanceolated,"Type: Sagittal. Side: Left otolith. Shape: fusiform to lanceolated, sinuate to irregular dorsal and sinuate to lobed ventral margins. Sulcus acusticus: pseudo-archaesulcoid, ostial, median. Ostium: discoidal. Cauda: tubular, straight. Anterior region: angled to double-peaked, rostrum and antirostrum blunt, excisura wide with acute, deep notch. Posterior region: blunt to round.","Type: Sagittal, Side: Left otolith. Shape: fusiform to lancelolated. sinuate dorsal and entire to sinuate ventral margins. Sulcus acusticus: pseudo-archaesulcoid, ostial, median. Ostium: discoidal. Cauda: tubular, straight. Anterior region: angled to double peaked, rostrum and antirostrum blunt, excisura wide with acute, deep notch. Posterior region: flattened."
Setarches guenthari_Sp14_L (4).tif,fusiform to lancelolated,fusiform to lanceolated,"Type: Sagittal. Side: Left otolith. Shape: fusiform to lanceolated, sinuate dorsal and sinuate to lobed ventral margins. Sulcus acusticus: pseudo-archaesulcoid, ostial, median. Ostium: discoidal. Cauda: tubular, straight. Anterior region: angled to double-peaked, rostrum and antirostrum blunt, excisura wide with acute, deep notch. Posterior region: blunt to round.","Type: Sagittal, Side: Left otolith. Shape: fusiform to lancelolated. sinuate dorsal and entire to sinuate ventral margins. Sulcus acusticus: pseudo-archaesulcoid, ostial, median. Ostium: discoidal. Cauda: tubular, straight. Anterior region: angled to double peaked, rostrum and antirostrum blunt, excisura wide with acute, deep notch. Posterior region: flattened."
Setarches guenthari_Sp14_L (5).tif,fusiform to lancelolated,fusiform to lanceolated,"Type: Sagittal. Side: Left otolith. Shape: fusiform to lanceolated, sinuate dorsal and sinuate to lobed ventral margins. Sulcus acusticus: pseudo-archaesulcoid, ostial, median. Ostium: discoidal. Cauda: tubular, straight. Anterior region: angled to double-peaked, rostrum and antirostrum blunt, excisura wide with acute, deep notch. Posterior region: blunt to round.","Type: Sagittal, Side: Left otolith. Shape: fusiform to lancelolated. sinuate dorsal and entire to sinuate ventral margins. Sulcus acusticus: pseudo-archaesulcoid, ostial, median. Ostium: discoidal. Cauda: tubular, straight. Anterior region: angled to double peaked, rostrum and antirostrum blunt, excisura wide with acute, deep notch. Posterior region: flattened."
Setarches guenthari_Sp14_L (6).tif,fusiform to lancelolated,fusiform to lanceolated,"Type: Sagittal. Side: Left otolith. Shape: fusiform to lanceolated, sinuate dorsal and sinuate to lobed ventral margins. Sulcus acusticus: pseudo-archaesulcoid, ostial, median. Ostium: discoidal. Cauda: tubular, straight. Anterior region: angled to double-peaked, rostrum and antirostrum blunt, excisura wide with acute, deep notch. Posterior region: blunt to round.","Type: Sagittal, Side: Left otolith. Shape: fusiform to lancelolated. sinuate dorsal and entire to sinuate ventral margins. Sulcus acusticus: pseudo-archaesulcoid, ostial, median. Ostium: discoidal. Cauda: tubular, straight. Anterior region: angled to double peaked, rostrum and antirostrum blunt, excisura wide with acute, deep notch. Posterior region: flattened."
Setarches guenthari_Sp14_L (7).tif,fusiform to lancelolated,fusiform to lanceolated,"Type: Sagittal. Side: Left otolith. Shape: fusiform to lanceolated, sinuate dorsal and sinuate to lobed ventral margins. Sulcus acusticus: pseudo-archaesulcoid, ostial, median. Ostium: discoidal. Cauda: tubular, straight. Anterior region: angled to double-peaked, rostrum and antirostrum blunt, excisura wide with acute, deep notch. Posterior region: blunt to round.","Type: Sagittal, Side: Left otolith. Shape: fusiform to lancelolated. sinuate dorsal and entire to sinuate ventral margins. Sulcus acusticus: pseudo-archaesulcoid, ostial, median. Ostium: discoidal. Cauda: tubular, straight. Anterior region: angled to double peaked, rostrum and antirostrum blunt, excisura wide with acute, deep notch. Posterior region: flattened."
Setarches guenthari_Sp14_L (8).tif,fusiform to lancelolated,fusiform to lanceolated,"Type: Sagittal. Side: Left otolith. Shape: fusiform to lanceolated, sinuate dorsal and sinuate to lobed ventral margins. Sulcus acusticus: pseudo-archaesulcoid, ostial, median. Ostium: discoidal. Cauda: tubular, straight. Anterior region: angled to double-peaked, rostrum and antirostrum blunt, excisura wide with acute, deep notch. Posterior region: blunt to round.","Type: Sagittal, Side: Left otolith. Shape: fusiform to lancelolated. sinuate dorsal and entire to sinuate ventral margins. Sulcus acusticus: pseudo-archaesulcoid, ostial, median. Ostium: discoidal. Cauda: tubular, straight. Anterior region: angled to double peaked, rostrum and antirostrum blunt, excisura wide with acute, deep notch. Posterior region: flattened."
Setarches guenthari_Sp14_R (1).tif,fusiform to lancelolated,fusiform,"Type: Sagittal. Side: Right otolith. Shape: fusiform, entire to sinuate dorsal and sinuate to lobed ventral margins. Sulcus acusticus: pseudo-archaesulcoid, ostial, median. Ostium: discoidal. Cauda: tubular, straight. Anterior region: angled to double-peaked, rostrum and antirostrum blunt, excisura wide with acute, deep notch. Posterior region: blunt.","Type: Sagittal, Side: Right otolith. Shape: fusiform to lancelolated. sinuate dorsal and sinuate to dentate  ventral margins. Sulcus acusticus: pseudo-archaesulcoid, ostial, median. Ostium: discoidal. Cauda: tubular, straight. Anterior region: angled to double peaked, rostrum and antirostrum blunt, excisura wide with acute, deep notch. Posterior region: flattened to irregular."
Setarches guenthari_Sp14_R (2).tif,fusiform to lancelolated,fusiform to lanceolated,"Type: Sagittal. Side: Right otolith. Shape: fusiform to lanceolated, sinuate to irregular dorsal and sinuate to lobed ventral margins. Sulcus acusticus: pseudo-archaesulcoid, ostial, median. Ostium: discoidal. Cauda: tubular, straight. Anterior region: angled to double-peaked, rostrum and antirostrum blunt, excisura wide with acute, deep notch. Posterior region: blunt to round.","Type: Sagittal, Side: Right otolith. Shape: fusiform to lancelolated. sinuate dorsal and sinuate to dentate  ventral margins. Sulcus acusticus: pseudo-archaesulcoid, ostial, median. Ostium: discoidal. Cauda: tubular, straight. Anterior region: angled to double peaked, rostrum and antirostrum blunt, excisura wide with acute, deep notch. Posterior region: flattened to irregular."
Setarches guenthari_Sp14_R (3).tif,fusiform to lancelolated,fusiform to lanceolated,"Type: Sagittal. Side: Right otolith. Shape: fusiform to lanceolated, sinuate to irregular dorsal and sinuate to lobed ventral margins. Sulcus acusticus: pseudo-archaesulcoid, ostial, median. Ostium: discoidal. Cauda: tubular, straight. Anterior region: angled to double-peaked, rostrum and antirostrum blunt, excisura wide with acute, deep notch. Posterior region: blunt to round.","Type: Sagittal, Side: Right otolith. Shape: fusiform to lancelolated. sinuate dorsal and sinuate to dentate  ventral margins. Sulcus acusticus: pseudo-archaesulcoid, ostial, median. Ostium: discoidal. Cauda: tubular, straight. Anterior region: angled to double peaked, rostrum and antirostrum blunt, excisura wide with acute, deep notch. Posterior region: flattened to irregular."
Setarches guenthari_Sp14_R (4).tif,fusiform to lancelolated,fusiform to lanceolated,"Type: Sagittal. Side: Right otolith. Shape: fusiform to lanceolated, sinuate to irregular dorsal and sinuate to lobed ventral margins. Sulcus acusticus: pseudo-archaesulcoid, ostial, median. Ostium: discoidal. Cauda: tubular, straight. Anterior region: angled to double-peaked, rostrum and antirostrum blunt, excisura wide with acute, deep notch. Posterior region: blunt to round.","Type: Sagittal, Side: Right otolith. Shape: fusiform to lancelolated. sinuate dorsal and sinuate to dentate  ventral margins. Sulcus acusticus: pseudo-archaesulcoid, ostial, median. Ostium: discoidal. Cauda: tubular, straight. Anterior region: angled to double peaked, rostrum and antirostrum blunt, excisura wide with acute, deep notch. Posterior region: flattened to irregular."
Setarches guenthari_Sp14_R (5).tif,fusiform to lancelolated,fusiform,"Type: Sagittal. Side: Right otolith. Shape: fusiform, entire to sinuate dorsal and sinuate to lobed ventral margins. Sulcus acusticus: pseudo-archaesulcoid, ostial, median. Ostium: discoidal. Cauda: tubular, straight. Anterior region: angled to double-peaked, rostrum and antirostrum blunt, excisura wide with acute, deep notch. Posterior region: blunt.","Type: Sagittal, Side: Right otolith. Shape: fusiform to lancelolated. sinuate dorsal and sinuate to dentate  ventral margins. Sulcus acusticus: pseudo-archaesulcoid, ostial, median. Ostium: discoidal. Cauda: tubular, straight. Anterior region: angled to double peaked, rostrum and antirostrum blunt, excisura wide with acute, deep notch. Posterior region: flattened to irregular."
Setarches guenthari_Sp14_R (6).tif,fusiform to lancelolated,fusiform to lanceolated,"Type: Sagittal. Side: Right otolith. Shape: fusiform to lanceolated, sinuate dorsal and sinuate to lobed ventral margins. Sulcus acusticus: pseudo-archaesulcoid, ostial, median. Ostium: discoidal. Cauda: tubular, straight. Anterior region: angled to double-peaked, rostrum and antirostrum blunt, excisura wide with acute, deep notch. Posterior region: blunt to round.","Type: Sagittal, Side: Right otolith. Shape: fusiform to lancelolated. sinuate dorsal and sinuate to dentate  ventral margins. Sulcus acusticus: pseudo-archaesulcoid, ostial, median. Ostium: discoidal. Cauda: tubular, straight. Anterior region: angled to double peaked, rostrum and antirostrum blunt, excisura wide with acute, deep notch. Posterior region: flattened to irregular."
Setarches guenthari_Sp14_R (7).tif,fusiform to lancelolated,fusiform to lanceolated,"Type: Sagittal. Side: Right otolith. Shape: fusiform to lanceolated, sinuate dorsal and sinuate to lobed ventral margins. Sulcus acusticus: pseudo-archaesulcoid, ostial, median. Ostium: discoidal. Cauda: tubular, straight. Anterior region: angled to double-peaked, rostrum and antirostrum blunt, excisura wide with acute, deep notch. Posterior region: blunt to round.","Type: Sagittal, Side: Right otolith. Shape: fusiform to lancelolated. sinuate dorsal and sinuate to dentate  ventral margins. Sulcus acusticus: pseudo-archaesulcoid, ostial, median. Ostium: discoidal. Cauda: tubular, straight. Anterior region: angled to double peaked, rostrum and antirostrum blunt, excisura wide with acute, deep notch. Posterior region: flattened to irregular."
Setarches guenthari_Sp15_L (1).tif,fusiform to lancelolated,fusiform to lanceolated,"Type: Sagittal. Side: Left otolith. Shape: fusiform to lanceolated, irregular to sinuate dorsal and sinuate to lobed ventral margins. Sulcus acusticus: pseudo-archaesulcoid, ostial, median. Ostium: discoidal. Cauda: tubular, straight. Anterior region: angled to double-peaked, rostrum and antirostrum blunt, excisura wide with acute, deep notch. Posterior region: blunt.","Type: Sagittal, Side: Left otolith. Shape: fusiform to lancelolated. sinuate to lobed dorsal and sinuate to lobed ventral margins. Sulcus acusticus: pseudo-archaesulcoid, ostial, median. Ostium: discoidal. Cauda: tubular, straight. Anterior region: angled to double peaked, rostrum and antirostrum blunt, excisura wide with acute, deep notch. Posterior region: blunt."
Setarches guenthari_Sp15_L (2).tif,fusiform to lancelolated,fusiform to lanceolated,"Type: Sagittal. Side: Left otolith. Shape: fusiform to lanceolated, sinuate to irregular dorsal and sinuate to lobed ventral margins. Sulcus acusticus: pseudo-archaesulcoid, ostial, median. Ostium: discoidal. Cauda: tubular, straight. Anterior region: angled to double-peaked, rostrum and antirostrum blunt, excisura wide with acute, deep notch. Posterior region: blunt to round.","Type: Sagittal, Side: Left otolith. Shape: fusiform to lancelolated. sinuate to lobed dorsal and sinuate to lobed ventral margins. Sulcus acusticus: pseudo-archaesulcoid, ostial, median. Ostium: discoidal. Cauda: tubular, straight. Anterior region: angled to double peaked, rostrum and antirostrum blunt, excisura wide with acute, deep notch. Posterior region: blunt."
Setarches guenthari_Sp15_L (3).tif,fusiform to lancelolated,fusiform to lanceolated,"Type: Sagittal. Side: Left otolith. Shape: fusiform to lanceolated, irregular to sinuate dorsal and sinuate to lobed ventral margins. Sulcus acusticus: pseudo-archaesulcoid, ostial, median. Ostium: discoidal. Cauda: tubular, straight. Anterior region: angled to double-peaked, rostrum and antirostrum blunt, excisura wide with acute, deep notch. Posterior region: blunt.","Type: Sagittal, Side: Left otolith. Shape: fusiform to lancelolated. sinuate to lobed dorsal and sinuate to lobed ventral margins. Sulcus acusticus: pseudo-archaesulcoid, ostial, median. Ostium: discoidal. Cauda: tubular, straight. Anterior region: angled to double peaked, rostrum and antirostrum blunt, excisura wide with acute, deep notch. Posterior region: blunt."
Setarches guenthari_Sp15_L (4).tif,fusiform to lancelolated,fusiform to lanceolated,"Type: Sagittal. Side: Left otolith. Shape: fusiform to lanceolated, sinuate to irregular dorsal and sinuate to lobed ventral margins. Sulcus acusticus: pseudo-archaesulcoid, ostial, median. Ostium: discoidal. Cauda: tubular, straight. Anterior region: angled to double-peaked, rostrum and antirostrum blunt, excisura wide with acute, deep notch. Posterior region: blunt to round.","Type: Sagittal, Side: Left otolith. Shape: fusiform to lancelolated. sinuate to lobed dorsal and sinuate to lobed ventral margins. Sulcus acusticus: pseudo-archaesulcoid, ostial, median. Ostium: discoidal. Cauda: tubular, straight. Anterior region: angled to double peaked, rostrum and antirostrum blunt, excisura wide with acute, deep notch. Posterior region: blunt."
Setarches guenthari_Sp15_L (5).tif,fusiform to lancelolated,fusiform to lanceolated,"Type: Sagittal. Side: Left otolith. Shape: fusiform to lanceolated, sinuate to irregular dorsal and sinuate to lobed ventral margins. Sulcus acusticus: pseudo-archaesulcoid, ostial, median. Ostium: discoidal. Cauda: tubular, straight. Anterior region: angled to double-peaked, rostrum and antirostrum blunt, excisura wide with acute, deep notch. Posterior region: blunt to round.","Type: Sagittal, Side: Left otolith. Shape: fusiform to lancelolated. sinuate to lobed dorsal and sinuate to lobed ventral margins. Sulcus acusticus: pseudo-archaesulcoid, ostial, median. Ostium: discoidal. Cauda: tubular, straight. Anterior region: angled to double peaked, rostrum and antirostrum blunt, excisura wide with acute, deep notch. Posterior region: blunt."
Setarches guenthari_Sp15_R (1).tif,fusiform to lancelolated,fusiform to lanceolated,"Type: Sagittal. Side: Right otolith. Shape: fusiform to lanceolated, sinuate to irregular dorsal and sinuate to lobed ventral margins. Sulcus acusticus: pseudo-archaesulcoid, ostial, median. Ostium: discoidal. Cauda: tubular, straight. Anterior region: angled to double-peaked, rostrum and antirostrum blunt, excisura wide with acute, deep notch. Posterior region: blunt to round.","Type: Sagittal, Side: Right otolith. Shape: fusiform to lancelolated. sinuate to irregular dorsal and sinuate to lobed ventral margins. Sulcus acusticus: pseudo-archaesulcoid, ostial, median. Ostium: discoidal. Cauda: tubular, straight. Anterior region: angled to double peaked, rostrum and antirostrum blunt, excisura wide with acute, deep notch. Posterior region: blunt to round."
Setarches guenthari_Sp15_R (2).tif,fusiform to lancelolated,fusiform to lanceolated,"Type: Sagittal. Side: Right otolith. Shape: fusiform to lanceolated, sinuate to irregular dorsal and sinuate to lobed ventral margins. Sulcus acusticus: pseudo-archaesulcoid, ostial, median. Ostium: discoidal. Cauda: tubular, straight. Anterior region: angled to double-peaked, rostrum and antirostrum blunt, excisura wide with acute, deep notch. Posterior region: blunt to round.","Type: Sagittal, Side: Right otolith. Shape: fusiform to lancelolated. sinuate to irregular dorsal and sinuate to lobed ventral margins. Sulcus acusticus: pseudo-archaesulcoid, ostial, median. Ostium: discoidal. Cauda: tubular, straight. Anterior region: angled to double peaked, rostrum and antirostrum blunt, excisura wide with acute, deep notch. Posterior region: blunt to round."
Setarches guenthari_Sp15_R (3).tif,fusiform to lancelolated,fusiform to lanceolated,"Type: Sagittal. Side: Right otolith. Shape: fusiform to lanceolated, sinuate to irregular dorsal and sinuate to lobed ventral margins. Sulcus acusticus: pseudo-archaesulcoid, ostial, median. Ostium: discoidal. Cauda: tubular, straight. Anterior region: angled to double-peaked, rostrum and antirostrum blunt, excisura wide with acute, deep notch. Posterior region: blunt to round.","Type: Sagittal, Side: Right otolith. Shape: fusiform to lancelolated. sinuate to irregular dorsal and sinuate to lobed ventral margins. Sulcus acusticus: pseudo-archaesulcoid, ostial, median. Ostium: discoidal. Cauda: tubular, straight. Anterior region: angled to double peaked, rostrum and antirostrum blunt, excisura wide with acute, deep notch. Posterior region: blunt to round."
Setarches guenthari_Sp15_R (4).tif,fusiform to lancelolated,fusiform to lanceolated,"Type: Sagittal. Side: Right otolith. Shape: fusiform to lanceolated, sinuate to irregular dorsal and sinuate to lobed ventral margins. Sulcus acusticus: pseudo-archaesulcoid, ostial, median. Ostium: discoidal. Cauda: tubular, straight. Anterior region: angled to double-peaked, rostrum and antirostrum blunt, excisura wide with acute, deep notch. Posterior region: blunt to round.","Type: Sagittal, Side: Right otolith. Shape: fusiform to lancelolated. sinuate to irregular dorsal and sinuate to lobed ventral margins. Sulcus acusticus: pseudo-archaesulcoid, ostial, median. Ostium: discoidal. Cauda: tubular, straight. Anterior region: angled to double peaked, rostrum and antirostrum blunt, excisura wide with acute, deep notch. Posterior region: blunt to round."
Setarches guenthari_Sp15_R (5).tif,fusiform to lancelolated,fusiform to lanceolated,"Type: Sagittal. Side: Right otolith. Shape: fusiform to lanceolated, sinuate to irregular dorsal and sinuate to lobed ventral margins. Sulcus acusticus: pseudo-archaesulcoid, ostial, median. Ostium: discoidal. Cauda: tubular, straight. Anterior region: angled to double-peaked, rostrum and antirostrum blunt, excisura wide with acute, deep notch. Posterior region: blunt to round.","Type: Sagittal, Side: Right otolith. Shape: fusiform to lancelolated. sinuate to irregular dorsal and sinuate to lobed ventral margins. Sulcus acusticus: pseudo-archaesulcoid, ostial, median. Ostium: discoidal. Cauda: tubular, straight. Anterior region: angled to double peaked, rostrum and antirostrum blunt, excisura wide with acute, deep notch. Posterior region: blunt to round."
Setarches guenthari_Sp15_R (6).tif,fusiform to lancelolated,fusiform to lanceolated,"Type: Sagittal. Side: Right otolith. Shape: fusiform to lanceolated, sinuate dorsal and sinuate to lobed ventral margins. Sulcus acusticus: pseudo-archaesulcoid, ostial, median. Ostium: discoidal. Cauda: tubular, straight. Anterior region: angled to double-peaked, rostrum and antirostrum blunt, excisura wide with acute, deep notch. Posterior region: blunt to round.","Type: Sagittal, Side: Right otolith. Shape: fusiform to lancelolated. sinuate to irregular dorsal and sinuate to lobed ventral margins. Sulcus acusticus: pseudo-archaesulcoid, ostial, median. Ostium: discoidal. Cauda: tubular, straight. Anterior region: angled to double peaked, rostrum and antirostrum blunt, excisura wide with acute, deep notch. Posterior region: blunt to round."
Sorsogona tuberculata_Sp15_R (10).tif,spindle-shaped,elliptical,"Type: Sagittal. Side: Right otolith. Shape: elliptical, sinuate dorsal and sinuate ventral margins. Sulcus acusticus: heterosulcoid, ostial, median. Ostium: Funnel-like. Cauda: tubular, slightly curved. Anterior region: angled, rostrum peaked and antirostrum blunt or poorly developed, excisura moderately narrow without or poorly developed notch. Posterior region: blunt.","Type: Sagittal, Side: Right otolith. Shape: spindle-shaped, sinuate to dentate dorsal and entire ventral margins. Sulcus acusticus: heterosulcoid, median. Ostium: tubular, longer than cauda. Cauda: tubular, straight. Anterior region: angled, rostrum pointed and antirostrum poorly defined or blunt, excisura moderately wide with wide shallow notch or poorly defined notch. Posterior region: blunt."
Sorsogona tuberculata_Sp15_R (11).tif,spindle-shaped,oval,"Type: Sagittal. Side: Right otolith. Shape: oval, entire to sinuate dorsal and entire to sinuate ventral margins. Sulcus acusticus: heterosulcoid, ostial, inframedian. Ostium: tubular, shorter than cauda. Cauda: tubular, strongly curved. Anterior region: angled to peaked, rostrum blunt and antirostrum poorly defined, notch absent. Posterior region: angled to round.","Type: Sagittal, Side: Right otolith. Shape: spindle-shaped, sinuate to dentate dorsal and entire ventral margins. Sulcus acusticus: heterosulcoid, median. Ostium: tubular, longer than cauda. Cauda: tubular, straight. Anterior region: angled, rostrum pointed and antirostrum poorly defined or blunt, excisura moderately wide with wide shallow notch or poorly defined notch. Posterior region: blunt."
Sorsogona tuberculata_Sp15_R (2).tif,spindle-shaped,oval,"Type: Sagittal. Side: Right otolith. Shape: oval, entire to sinuate dorsal and entire to sinuate ventral margins. Sulcus acusticus: heterosulcoid, ostial, inframedian. Ostium: tubular, shorter than cauda. Cauda: tubular, strongly curved. Anterior region: angled to peaked, rostrum blunt and antirostrum poorly defined, notch absent. Posterior region: angled to round.","Type: Sagittal, Side: Right otolith. Shape: spindle-shaped, sinuate to dentate dorsal and entire ventral margins. Sulcus acusticus: heterosulcoid, median. Ostium: tubular, longer than cauda. Cauda: tubular, straight. Anterior region: angled, rostrum pointed and antirostrum poorly defined or blunt, excisura moderately wide with wide shallow notch or poorly defined notch. Posterior region: blunt."
Sorsogona tuberculata_Sp15_R (3).tif,spindle-shaped,oval,"Type: Sagittal. Side: Right otolith. Shape: oval, entire to sinuate dorsal and entire to sinuate ventral margins. Sulcus acusticus: heterosulcoid, ostial, inframedian. Ostium: tubular, shorter than cauda. Cauda: tubular, strongly curved. Anterior region: angled to peaked, rostrum blunt and antirostrum poorly defined, notch absent. Posterior region: angled to round.","Type: Sagittal, Side: Right otolith. Shape: spindle-shaped, sinuate to dentate dorsal and entire ventral margins. Sulcus acusticus: heterosulcoid, median. Ostium: tubular, longer than cauda. Cauda: tubular, straight. Anterior region: angled, rostrum pointed and antirostrum poorly defined or blunt, excisura moderately wide with wide shallow notch or poorly defined notch. Posterior region: blunt."
Sorsogona tuberculata_Sp15_R (9).tif,spindle-shaped,oval,"Type: Sagittal. Side: Right otolith. Shape: oval, entire to sinuate dorsal and entire to sinuate ventral margins. Sulcus acusticus: heterosulcoid, ostial, inframedian. Ostium: tubular, shorter than cauda. Cauda: tubular, strongly curved. Anterior region: angled to peaked, rostrum blunt and antirostrum poorly defined, notch absent. Posterior region: angled to peaked.","Type: Sagittal, Side: Right otolith. Shape: spindle-shaped, sinuate to dentate dorsal and entire ventral margins. Sulcus acusticus: heterosulcoid, median. Ostium: tubular, longer than cauda. Cauda: tubular, straight. Anterior region: angled, rostrum pointed and antirostrum poorly defined or blunt, excisura moderately wide with wide shallow notch or poorly defined notch. Posterior region: blunt."
Synagrops_japonicus_Sp10_L (1).tif,oval,rhomboidal,"Type: Sagittal. Side: Left otolith. Shape: rhomboidal, crenate dorsal and entire ventral margins. Sulcus acusticus: heterosulcoid, median. Ostium: Funnel-like, shorter than cauda. Cauda: tubular, curled curved. Anterior region: peaked, rostrum antirostrum poorly developed, no excisura and no notch. Posterior region: irregular.","Type: Sagittal, Side: Left otolith. Shape: oval, entire dorsal and crenate to sinuate ventral margins. Sulcus acusticus: heterosulcoid, median. Ostium: Funnel-like, shorter than cauda. Cauda: tubular, markedly curved. Anterior region: peaked, rostrum antirostrum poorly developed, no excisura and no notch. Posterior region: irregular."
Synagrops_japonicus_Sp10_L (10).tif,oval,rhomboidal,"Type: Sagittal. Side: Left otolith. Shape: rhomboidal, sinuate to crenate dorsal and entire ventral margins. Sulcus acusticus: heterosulcoid, median. Ostium: Funnel-like, shorter than cauda. Cauda: tubular, curled curved. Anterior region: peaked, rostrum antirostrum poorly developed, no excisura and no notch. Posterior region: round.","Type: Sagittal, Side: Left otolith. Shape: oval, entire dorsal and crenate to sinuate ventral margins. Sulcus acusticus: heterosulcoid, median. Ostium: Funnel-like, shorter than cauda. Cauda: tubular, markedly curved. Anterior region: peaked, rostrum antirostrum poorly developed, no excisura and no notch. Posterior region: irregular."
Synagrops_japonicus_Sp10_L (11).tif,oval,rhomboidal,"Type: Sagittal. Side: Left otolith. Shape: rhomboidal, crenate dorsal and entire ventral margins. Sulcus acusticus: heterosulcoid, median. Ostium: Funnel-like, shorter than cauda. Cauda: tubular, curled curved. Anterior region: peaked, rostrum antirostrum poorly developed, no excisura and no notch. Posterior region: irregular.","Type: Sagittal, Side: Left otolith. Shape: oval, entire dorsal and crenate to sinuate ventral margins. Sulcus acusticus: heterosulcoid, median. Ostium: Funnel-like, shorter than cauda. Cauda: tubular, markedly curved. Anterior region: peaked, rostrum antirostrum poorly developed, no excisura and no notch. Posterior region: irregular."
Synagrops_japonicus_Sp10_L (12).tif,oval,rhomboidal,"Type: Sagittal. Side: Left otolith. Shape: rhomboidal, crenate dorsal and entire ventral margins. Sulcus acusticus: heterosulcoid, median. Ostium: Funnel-like, shorter than cauda. Cauda: tubular, curled curved. Anterior region: peaked, rostrum antirostrum poorly developed, no excisura and no notch. Posterior region: irregular.","Type: Sagittal, Side: Left otolith. Shape: oval, entire dorsal and crenate to sinuate ventral margins. Sulcus acusticus: heterosulcoid, median. Ostium: Funnel-like, shorter than cauda. Cauda: tubular, markedly curved. Anterior region: peaked, rostrum antirostrum poorly developed, no excisura and no notch. Posterior region: irregular."
Synagrops_japonicus_Sp10_L (13).tif,oval,rhomboidal,"Type: Sagittal. Side: Left otolith. Shape: rhomboidal, sinuate to crenate dorsal and entire ventral margins. Sulcus acusticus: heterosulcoid, median. Ostium: Funnel-like, shorter than cauda. Cauda: tubular, curled curved. Anterior region: peaked, rostrum antirostrum poorly developed, no excisura and no notch. Posterior region: round.","Type: Sagittal, Side: Left otolith. Shape: oval, entire dorsal and crenate to sinuate ventral margins. Sulcus acusticus: heterosulcoid, median. Ostium: Funnel-like, shorter than cauda. Cauda: tubular, markedly curved. Anterior region: peaked, rostrum antirostrum poorly developed, no excisura and no notch. Posterior region: irregular."
Synagrops_japonicus_Sp10_L (14).tif,oval,rhomboidal,"Type: Sagittal. Side: Left otolith. Shape: rhomboidal, crenate dorsal and entire ventral margins. Sulcus acusticus: heterosulcoid, median. Ostium: Funnel-like, shorter than cauda. Cauda: tubular, curled curved. Anterior region: peaked, rostrum antirostrum poorly developed, no excisura and no notch. Posterior region: irregular.","Type: Sagittal, Side: Left otolith. Shape: oval, entire dorsal and crenate to sinuate ventral margins. Sulcus acusticus: heterosulcoid, median. Ostium: Funnel-like, shorter than cauda. Cauda: tubular, markedly curved. Anterior region: peaked, rostrum antirostrum poorly developed, no excisura and no notch. Posterior region: irregular."
Synagrops_japonicus_Sp10_L (15).tif,oval,rhomboidal,"Type: Sagittal. Side: Left otolith. Shape: rhomboidal, crenate dorsal and entire ventral margins. Sulcus acusticus: heterosulcoid, median. Ostium: Funnel-like, shorter than cauda. Cauda: tubular, curled curved. Anterior region: peaked, rostrum antirostrum poorly developed, no excisura and no notch. Posterior region: irregular.","Type: Sagittal, Side: Left otolith. Shape: oval, entire dorsal and crenate to sinuate ventral margins. Sulcus acusticus: heterosulcoid, median. Ostium: Funnel-like, shorter than cauda. Cauda: tubular, markedly curved. Anterior region: peaked, rostrum antirostrum poorly developed, no excisura and no notch. Posterior region: irregular."
Synagrops_japonicus_Sp10_L (16).tif,oval,rhomboidal,"Type: Sagittal. Side: Left otolith. Shape: rhomboidal, crenate dorsal and entire ventral margins. Sulcus acusticus: heterosulcoid, median. Ostium: Funnel-like, shorter than cauda. Cauda: tubular, curled curved. Anterior region: peaked, rostrum antirostrum poorly developed, no excisura and no notch. Posterior region: irregular.","Type: Sagittal, Side: Left otolith. Shape: oval, entire dorsal and crenate to sinuate ventral margins. Sulcus acusticus: heterosulcoid, median. Ostium: Funnel-like, shorter than cauda. Cauda: tubular, markedly curved. Anterior region: peaked, rostrum antirostrum poorly developed, no excisura and no notch. Posterior region: irregular."
Synagrops_japonicus_Sp10_L (17).tif,oval,rhomboidal,"Type: Sagittal. Side: Left otolith. Shape: rhomboidal, crenate dorsal and entire ventral margins. Sulcus acusticus: heterosulcoid, median. Ostium: Funnel-like, shorter than cauda. Cauda: tubular, curled curved. Anterior region: peaked, rostrum antirostrum poorly developed, no excisura and no notch. Posterior region: irregular.","Type: Sagittal, Side: Left otolith. Shape: oval, entire dorsal and crenate to sinuate ventral margins. Sulcus acusticus: heterosulcoid, median. Ostium: Funnel-like, shorter than cauda. Cauda: tubular, markedly curved. Anterior region: peaked, rostrum antirostrum poorly developed, no excisura and no notch. Posterior region: irregular."
Synagrops_japonicus_Sp10_L (18).tif,oval,rhomboidal,"Type: Sagittal. Side: Left otolith. Shape: rhomboidal, crenate dorsal and entire ventral margins. Sulcus acusticus: heterosulcoid, median. Ostium: Funnel-like, shorter than cauda. Cauda: tubular, curled curved. Anterior region: peaked, rostrum antirostrum poorly developed, no excisura and no notch. Posterior region: irregular.","Type: Sagittal, Side: Left otolith. Shape: oval, entire dorsal and crenate to sinuate ventral margins. Sulcus acusticus: heterosulcoid, median. Ostium: Funnel-like, shorter than cauda. Cauda: tubular, markedly curved. Anterior region: peaked, rostrum antirostrum poorly developed, no excisura and no notch. Posterior region: irregular."
Synagrops_japonicus_Sp10_L (19).tif,oval,rhomboidal,"Type: Sagittal. Side: Left otolith. Shape: rhomboidal, crenate dorsal and entire ventral margins. Sulcus acusticus: heterosulcoid, median. Ostium: Funnel-like, shorter than cauda. Cauda: tubular, curled curved. Anterior region: peaked, rostrum antirostrum poorly developed, no excisura and no notch. Posterior region: irregular.","Type: Sagittal, Side: Left otolith. Shape: oval, entire dorsal and crenate to sinuate ventral margins. Sulcus acusticus: heterosulcoid, median. Ostium: Funnel-like, shorter than cauda. Cauda: tubular, markedly curved. Anterior region: peaked, rostrum antirostrum poorly developed, no excisura and no notch. Posterior region: irregular."
Synagrops_japonicus_Sp10_L (2).tif,oval,rhomboidal,"Type: Sagittal. Side: Left otolith. Shape: rhomboidal, crenate dorsal and entire ventral margins. Sulcus acusticus: heterosulcoid, median. Ostium: Funnel-like, shorter than cauda. Cauda: tubular, curled curved. Anterior region: peaked, rostrum antirostrum poorly developed, no excisura and no notch. Posterior region: irregular.","Type: Sagittal, Side: Left otolith. Shape: oval, entire dorsal and crenate to sinuate ventral margins. Sulcus acusticus: heterosulcoid, median. Ostium: Funnel-like, shorter than cauda. Cauda: tubular, markedly curved. Anterior region: peaked, rostrum antirostrum poorly developed, no excisura and no notch. Posterior region: irregular."
Synagrops_japonicus_Sp10_L (20).tif,oval,rhomboidal,"Type: Sagittal. Side: Left otolith. Shape: rhomboidal, crenate dorsal and entire ventral margins. Sulcus acusticus: heterosulcoid, median. Ostium: Funnel-like, shorter than cauda. Cauda: tubular, curled curved. Anterior region: peaked, rostrum antirostrum poorly developed, no excisura and no notch. Posterior region: irregular.","Type: Sagittal, Side: Left otolith. Shape: oval, entire dorsal and crenate to sinuate ventral margins. Sulcus acusticus: heterosulcoid, median. Ostium: Funnel-like, shorter than cauda. Cauda: tubular, markedly curved. Anterior region: peaked, rostrum antirostrum poorly developed, no excisura and no notch. Posterior region: irregular."
Synagrops_japonicus_Sp10_L (21).tif,oval,rhomboidal,"Type: Sagittal. Side: Left otolith. Shape: rhomboidal, crenate dorsal and entire ventral margins. Sulcus acusticus: heterosulcoid, median. Ostium: Funnel-like, shorter than cauda. Cauda: tubular, curled curved. Anterior region: peaked, rostrum antirostrum poorly developed, no excisura and no notch. Posterior region: irregular.","Type: Sagittal, Side: Left otolith. Shape: oval, entire dorsal and crenate to sinuate ventral margins. Sulcus acusticus: heterosulcoid, median. Ostium: Funnel-like, shorter than cauda. Cauda: tubular, markedly curved. Anterior region: peaked, rostrum antirostrum poorly developed, no excisura and no notch. Posterior region: irregular."
Synagrops_japonicus_Sp10_L (22).tif,oval,rhomboidal,"Type: Sagittal. Side: Left otolith. Shape: rhomboidal, crenate dorsal and entire ventral margins. Sulcus acusticus: heterosulcoid, median. Ostium: Funnel-like, shorter than cauda. Cauda: tubular, curled curved. Anterior region: peaked, rostrum antirostrum poorly developed, no excisura and no notch. Posterior region: irregular.","Type: Sagittal, Side: Left otolith. Shape: oval, entire dorsal and crenate to sinuate ventral margins. Sulcus acusticus: heterosulcoid, median. Ostium: Funnel-like, shorter than cauda. Cauda: tubular, markedly curved. Anterior region: peaked, rostrum antirostrum poorly developed, no excisura and no notch. Posterior region: irregular."
Synagrops_japonicus_Sp10_L (23).tif,oval,rhomboidal,"Type: Sagittal. Side: Left otolith. Shape: rhomboidal, crenate dorsal and entire ventral margins. Sulcus acusticus: heterosulcoid, median. Ostium: Funnel-like, shorter than cauda. Cauda: tubular, curled curved. Anterior region: peaked, rostrum antirostrum poorly developed, no excisura and no notch. Posterior region: irregular.","Type: Sagittal, Side: Left otolith. Shape: oval, entire dorsal and crenate to sinuate ventral margins. Sulcus acusticus: heterosulcoid, median. Ostium: Funnel-like, shorter than cauda. Cauda: tubular, markedly curved. Anterior region: peaked, rostrum antirostrum poorly developed, no excisura and no notch. Posterior region: irregular."
Synagrops_japonicus_Sp10_L (24).tif,oval,rhomboidal,"Type: Sagittal. Side: Left otolith. Shape: rhomboidal, crenate dorsal and entire ventral margins. Sulcus acusticus: heterosulcoid, median. Ostium: Funnel-like, shorter than cauda. Cauda: tubular, curled curved. Anterior region: peaked, rostrum antirostrum poorly developed, no excisura and no notch. Posterior region: irregular.","Type: Sagittal, Side: Left otolith. Shape: oval, entire dorsal and crenate to sinuate ventral margins. Sulcus acusticus: heterosulcoid, median. Ostium: Funnel-like, shorter than cauda. Cauda: tubular, markedly curved. Anterior region: peaked, rostrum antirostrum poorly developed, no excisura and no notch. Posterior region: irregular."
Synagrops_japonicus_Sp10_L (25).tif,oval,rhomboidal,"Type: Sagittal. Side: Left otolith. Shape: rhomboidal, crenate dorsal and entire ventral margins. Sulcus acusticus: heterosulcoid, median. Ostium: Funnel-like, shorter than cauda. Cauda: tubular, curled curved. Anterior region: peaked, rostrum antirostrum poorly developed, no excisura and no notch. Posterior region: irregular.","Type: Sagittal, Side: Left otolith. Shape: oval, entire dorsal and crenate to sinuate ventral margins. Sulcus acusticus: heterosulcoid, median. Ostium: Funnel-like, shorter than cauda. Cauda: tubular, markedly curved. Anterior region: peaked, rostrum antirostrum poorly developed, no excisura and no notch. Posterior region: irregular."
Synagrops_japonicus_Sp10_L (26).tif,oval,rhomboidal,"Type: Sagittal. Side: Left otolith. Shape: rhomboidal, crenate dorsal and entire ventral margins. Sulcus acusticus: heterosulcoid, median. Ostium: Funnel-like, shorter than cauda. Cauda: tubular, curled curved. Anterior region: peaked, rostrum antirostrum poorly developed, no excisura and no notch. Posterior region: irregular.","Type: Sagittal, Side: Left otolith. Shape: oval, entire dorsal and crenate to sinuate ventral margins. Sulcus acusticus: heterosulcoid, median. Ostium: Funnel-like, shorter than cauda. Cauda: tubular, markedly curved. Anterior region: peaked, rostrum antirostrum poorly developed, no excisura and no notch. Posterior region: irregular."
Synagrops_japonicus_Sp10_L (3).tif,oval,rhomboidal,"Type: Sagittal. Side: Left otolith. Shape: rhomboidal, crenate dorsal and entire ventral margins. Sulcus acusticus: heterosulcoid, median. Ostium: Funnel-like, shorter than cauda. Cauda: tubular, curled curved. Anterior region: peaked, rostrum antirostrum poorly developed, no excisura and no notch. Posterior region: irregular.","Type: Sagittal, Side: Left otolith. Shape: oval, entire dorsal and crenate to sinuate ventral margins. Sulcus acusticus: heterosulcoid, median. Ostium: Funnel-like, shorter than cauda. Cauda: tubular, markedly curved. Anterior region: peaked, rostrum antirostrum poorly developed, no excisura and no notch. Posterior region: irregular."
Synagrops_japonicus_Sp10_L (4).tif,oval,rhomboidal,"Type: Sagittal. Side: Left otolith. Shape: rhomboidal, sinuate to crenate dorsal and entire ventral margins. Sulcus acusticus: heterosulcoid, median. Ostium: Funnel-like, shorter than cauda. Cauda: tubular, curled curved. Anterior region: peaked, rostrum antirostrum poorly developed, no excisura and no notch. Posterior region: irregular.","Type: Sagittal, Side: Left otolith. Shape: oval, entire dorsal and crenate to sinuate ventral margins. Sulcus acusticus: heterosulcoid, median. Ostium: Funnel-like, shorter than cauda. Cauda: tubular, markedly curved. Anterior region: peaked, rostrum antirostrum poorly developed, no excisura and no notch. Posterior region: irregular."
Synagrops_japonicus_Sp10_L (5).tif,oval,rhomboidal,"Type: Sagittal. Side: Left otolith. Shape: rhomboidal, sinuate to crenate dorsal and entire ventral margins. Sulcus acusticus: heterosulcoid, median. Ostium: Funnel-like, shorter than cauda. Cauda: tubular, curled curved. Anterior region: peaked, rostrum antirostrum poorly developed, no excisura and no notch. Posterior region: irregular.","Type: Sagittal, Side: Left otolith. Shape: oval, entire dorsal and crenate to sinuate ventral margins. Sulcus acusticus: heterosulcoid, median. Ostium: Funnel-like, shorter than cauda. Cauda: tubular, markedly curved. Anterior region: peaked, rostrum antirostrum poorly developed, no excisura and no notch. Posterior region: irregular."
Synagrops_japonicus_Sp10_L (6).tif,oval,rhomboidal,"Type: Sagittal. Side: Left otolith. Shape: rhomboidal, sinuate to crenate dorsal and entire ventral margins. Sulcus acusticus: heterosulcoid, median. Ostium: Funnel-like, shorter than cauda. Cauda: tubular, curled curved. Anterior region: peaked, rostrum antirostrum poorly developed, no excisura and no notch. Posterior region: irregular.","Type: Sagittal, Side: Left otolith. Shape: oval, entire dorsal and crenate to sinuate ventral margins. Sulcus acusticus: heterosulcoid, median. Ostium: Funnel-like, shorter than cauda. Cauda: tubular, markedly curved. Anterior region: peaked, rostrum antirostrum poorly developed, no excisura and no notch. Posterior region: irregular."
Synagrops_japonicus_Sp10_L (7).tif,oval,rhomboidal,"Type: Sagittal. Side: Left otolith. Shape: rhomboidal, sinuate to crenate dorsal and entire ventral margins. Sulcus acusticus: heterosulcoid, median. Ostium: Funnel-like, shorter than cauda. Cauda: tubular, curled curved. Anterior region: peaked, rostrum antirostrum poorly developed, no excisura and no notch. Posterior region: irregular.","Type: Sagittal, Side: Left otolith. Shape: oval, entire dorsal and crenate to sinuate ventral margins. Sulcus acusticus: heterosulcoid, median. Ostium: Funnel-like, shorter than cauda. Cauda: tubular, markedly curved. Anterior region: peaked, rostrum antirostrum poorly developed, no excisura and no notch. Posterior region: irregular."
Synagrops_japonicus_Sp10_L (8).tif,oval,rhomboidal,"Type: Sagittal. Side: Left otolith. Shape: rhomboidal, sinuate to crenate dorsal and entire ventral margins. Sulcus acusticus: heterosulcoid, median. Ostium: Funnel-like, shorter than cauda. Cauda: tubular, curled curved. Anterior region: peaked, rostrum antirostrum poorly developed, no excisura and no notch. Posterior region: irregular.","Type: Sagittal, Side: Left otolith. Shape: oval, entire dorsal and crenate to sinuate ventral margins. Sulcus acusticus: heterosulcoid, median. Ostium: Funnel-like, shorter than cauda. Cauda: tubular, markedly curved. Anterior region: peaked, rostrum antirostrum poorly developed, no excisura and no notch. Posterior region: irregular."
Synagrops_japonicus_Sp10_L (9).tif,oval,rhomboidal,"Type: Sagittal. Side: Left otolith. Shape: rhomboidal, crenate dorsal and entire ventral margins. Sulcus acusticus: heterosulcoid, median. Ostium: Funnel-like, shorter than cauda. Cauda: tubular, curled curved. Anterior region: peaked, rostrum antirostrum poorly developed, no excisura and no notch. Posterior region: irregular.","Type: Sagittal, Side: Left otolith. Shape: oval, entire dorsal and crenate to sinuate ventral margins. Sulcus acusticus: heterosulcoid, median. Ostium: Funnel-like, shorter than cauda. Cauda: tubular, markedly curved. Anterior region: peaked, rostrum antirostrum poorly developed, no excisura and no notch. Posterior region: irregular."
Synagrops_japonicus_Sp10_R (1).tif,oval,rhomboidal,"Type: Sagittal. Side: Right otolith. Shape: rhomboidal, crenate dorsal and entire ventral margins. Sulcus acusticus: heterosulcoid, median. Ostium: Funnel-like, shorter than cauda. Cauda: tubular, curled curved. Anterior region: peaked, rostrum antirostrum poorly developed, no excisura and no notch. Posterior region: irregular.","Type: Sagittal, Side: Right otolith. Shape: oval, entire to sinuate dorsal and entire to sinuate ventral margins. Sulcus acusticus: heterosulcoid, median. Ostium: Funnel-like, shorter than cauda. Cauda: tubular, strongly curved. Anterior region: peaked, rostrum antirostrum poorly developed, no excisura and no notch. Posterior region: irregular."
Synagrops_japonicus_Sp10_R (10).tif,oval,rhomboidal,"Type: Sagittal. Side: Right otolith. Shape: rhomboidal, crenate dorsal and entire ventral margins. Sulcus acusticus: heterosulcoid, median. Ostium: Funnel-like, shorter than cauda. Cauda: tubular, curled curved. Anterior region: peaked, rostrum antirostrum poorly developed, no excisura and no notch. Posterior region: irregular.","Type: Sagittal, Side: Right otolith. Shape: oval, entire to sinuate dorsal and entire to sinuate ventral margins. Sulcus acusticus: heterosulcoid, median. Ostium: Funnel-like, shorter than cauda. Cauda: tubular, strongly curved. Anterior region: peaked, rostrum antirostrum poorly developed, no excisura and no notch. Posterior region: irregular."
Synagrops_japonicus_Sp10_R (11).tif,oval,rhomboidal,"Type: Sagittal. Side: Right otolith. Shape: rhomboidal, crenate dorsal and entire ventral margins. Sulcus acusticus: heterosulcoid, median. Ostium: Funnel-like, shorter than cauda. Cauda: tubular, curled curved. Anterior region: peaked, rostrum antirostrum poorly developed, no excisura and no notch. Posterior region: irregular.","Type: Sagittal, Side: Right otolith. Shape: oval, entire to sinuate dorsal and entire to sinuate ventral margins. Sulcus acusticus: heterosulcoid, median. Ostium: Funnel-like, shorter than cauda. Cauda: tubular, strongly curved. Anterior region: peaked, rostrum antirostrum poorly developed, no excisura and no notch. Posterior region: irregular."
Synagrops_japonicus_Sp10_R (12).tif,oval,rhomboidal,"Type: Sagittal. Side: Right otolith. Shape: rhomboidal, crenate dorsal and entire ventral margins. Sulcus acusticus: heterosulcoid, median. Ostium: Funnel-like, shorter than cauda. Cauda: tubular, curled curved. Anterior region: peaked, rostrum antirostrum poorly developed, no excisura and no notch. Posterior region: irregular.","Type: Sagittal, Side: Right otolith. Shape: oval, entire to sinuate dorsal and entire to sinuate ventral margins. Sulcus acusticus: heterosulcoid, median. Ostium: Funnel-like, shorter than cauda. Cauda: tubular, strongly curved. Anterior region: peaked, rostrum antirostrum poorly developed, no excisura and no notch. Posterior region: irregular."
Synagrops_japonicus_Sp10_R (13).tif,oval,rhomboidal,"Type: Sagittal. Side: Right otolith. Shape: rhomboidal, crenate dorsal and entire ventral margins. Sulcus acusticus: heterosulcoid, median. Ostium: Funnel-like, shorter than cauda. Cauda: tubular, curled curved. Anterior region: peaked, rostrum antirostrum poorly developed, no excisura and no notch. Posterior region: irregular.","Type: Sagittal, Side: Right otolith. Shape: oval, entire to sinuate dorsal and entire to sinuate ventral margins. Sulcus acusticus: heterosulcoid, median. Ostium: Funnel-like, shorter than cauda. Cauda: tubular, strongly curved. Anterior region: peaked, rostrum antirostrum poorly developed, no excisura and no notch. Posterior region: irregular."
Synagrops_japonicus_Sp10_R (14).tif,oval,rhomboidal,"Type: Sagittal. Side: Right otolith. Shape: rhomboidal, crenate dorsal and entire ventral margins. Sulcus acusticus: heterosulcoid, median. Ostium: Funnel-like, shorter than cauda. Cauda: tubular, curled curved. Anterior region: peaked, rostrum antirostrum poorly developed, no excisura and no notch. Posterior region: irregular.","Type: Sagittal, Side: Right otolith. Shape: oval, entire to sinuate dorsal and entire to sinuate ventral margins. Sulcus acusticus: heterosulcoid, median. Ostium: Funnel-like, shorter than cauda. Cauda: tubular, strongly curved. Anterior region: peaked, rostrum antirostrum poorly developed, no excisura and no notch. Posterior region: irregular."
Synagrops_japonicus_Sp10_R (15).tif,oval,rhomboidal,"Type: Sagittal. Side: Right otolith. Shape: rhomboidal, crenate dorsal and entire ventral margins. Sulcus acusticus: heterosulcoid, median. Ostium: Funnel-like, shorter than cauda. Cauda: tubular, curled curved. Anterior region: peaked, rostrum antirostrum poorly developed, no excisura and no notch. Posterior region: Irregular.","Type: Sagittal, Side: Right otolith. Shape: oval, entire to sinuate dorsal and entire to sinuate ventral margins. Sulcus acusticus: heterosulcoid, median. Ostium: Funnel-like, shorter than cauda. Cauda: tubular, strongly curved. Anterior region: peaked, rostrum antirostrum poorly developed, no excisura and no notch. Posterior region: irregular."
Synagrops_japonicus_Sp10_R (16).tif,oval,rhomboidal,"Type: Sagittal. Side: Right otolith. Shape: rhomboidal, crenate dorsal and entire ventral margins. Sulcus acusticus: heterosulcoid, median. Ostium: Funnel-like, shorter than cauda. Cauda: tubular, curled curved. Anterior region: peaked, rostrum antirostrum poorly developed, no excisura and no notch. Posterior region: irregular.","Type: Sagittal, Side: Right otolith. Shape: oval, entire to sinuate dorsal and entire to sinuate ventral margins. Sulcus acusticus: heterosulcoid, median. Ostium: Funnel-like, shorter than cauda. Cauda: tubular, strongly curved. Anterior region: peaked, rostrum antirostrum poorly developed, no excisura and no notch. Posterior region: irregular."
Synagrops_japonicus_Sp10_R (17).tif,oval,rhomboidal,"Type: Sagittal. Side: Right otolith. Shape: rhomboidal, crenate dorsal and entire ventral margins. Sulcus acusticus: heterosulcoid, median. Ostium: Funnel-like, shorter than cauda. Cauda: tubular, curled curved. Anterior region: peaked, rostrum antirostrum poorly developed, no excisura and no notch. Posterior region: irregular.","Type: Sagittal, Side: Right otolith. Shape: oval, entire to sinuate dorsal and entire to sinuate ventral margins. Sulcus acusticus: heterosulcoid, median. Ostium: Funnel-like, shorter than cauda. Cauda: tubular, strongly curved. Anterior region: peaked, rostrum antirostrum poorly developed, no excisura and no notch. Posterior region: irregular."
Synagrops_japonicus_Sp10_R (18).tif,oval,rhomboidal,"Type: Sagittal. Side: Right otolith. Shape: rhomboidal, crenate dorsal and entire ventral margins. Sulcus acusticus: heterosulcoid, median. Ostium: Funnel-like, shorter than cauda. Cauda: tubular, curled curved. Anterior region: peaked, rostrum antirostrum poorly developed, no excisura and no notch. Posterior region: Irregular to blunt.","Type: Sagittal, Side: Right otolith. Shape: oval, entire to sinuate dorsal and entire to sinuate ventral margins. Sulcus acusticus: heterosulcoid, median. Ostium: Funnel-like, shorter than cauda. Cauda: tubular, strongly curved. Anterior region: peaked, rostrum antirostrum poorly developed, no excisura and no notch. Posterior region: irregular."
Synagrops_japonicus_Sp10_R (19).tif,oval,rhomboidal,"Type: Sagittal. Side: Right otolith. Shape: rhomboidal, crenate dorsal and entire ventral margins. Sulcus acusticus: heterosulcoid, median. Ostium: Funnel-like, shorter than cauda. Cauda: tubular, curled curved. Anterior region: peaked, rostrum antirostrum poorly developed, no excisura and no notch. Posterior region: irregular.","Type: Sagittal, Side: Right otolith. Shape: oval, entire to sinuate dorsal and entire to sinuate ventral margins. Sulcus acusticus: heterosulcoid, median. Ostium: Funnel-like, shorter than cauda. Cauda: tubular, strongly curved. Anterior region: peaked, rostrum antirostrum poorly developed, no excisura and no notch. Posterior region: irregular."
Synagrops_japonicus_Sp10_R (2).tif,oval,rhomboidal,"Type: Sagittal. Side: Right otolith. Shape: rhomboidal, crenate dorsal and entire ventral margins. Sulcus acusticus: heterosulcoid, median. Ostium: Funnel-like, shorter than cauda. Cauda: tubular, curled curved. Anterior region: peaked, rostrum antirostrum poorly developed, no excisura and no notch. Posterior region: irregular.","Type: Sagittal, Side: Right otolith. Shape: oval, entire to sinuate dorsal and entire to sinuate ventral margins. Sulcus acusticus: heterosulcoid, median. Ostium: Funnel-like, shorter than cauda. Cauda: tubular, strongly curved. Anterior region: peaked, rostrum antirostrum poorly developed, no excisura and no notch. Posterior region: irregular."
Synagrops_japonicus_Sp10_R (20).tif,oval,rhomboidal,"Type: Sagittal. Side: Right otolith. Shape: rhomboidal, crenate dorsal and entire ventral margins. Sulcus acusticus: heterosulcoid, median. Ostium: Funnel-like, shorter than cauda. Cauda: tubular, curled curved. Anterior region: peaked, rostrum antirostrum poorly developed, no excisura and no notch. Posterior region: irregular.","Type: Sagittal, Side: Right otolith. Shape: oval, entire to sinuate dorsal and entire to sinuate ventral margins. Sulcus acusticus: heterosulcoid, median. Ostium: Funnel-like, shorter than cauda. Cauda: tubular, strongly curved. Anterior region: peaked, rostrum antirostrum poorly developed, no excisura and no notch. Posterior region: irregular."
Synagrops_japonicus_Sp10_R (21).tif,oval,rhomboidal,"Type: Sagittal. Side: Right otolith. Shape: rhomboidal, crenate dorsal and entire ventral margins. Sulcus acusticus: heterosulcoid, median. Ostium: Funnel-like, shorter than cauda. Cauda: tubular, curled curved. Anterior region: peaked, rostrum antirostrum poorly developed, no excisura and no notch. Posterior region: irregular.","Type: Sagittal, Side: Right otolith. Shape: oval, entire to sinuate dorsal and entire to sinuate ventral margins. Sulcus acusticus: heterosulcoid, median. Ostium: Funnel-like, shorter than cauda. Cauda: tubular, strongly curved. Anterior region: peaked, rostrum antirostrum poorly developed, no excisura and no notch. Posterior region: irregular."
Synagrops_japonicus_Sp10_R (22).tif,oval,rhomboidal,"Type: Sagittal. Side: Right otolith. Shape: rhomboidal, crenate dorsal and entire ventral margins. Sulcus acusticus: heterosulcoid, median. Ostium: Funnel-like, shorter than cauda. Cauda: tubular, curled curved. Anterior region: peaked, rostrum antirostrum poorly developed, no excisura and no notch. Posterior region: Irregular to blunt.","Type: Sagittal, Side: Right otolith. Shape: oval, entire to sinuate dorsal and entire to sinuate ventral margins. Sulcus acusticus: heterosulcoid, median. Ostium: Funnel-like, shorter than cauda. Cauda: tubular, strongly curved. Anterior region: peaked, rostrum antirostrum poorly developed, no excisura and no notch. Posterior region: irregular."
Synagrops_japonicus_Sp10_R (3).tif,oval,rhomboidal,"Type: Sagittal. Side: Right otolith. Shape: rhomboidal, crenate dorsal and entire ventral margins. Sulcus acusticus: heterosulcoid, median. Ostium: Funnel-like, shorter than cauda. Cauda: tubular, curled curved. Anterior region: peaked, rostrum antirostrum poorly developed, no excisura and no notch. Posterior region: irregular.","Type: Sagittal, Side: Right otolith. Shape: oval, entire to sinuate dorsal and entire to sinuate ventral margins. Sulcus acusticus: heterosulcoid, median. Ostium: Funnel-like, shorter than cauda. Cauda: tubular, strongly curved. Anterior region: peaked, rostrum antirostrum poorly developed, no excisura and no notch. Posterior region: irregular."
Synagrops_japonicus_Sp10_R (4).tif,oval,rhomboidal,"Type: Sagittal. Side: Right otolith. Shape: rhomboidal, crenate dorsal and entire ventral margins. Sulcus acusticus: heterosulcoid, median. Ostium: Funnel-like, shorter than cauda. Cauda: tubular, curled curved. Anterior region: peaked, rostrum antirostrum poorly developed, no excisura and no notch. Posterior region: irregular.","Type: Sagittal, Side: Right otolith. Shape: oval, entire to sinuate dorsal and entire to sinuate ventral margins. Sulcus acusticus: heterosulcoid, median. Ostium: Funnel-like, shorter than cauda. Cauda: tubular, strongly curved. Anterior region: peaked, rostrum antirostrum poorly developed, no excisura and no notch. Posterior region: irregular."
Synagrops_japonicus_Sp10_R (5).tif,oval,rhomboidal,"Type: Sagittal. Side: Right otolith. Shape: rhomboidal, crenate dorsal and entire ventral margins. Sulcus acusticus: heterosulcoid, median. Ostium: Funnel-like, shorter than cauda. Cauda: tubular, curled curved. Anterior region: peaked, rostrum antirostrum poorly developed, no excisura and no notch. Posterior region: Irregular.","Type: Sagittal, Side: Right otolith. Shape: oval, entire to sinuate dorsal and entire to sinuate ventral margins. Sulcus acusticus: heterosulcoid, median. Ostium: Funnel-like, shorter than cauda. Cauda: tubular, strongly curved. Anterior region: peaked, rostrum antirostrum poorly developed, no excisura and no notch. Posterior region: irregular."
Synagrops_japonicus_Sp10_R (6).tif,oval,rhomboidal,"Type: Sagittal. Side: Right otolith. Shape: rhomboidal, crenate dorsal and entire ventral margins. Sulcus acusticus: heterosulcoid, median. Ostium: Funnel-like, shorter than cauda. Cauda: tubular, curled curved. Anterior region: peaked, rostrum antirostrum poorly developed, no excisura and no notch. Posterior region: irregular.","Type: Sagittal, Side: Right otolith. Shape: oval, entire to sinuate dorsal and entire to sinuate ventral margins. Sulcus acusticus: heterosulcoid, median. Ostium: Funnel-like, shorter than cauda. Cauda: tubular, strongly curved. Anterior region: peaked, rostrum antirostrum poorly developed, no excisura and no notch. Posterior region: irregular."
Synagrops_japonicus_Sp10_R (7).tif,oval,rhomboidal,"Type: Sagittal. Side: Right otolith. Shape: rhomboidal, crenate dorsal and entire ventral margins. Sulcus acusticus: heterosulcoid, median. Ostium: Funnel-like, shorter than cauda. Cauda: tubular, curled curved. Anterior region: peaked, rostrum antirostrum poorly developed, no excisura and no notch. Posterior region: irregular.","Type: Sagittal, Side: Right otolith. Shape: oval, entire to sinuate dorsal and entire to sinuate ventral margins. Sulcus acusticus: heterosulcoid, median. Ostium: Funnel-like, shorter than cauda. Cauda: tubular, strongly curved. Anterior region: peaked, rostrum antirostrum poorly developed, no excisura and no notch. Posterior region: irregular."
Synagrops_japonicus_Sp10_R (8).tif,oval,rhomboidal,"Type: Sagittal. Side: Right otolith. Shape: rhomboidal, crenate dorsal and entire ventral margins. Sulcus acusticus: heterosulcoid, median. Ostium: Funnel-like, shorter than cauda. Cauda: tubular, curled curved. Anterior region: peaked, rostrum antirostrum poorly developed, no excisura and no notch. Posterior region: irregular.","Type: Sagittal, Side: Right otolith. Shape: oval, entire to sinuate dorsal and entire to sinuate ventral margins. Sulcus acusticus: heterosulcoid, median. Ostium: Funnel-like, shorter than cauda. Cauda: tubular, strongly curved. Anterior region: peaked, rostrum antirostrum poorly developed, no excisura and no notch. Posterior region: irregular."
Synagrops_japonicus_Sp10_R (9).tif,oval,rhomboidal,"Type: Sagittal. Side: Right otolith. Shape: rhomboidal, crenate dorsal and entire ventral margins. Sulcus acusticus: heterosulcoid, median. Ostium: Funnel-like, shorter than cauda. Cauda: tubular, curled curved. Anterior region: peaked, rostrum antirostrum poorly developed, no excisura and no notch. Posterior region: irregular.","Type: Sagittal, Side: Right otolith. Shape: oval, entire to sinuate dorsal and entire to sinuate ventral margins. Sulcus acusticus: heterosulcoid, median. Ostium: Funnel-like, shorter than cauda. Cauda: tubular, strongly curved. Anterior region: peaked, rostrum antirostrum poorly developed, no excisura and no notch. Posterior region: irregular."
Synagrops_japonicus_Sp9_L (1).tif,oval,rhomboidal,"Type: Sagittal. Side: Left otolith. Shape: rhomboidal, crenate dorsal and entire ventral margins. Sulcus acusticus: heterosulcoid, median. Ostium: Funnel-like, shorter than cauda. Cauda: tubular, curled curved. Anterior region: peaked, rostrum antirostrum poorly developed, no excisura and no notch. Posterior region: irregular.","Type: Sagittal, Side: Left otolith. Shape: oval, crenate dorsal and entire ventral margins. Sulcus acusticus: heterosulcoid, median. Ostium: Funnel-like, shorter than cauda. Cauda: tubular, markedly curved. Anterior region: peaked, rostrum antirostrum poorly developed, no excisura and no notch. Posterior region: irregular."
Synagrops_japonicus_Sp9_L (10).tif,oval,rhomboidal,"Type: Sagittal. Side: Left otolith. Shape: rhomboidal, crenate dorsal and entire ventral margins. Sulcus acusticus: heterosulcoid, median. Ostium: Funnel-like, shorter than cauda. Cauda: tubular, curled curved. Anterior region: peaked, rostrum antirostrum poorly developed, no excisura and no notch. Posterior region: irregular.","Type: Sagittal, Side: Left otolith. Shape: oval, crenate dorsal and entire ventral margins. Sulcus acusticus: heterosulcoid, median. Ostium: Funnel-like, shorter than cauda. Cauda: tubular, markedly curved. Anterior region: peaked, rostrum antirostrum poorly developed, no excisura and no notch. Posterior region: irregular."
Synagrops_japonicus_Sp9_L (11).tif,oval,rhomboidal,"Type: Sagittal. Side: Left otolith. Shape: rhomboidal, crenate dorsal and entire ventral margins. Sulcus acusticus: heterosulcoid, median. Ostium: Funnel-like, shorter than cauda. Cauda: tubular, curled curved. Anterior region: peaked, rostrum antirostrum poorly developed, no excisura and no notch. Posterior region: irregular.","Type: Sagittal, Side: Left otolith. Shape: oval, crenate dorsal and entire ventral margins. Sulcus acusticus: heterosulcoid, median. Ostium: Funnel-like, shorter than cauda. Cauda: tubular, markedly curved. Anterior region: peaked, rostrum antirostrum poorly developed, no excisura and no notch. Posterior region: irregular."
Synagrops_japonicus_Sp9_L (12).tif,oval,rhomboidal,"Type: Sagittal. Side: Left otolith. Shape: rhomboidal, crenate dorsal and entire ventral margins. Sulcus acusticus: heterosulcoid, median. Ostium: Funnel-like, shorter than cauda. Cauda: tubular, curled curved. Anterior region: peaked, rostrum antirostrum poorly developed, no excisura and no notch. Posterior region: irregular.","Type: Sagittal, Side: Left otolith. Shape: oval, crenate dorsal and entire ventral margins. Sulcus acusticus: heterosulcoid, median. Ostium: Funnel-like, shorter than cauda. Cauda: tubular, markedly curved. Anterior region: peaked, rostrum antirostrum poorly developed, no excisura and no notch. Posterior region: irregular."
Synagrops_japonicus_Sp9_L (13).tif,oval,rhomboidal,"Type: Sagittal. Side: Left otolith. Shape: rhomboidal, crenate dorsal and entire ventral margins. Sulcus acusticus: heterosulcoid, median. Ostium: Funnel-like, shorter than cauda. Cauda: tubular, curled curved. Anterior region: peaked, rostrum antirostrum poorly developed, no excisura and no notch. Posterior region: irregular.","Type: Sagittal, Side: Left otolith. Shape: oval, crenate dorsal and entire ventral margins. Sulcus acusticus: heterosulcoid, median. Ostium: Funnel-like, shorter than cauda. Cauda: tubular, markedly curved. Anterior region: peaked, rostrum antirostrum poorly developed, no excisura and no notch. Posterior region: irregular."
Synagrops_japonicus_Sp9_L (14).tif,oval,rhomboidal,"Type: Sagittal. Side: Left otolith. Shape: rhomboidal, crenate dorsal and entire ventral margins. Sulcus acusticus: heterosulcoid, median. Ostium: Funnel-like, shorter than cauda. Cauda: tubular, curled curved. Anterior region: peaked, rostrum antirostrum poorly developed, no excisura and no notch. Posterior region: irregular.","Type: Sagittal, Side: Left otolith. Shape: oval, crenate dorsal and entire ventral margins. Sulcus acusticus: heterosulcoid, median. Ostium: Funnel-like, shorter than cauda. Cauda: tubular, markedly curved. Anterior region: peaked, rostrum antirostrum poorly developed, no excisura and no notch. Posterior region: irregular."
Synagrops_japonicus_Sp9_L (15).tif,oval,rhomboidal,"Type: Sagittal. Side: Left otolith. Shape: rhomboidal, crenate dorsal and entire ventral margins. Sulcus acusticus: heterosulcoid, median. Ostium: Funnel-like, shorter than cauda. Cauda: tubular, curled curved. Anterior region: peaked, rostrum antirostrum poorly developed, no excisura and no notch. Posterior region: irregular.","Type: Sagittal, Side: Left otolith. Shape: oval, crenate dorsal and entire ventral margins. Sulcus acusticus: heterosulcoid, median. Ostium: Funnel-like, shorter than cauda. Cauda: tubular, markedly curved. Anterior region: peaked, rostrum antirostrum poorly developed, no excisura and no notch. Posterior region: irregular."
Synagrops_japonicus_Sp9_L (16).tif,oval,rhomboidal,"Type: Sagittal. Side: Left otolith. Shape: rhomboidal, crenate dorsal and entire ventral margins. Sulcus acusticus: heterosulcoid, median. Ostium: Funnel-like, shorter than cauda. Cauda: tubular, curled curved. Anterior region: peaked, rostrum antirostrum poorly developed, no excisura and no notch. Posterior region: irregular.","Type: Sagittal, Side: Left otolith. Shape: oval, crenate dorsal and entire ventral margins. Sulcus acusticus: heterosulcoid, median. Ostium: Funnel-like, shorter than cauda. Cauda: tubular, markedly curved. Anterior region: peaked, rostrum antirostrum poorly developed, no excisura and no notch. Posterior region: irregular."
Synagrops_japonicus_Sp9_L (17).tif,oval,rhomboidal,"Type: Sagittal. Side: Left otolith. Shape: rhomboidal, crenate dorsal and entire ventral margins. Sulcus acusticus: heterosulcoid, median. Ostium: Funnel-like, shorter than cauda. Cauda: tubular, curled curved. Anterior region: peaked, rostrum antirostrum poorly developed, no excisura and no notch. Posterior region: irregular.","Type: Sagittal, Side: Left otolith. Shape: oval, crenate dorsal and entire ventral margins. Sulcus acusticus: heterosulcoid, median. Ostium: Funnel-like, shorter than cauda. Cauda: tubular, markedly curved. Anterior region: peaked, rostrum antirostrum poorly developed, no excisura and no notch. Posterior region: irregular."
Synagrops_japonicus_Sp9_L (18).tif,oval,rhomboidal,"Type: Sagittal. Side: Left otolith. Shape: rhomboidal, crenate dorsal and entire ventral margins. Sulcus acusticus: heterosulcoid, median. Ostium: Funnel-like, shorter than cauda. Cauda: tubular, curled curved. Anterior region: peaked, rostrum antirostrum poorly developed, no excisura and no notch. Posterior region: irregular.","Type: Sagittal, Side: Left otolith. Shape: oval, crenate dorsal and entire ventral margins. Sulcus acusticus: heterosulcoid, median. Ostium: Funnel-like, shorter than cauda. Cauda: tubular, markedly curved. Anterior region: peaked, rostrum antirostrum poorly developed, no excisura and no notch. Posterior region: irregular."
Synagrops_japonicus_Sp9_L (19).tif,oval,rhomboidal,"Type: Sagittal. Side: Left otolith. Shape: rhomboidal, crenate dorsal and entire ventral margins. Sulcus acusticus: heterosulcoid, median. Ostium: Funnel-like, shorter than cauda. Cauda: tubular, curled curved. Anterior region: peaked, rostrum antirostrum poorly developed, no excisura and no notch. Posterior region: irregular.","Type: Sagittal, Side: Left otolith. Shape: oval, crenate dorsal and entire ventral margins. Sulcus acusticus: heterosulcoid, median. Ostium: Funnel-like, shorter than cauda. Cauda: tubular, markedly curved. Anterior region: peaked, rostrum antirostrum poorly developed, no excisura and no notch. Posterior region: irregular."
Synagrops_japonicus_Sp9_L (2).tif,oval,rhomboidal,"Type: Sagittal. Side: Left otolith. Shape: rhomboidal, crenate dorsal and entire ventral margins. Sulcus acusticus: heterosulcoid, median. Ostium: Funnel-like, shorter than cauda. Cauda: tubular, curled curved. Anterior region: peaked, rostrum antirostrum poorly developed, no excisura and no notch. Posterior region: irregular.","Type: Sagittal, Side: Left otolith. Shape: oval, crenate dorsal and entire ventral margins. Sulcus acusticus: heterosulcoid, median. Ostium: Funnel-like, shorter than cauda. Cauda: tubular, markedly curved. Anterior region: peaked, rostrum antirostrum poorly developed, no excisura and no notch. Posterior region: irregular."
Synagrops_japonicus_Sp9_L (20).tif,oval,rhomboidal,"Type: Sagittal. Side: Left otolith. Shape: rhomboidal, crenate dorsal and entire ventral margins. Sulcus acusticus: heterosulcoid, median. Ostium: Funnel-like, shorter than cauda. Cauda: tubular, curled curved. Anterior region: peaked, rostrum antirostrum poorly developed, no excisura and no notch. Posterior region: irregular.","Type: Sagittal, Side: Left otolith. Shape: oval, crenate dorsal and entire ventral margins. Sulcus acusticus: heterosulcoid, median. Ostium: Funnel-like, shorter than cauda. Cauda: tubular, markedly curved. Anterior region: peaked, rostrum antirostrum poorly developed, no excisura and no notch. Posterior region: irregular."
Synagrops_japonicus_Sp9_L (21).tif,oval,rhomboidal,"Type: Sagittal. Side: Left otolith. Shape: rhomboidal, crenate dorsal and entire ventral margins. Sulcus acusticus: heterosulcoid, median. Ostium: Funnel-like, shorter than cauda. Cauda: tubular, curled curved. Anterior region: peaked, rostrum antirostrum poorly developed, no excisura and no notch. Posterior region: irregular.","Type: Sagittal, Side: Left otolith. Shape: oval, crenate dorsal and entire ventral margins. Sulcus acusticus: heterosulcoid, median. Ostium: Funnel-like, shorter than cauda. Cauda: tubular, markedly curved. Anterior region: peaked, rostrum antirostrum poorly developed, no excisura and no notch. Posterior region: irregular."
Synagrops_japonicus_Sp9_L (22).tif,oval,rhomboidal,"Type: Sagittal. Side: Left otolith. Shape: rhomboidal, crenate dorsal and entire ventral margins. Sulcus acusticus: heterosulcoid, median. Ostium: Funnel-like, shorter than cauda. Cauda: tubular, curled curved. Anterior region: peaked, rostrum antirostrum poorly developed, no excisura and no notch. Posterior region: irregular.","Type: Sagittal, Side: Left otolith. Shape: oval, crenate dorsal and entire ventral margins. Sulcus acusticus: heterosulcoid, median. Ostium: Funnel-like, shorter than cauda. Cauda: tubular, markedly curved. Anterior region: peaked, rostrum antirostrum poorly developed, no excisura and no notch. Posterior region: irregular."
Synagrops_japonicus_Sp9_L (23).tif,oval,rhomboidal,"Type: Sagittal. Side: Left otolith. Shape: rhomboidal, crenate dorsal and entire ventral margins. Sulcus acusticus: heterosulcoid, median. Ostium: Funnel-like, shorter than cauda. Cauda: tubular, curled curved. Anterior region: peaked, rostrum antirostrum poorly developed, no excisura and no notch. Posterior region: irregular.","Type: Sagittal, Side: Left otolith. Shape: oval, crenate dorsal and entire ventral margins. Sulcus acusticus: heterosulcoid, median. Ostium: Funnel-like, shorter than cauda. Cauda: tubular, markedly curved. Anterior region: peaked, rostrum antirostrum poorly developed, no excisura and no notch. Posterior region: irregular."
Synagrops_japonicus_Sp9_L (24).tif,oval,rhomboidal,"Type: Sagittal. Side: Left otolith. Shape: rhomboidal, crenate dorsal and entire ventral margins. Sulcus acusticus: heterosulcoid, median. Ostium: Funnel-like, shorter than cauda. Cauda: tubular, curled curved. Anterior region: peaked, rostrum antirostrum poorly developed, no excisura and no notch. Posterior region: irregular.","Type: Sagittal, Side: Left otolith. Shape: oval, crenate dorsal and entire ventral margins. Sulcus acusticus: heterosulcoid, median. Ostium: Funnel-like, shorter than cauda. Cauda: tubular, markedly curved. Anterior region: peaked, rostrum antirostrum poorly developed, no excisura and no notch. Posterior region: irregular."
Synagrops_japonicus_Sp9_L (25).tif,oval,rhomboidal,"Type: Sagittal. Side: Left otolith. Shape: rhomboidal, crenate dorsal and entire ventral margins. Sulcus acusticus: heterosulcoid, median. Ostium: Funnel-like, shorter than cauda. Cauda: tubular, curled curved. Anterior region: peaked, rostrum antirostrum poorly developed, no excisura and no notch. Posterior region: irregular.","Type: Sagittal, Side: Left otolith. Shape: oval, crenate dorsal and entire ventral margins. Sulcus acusticus: heterosulcoid, median. Ostium: Funnel-like, shorter than cauda. Cauda: tubular, markedly curved. Anterior region: peaked, rostrum antirostrum poorly developed, no excisura and no notch. Posterior region: irregular."
Synagrops_japonicus_Sp9_L (26).tif,oval,rhomboidal,"Type: Sagittal. Side: Left otolith. Shape: rhomboidal, crenate dorsal and entire ventral margins. Sulcus acusticus: heterosulcoid, median. Ostium: Funnel-like, shorter than cauda. Cauda: tubular, curled curved. Anterior region: peaked, rostrum antirostrum poorly developed, no excisura and no notch. Posterior region: irregular.","Type: Sagittal, Side: Left otolith. Shape: oval, crenate dorsal and entire ventral margins. Sulcus acusticus: heterosulcoid, median. Ostium: Funnel-like, shorter than cauda. Cauda: tubular, markedly curved. Anterior region: peaked, rostrum antirostrum poorly developed, no excisura and no notch. Posterior region: irregular."
Synagrops_japonicus_Sp9_L (3).tif,oval,rhomboidal,"Type: Sagittal. Side: Left otolith. Shape: rhomboidal, crenate dorsal and entire ventral margins. Sulcus acusticus: heterosulcoid, median. Ostium: Funnel-like, shorter than cauda. Cauda: tubular, curled curved. Anterior region: peaked, rostrum antirostrum poorly developed, no excisura and no notch. Posterior region: irregular.","Type: Sagittal, Side: Left otolith. Shape: oval, crenate dorsal and entire ventral margins. Sulcus acusticus: heterosulcoid, median. Ostium: Funnel-like, shorter than cauda. Cauda: tubular, markedly curved. Anterior region: peaked, rostrum antirostrum poorly developed, no excisura and no notch. Posterior region: irregular."
Synagrops_japonicus_Sp9_L (4).tif,oval,rhomboidal,"Type: Sagittal. Side: Left otolith. Shape: rhomboidal, crenate dorsal and entire ventral margins. Sulcus acusticus: heterosulcoid, median. Ostium: Funnel-like, shorter than cauda. Cauda: tubular, curled curved. Anterior region: peaked, rostrum antirostrum poorly developed, no excisura and no notch. Posterior region: irregular.","Type: Sagittal, Side: Left otolith. Shape: oval, crenate dorsal and entire ventral margins. Sulcus acusticus: heterosulcoid, median. Ostium: Funnel-like, shorter than cauda. Cauda: tubular, markedly curved. Anterior region: peaked, rostrum antirostrum poorly developed, no excisura and no notch. Posterior region: irregular."
Synagrops_japonicus_Sp9_L (5).tif,oval,rhomboidal,"Type: Sagittal. Side: Left otolith. Shape: rhomboidal, crenate dorsal and entire ventral margins. Sulcus acusticus: heterosulcoid, median. Ostium: Funnel-like, shorter than cauda. Cauda: tubular, curled curved. Anterior region: peaked, rostrum antirostrum poorly developed, no excisura and no notch. Posterior region: irregular.","Type: Sagittal, Side: Left otolith. Shape: oval, crenate dorsal and entire ventral margins. Sulcus acusticus: heterosulcoid, median. Ostium: Funnel-like, shorter than cauda. Cauda: tubular, markedly curved. Anterior region: peaked, rostrum antirostrum poorly developed, no excisura and no notch. Posterior region: irregular."
Synagrops_japonicus_Sp9_L (6).tif,oval,rhomboidal,"Type: Sagittal. Side: Left otolith. Shape: rhomboidal, crenate dorsal and entire ventral margins. Sulcus acusticus: heterosulcoid, median. Ostium: Funnel-like, shorter than cauda. Cauda: tubular, curled curved. Anterior region: peaked, rostrum antirostrum poorly developed, no excisura and no notch. Posterior region: irregular.","Type: Sagittal, Side: Left otolith. Shape: oval, crenate dorsal and entire ventral margins. Sulcus acusticus: heterosulcoid, median. Ostium: Funnel-like, shorter than cauda. Cauda: tubular, markedly curved. Anterior region: peaked, rostrum antirostrum poorly developed, no excisura and no notch. Posterior region: irregular."
Synagrops_japonicus_Sp9_L (7).tif,oval,rhomboidal,"Type: Sagittal. Side: Left otolith. Shape: rhomboidal, crenate dorsal and entire ventral margins. Sulcus acusticus: heterosulcoid, median. Ostium: Funnel-like, shorter than cauda. Cauda: tubular, curled curved. Anterior region: peaked, rostrum antirostrum poorly developed, no excisura and no notch. Posterior region: irregular.","Type: Sagittal, Side: Left otolith. Shape: oval, crenate dorsal and entire ventral margins. Sulcus acusticus: heterosulcoid, median. Ostium: Funnel-like, shorter than cauda. Cauda: tubular, markedly curved. Anterior region: peaked, rostrum antirostrum poorly developed, no excisura and no notch. Posterior region: irregular."
Synagrops_japonicus_Sp9_L (8).tif,oval,rhomboidal,"Type: Sagittal. Side: Left otolith. Shape: rhomboidal, crenate dorsal and entire ventral margins. Sulcus acusticus: heterosulcoid, median. Ostium: Funnel-like, shorter than cauda. Cauda: tubular, curled curved. Anterior region: peaked, rostrum antirostrum poorly developed, no excisura and no notch. Posterior region: irregular.","Type: Sagittal, Side: Left otolith. Shape: oval, crenate dorsal and entire ventral margins. Sulcus acusticus: heterosulcoid, median. Ostium: Funnel-like, shorter than cauda. Cauda: tubular, markedly curved. Anterior region: peaked, rostrum antirostrum poorly developed, no excisura and no notch. Posterior region: irregular."
Synagrops_japonicus_Sp9_L (9).tif,oval,rhomboidal,"Type: Sagittal. Side: Left otolith. Shape: rhomboidal, crenate dorsal and entire ventral margins. Sulcus acusticus: heterosulcoid, median. Ostium: Funnel-like, shorter than cauda. Cauda: tubular, curled curved. Anterior region: peaked, rostrum antirostrum poorly developed, no excisura and no notch. Posterior region: irregular.","Type: Sagittal, Side: Left otolith. Shape: oval, crenate dorsal and entire ventral margins. Sulcus acusticus: heterosulcoid, median. Ostium: Funnel-like, shorter than cauda. Cauda: tubular, markedly curved. Anterior region: peaked, rostrum antirostrum poorly developed, no excisura and no notch. Posterior region: irregular."
Synagrops_japonicus_Sp9_R (1).tif,oval,rhomboidal,"Type: Sagittal. Side: Right otolith. Shape: rhomboidal, crenate dorsal and entire ventral margins. Sulcus acusticus: heterosulcoid, median. Ostium: Funnel-like, shorter than cauda. Cauda: tubular, curled curved. Anterior region: peaked, rostrum antirostrum poorly developed, no excisura and no notch. Posterior region: irregular.","Type: Sagittal, Side: Right otolith. Shape: oval, entire to sinuate dorsal and entire to sinuate ventral margins. Sulcus acusticus: heterosulcoid, median. Ostium: Funnel-like, shorter than cauda. Cauda: tubular, strongly curved. Anterior region: peaked, rostrum antirostrum poorly developed, no excisura and no notch. Posterior region: peaked or irregular."
Synagrops_japonicus_Sp9_R (10).tif,oval,rhomboidal,"Type: Sagittal. Side: Right otolith. Shape: rhomboidal, crenate dorsal and entire ventral margins. Sulcus acusticus: heterosulcoid, median. Ostium: Funnel-like, shorter than cauda. Cauda: tubular, curled curved. Anterior region: peaked, rostrum antirostrum poorly developed, no excisura and no notch. Posterior region: irregular.","Type: Sagittal, Side: Right otolith. Shape: oval, entire to sinuate dorsal and entire to sinuate ventral margins. Sulcus acusticus: heterosulcoid, median. Ostium: Funnel-like, shorter than cauda. Cauda: tubular, strongly curved. Anterior region: peaked, rostrum antirostrum poorly developed, no excisura and no notch. Posterior region: peaked or irregular."
Synagrops_japonicus_Sp9_R (11).tif,oval,rhomboidal,"Type: Sagittal. Side: Right otolith. Shape: rhomboidal, crenate dorsal and entire ventral margins. Sulcus acusticus: heterosulcoid, median. Ostium: Funnel-like, shorter than cauda. Cauda: tubular, curled curved. Anterior region: peaked, rostrum antirostrum poorly developed, no excisura and no notch. Posterior region: irregular.","Type: Sagittal, Side: Right otolith. Shape: oval, entire to sinuate dorsal and entire to sinuate ventral margins. Sulcus acusticus: heterosulcoid, median. Ostium: Funnel-like, shorter than cauda. Cauda: tubular, strongly curved. Anterior region: peaked, rostrum antirostrum poorly developed, no excisura and no notch. Posterior region: peaked or irregular."
Synagrops_japonicus_Sp9_R (12).tif,oval,rhomboidal,"Type: Sagittal. Side: Right otolith. Shape: rhomboidal, crenate dorsal and entire ventral margins. Sulcus acusticus: heterosulcoid, median. Ostium: Funnel-like, shorter than cauda. Cauda: tubular, curled curved. Anterior region: peaked, rostrum antirostrum poorly developed, no excisura and no notch. Posterior region: irregular.","Type: Sagittal, Side: Right otolith. Shape: oval, entire to sinuate dorsal and entire to sinuate ventral margins. Sulcus acusticus: heterosulcoid, median. Ostium: Funnel-like, shorter than cauda. Cauda: tubular, strongly curved. Anterior region: peaked, rostrum antirostrum poorly developed, no excisura and no notch. Posterior region: peaked or irregular."
Synagrops_japonicus_Sp9_R (13).tif,oval,rhomboidal,"Type: Sagittal. Side: Right otolith. Shape: rhomboidal, crenate dorsal and entire ventral margins. Sulcus acusticus: heterosulcoid, median. Ostium: Funnel-like, shorter than cauda. Cauda: tubular, curled curved. Anterior region: peaked, rostrum antirostrum poorly developed, no excisura and no notch. Posterior region: irregular.","Type: Sagittal, Side: Right otolith. Shape: oval, entire to sinuate dorsal and entire to sinuate ventral margins. Sulcus acusticus: heterosulcoid, median. Ostium: Funnel-like, shorter than cauda. Cauda: tubular, strongly curved. Anterior region: peaked, rostrum antirostrum poorly developed, no excisura and no notch. Posterior region: peaked or irregular."
Synagrops_japonicus_Sp9_R (14).tif,oval,rhomboidal,"Type: Sagittal. Side: Right otolith. Shape: rhomboidal, crenate dorsal and entire ventral margins. Sulcus acusticus: heterosulcoid, median. Ostium: Funnel-like, shorter than cauda. Cauda: tubular, curled curved. Anterior region: peaked, rostrum antirostrum poorly developed, no excisura and no notch. Posterior region: irregular.","Type: Sagittal, Side: Right otolith. Shape: oval, entire to sinuate dorsal and entire to sinuate ventral margins. Sulcus acusticus: heterosulcoid, median. Ostium: Funnel-like, shorter than cauda. Cauda: tubular, strongly curved. Anterior region: peaked, rostrum antirostrum poorly developed, no excisura and no notch. Posterior region: peaked or irregular."
Synagrops_japonicus_Sp9_R (15).tif,oval,rhomboidal,"Type: Sagittal. Side: Right otolith. Shape: rhomboidal, crenate dorsal and entire ventral margins. Sulcus acusticus: heterosulcoid, median. Ostium: Funnel-like, shorter than cauda. Cauda: tubular, curled curved. Anterior region: peaked, rostrum antirostrum poorly developed, no excisura and no notch. Posterior region: irregular.","Type: Sagittal, Side: Right otolith. Shape: oval, entire to sinuate dorsal and entire to sinuate ventral margins. Sulcus acusticus: heterosulcoid, median. Ostium: Funnel-like, shorter than cauda. Cauda: tubular, strongly curved. Anterior region: peaked, rostrum antirostrum poorly developed, no excisura and no notch. Posterior region: peaked or irregular."
Synagrops_japonicus_Sp9_R (16).tif,oval,rhomboidal,"Type: Sagittal. Side: Right otolith. Shape: rhomboidal, crenate dorsal and entire ventral margins. Sulcus acusticus: heterosulcoid, median. Ostium: Funnel-like, shorter than cauda. Cauda: tubular, curled curved. Anterior region: peaked, rostrum antirostrum poorly developed, no excisura and no notch. Posterior region: irregular.","Type: Sagittal, Side: Right otolith. Shape: oval, entire to sinuate dorsal and entire to sinuate ventral margins. Sulcus acusticus: heterosulcoid, median. Ostium: Funnel-like, shorter than cauda. Cauda: tubular, strongly curved. Anterior region: peaked, rostrum antirostrum poorly developed, no excisura and no notch. Posterior region: peaked or irregular."
Synagrops_japonicus_Sp9_R (17).tif,oval,rhomboidal,"Type: Sagittal. Side: Right otolith. Shape: rhomboidal, crenate dorsal and entire ventral margins. Sulcus acusticus: heterosulcoid, median. Ostium: Funnel-like, shorter than cauda. Cauda: tubular, curled curved. Anterior region: peaked, rostrum antirostrum poorly developed, no excisura and no notch. Posterior region: irregular.","Type: Sagittal, Side: Right otolith. Shape: oval, entire to sinuate dorsal and entire to sinuate ventral margins. Sulcus acusticus: heterosulcoid, median. Ostium: Funnel-like, shorter than cauda. Cauda: tubular, strongly curved. Anterior region: peaked, rostrum antirostrum poorly developed, no excisura and no notch. Posterior region: peaked or irregular."
Synagrops_japonicus_Sp9_R (18).tif,oval,rhomboidal,"Type: Sagittal. Side: Right otolith. Shape: rhomboidal, crenate dorsal and entire ventral margins. Sulcus acusticus: heterosulcoid, median. Ostium: Funnel-like, shorter than cauda. Cauda: tubular, curled curved. Anterior region: peaked, rostrum antirostrum poorly developed, no excisura and no notch. Posterior region: irregular.","Type: Sagittal, Side: Right otolith. Shape: oval, entire to sinuate dorsal and entire to sinuate ventral margins. Sulcus acusticus: heterosulcoid, median. Ostium: Funnel-like, shorter than cauda. Cauda: tubular, strongly curved. Anterior region: peaked, rostrum antirostrum poorly developed, no excisura and no notch. Posterior region: peaked or irregular."
Synagrops_japonicus_Sp9_R (19).tif,oval,rhomboidal,"Type: Sagittal. Side: Right otolith. Shape: rhomboidal, crenate dorsal and entire ventral margins. Sulcus acusticus: heterosulcoid, median. Ostium: Funnel-like, shorter than cauda. Cauda: tubular, curled curved. Anterior region: peaked, rostrum antirostrum poorly developed, no excisura and no notch. Posterior region: irregular.","Type: Sagittal, Side: Right otolith. Shape: oval, entire to sinuate dorsal and entire to sinuate ventral margins. Sulcus acusticus: heterosulcoid, median. Ostium: Funnel-like, shorter than cauda. Cauda: tubular, strongly curved. Anterior region: peaked, rostrum antirostrum poorly developed, no excisura and no notch. Posterior region: peaked or irregular."
Synagrops_japonicus_Sp9_R (2).tif,oval,rhomboidal,"Type: Sagittal. Side: Right otolith. Shape: rhomboidal, crenate dorsal and entire ventral margins. Sulcus acusticus: heterosulcoid, median. Ostium: Funnel-like, shorter than cauda. Cauda: tubular, curled curved. Anterior region: peaked, rostrum antirostrum poorly developed, no excisura and no notch. Posterior region: irregular.","Type: Sagittal, Side: Right otolith. Shape: oval, entire to sinuate dorsal and entire to sinuate ventral margins. Sulcus acusticus: heterosulcoid, median. Ostium: Funnel-like, shorter than cauda. Cauda: tubular, strongly curved. Anterior region: peaked, rostrum antirostrum poorly developed, no excisura and no notch. Posterior region: peaked or irregular."
Synagrops_japonicus_Sp9_R (20).tif,oval,rhomboidal,"Type: Sagittal. Side: Right otolith. Shape: rhomboidal, crenate dorsal and entire ventral margins. Sulcus acusticus: heterosulcoid, median. Ostium: Funnel-like, shorter than cauda. Cauda: tubular, curled curved. Anterior region: peaked, rostrum antirostrum poorly developed, no excisura and no notch. Posterior region: irregular.","Type: Sagittal, Side: Right otolith. Shape: oval, entire to sinuate dorsal and entire to sinuate ventral margins. Sulcus acusticus: heterosulcoid, median. Ostium: Funnel-like, shorter than cauda. Cauda: tubular, strongly curved. Anterior region: peaked, rostrum antirostrum poorly developed, no excisura and no notch. Posterior region: peaked or irregular."
Synagrops_japonicus_Sp9_R (21).tif,oval,rhomboidal,"Type: Sagittal. Side: Right otolith. Shape: rhomboidal, crenate dorsal and entire ventral margins. Sulcus acusticus: heterosulcoid, median. Ostium: Funnel-like, shorter than cauda. Cauda: tubular, curled curved. Anterior region: peaked, rostrum antirostrum poorly developed, no excisura and no notch. Posterior region: irregular.","Type: Sagittal, Side: Right otolith. Shape: oval, entire to sinuate dorsal and entire to sinuate ventral margins. Sulcus acusticus: heterosulcoid, median. Ostium: Funnel-like, shorter than cauda. Cauda: tubular, strongly curved. Anterior region: peaked, rostrum antirostrum poorly developed, no excisura and no notch. Posterior region: peaked or irregular."
Synagrops_japonicus_Sp9_R (22).tif,oval,rhomboidal,"Type: Sagittal. Side: Right otolith. Shape: rhomboidal, crenate dorsal and entire ventral margins. Sulcus acusticus: heterosulcoid, median. Ostium: Funnel-like, shorter than cauda. Cauda: tubular, curled curved. Anterior region: peaked, rostrum antirostrum poorly developed, no excisura and no notch. Posterior region: irregular.","Type: Sagittal, Side: Right otolith. Shape: oval, entire to sinuate dorsal and entire to sinuate ventral margins. Sulcus acusticus: heterosulcoid, median. Ostium: Funnel-like, shorter than cauda. Cauda: tubular, strongly curved. Anterior region: peaked, rostrum antirostrum poorly developed, no excisura and no notch. Posterior region: peaked or irregular."
Synagrops_japonicus_Sp9_R (23).tif,oval,rhomboidal,"Type: Sagittal. Side: Right otolith. Shape: rhomboidal, crenate dorsal and entire ventral margins. Sulcus acusticus: heterosulcoid, median. Ostium: Funnel-like, shorter than cauda. Cauda: tubular, curled curved. Anterior region: peaked, rostrum antirostrum poorly developed, no excisura and no notch. Posterior region: irregular.","Type: Sagittal, Side: Right otolith. Shape: oval, entire to sinuate dorsal and entire to sinuate ventral margins. Sulcus acusticus: heterosulcoid, median. Ostium: Funnel-like, shorter than cauda. Cauda: tubular, strongly curved. Anterior region: peaked, rostrum antirostrum poorly developed, no excisura and no notch. Posterior region: peaked or irregular."
Synagrops_japonicus_Sp9_R (24).tif,oval,rhomboidal,"Type: Sagittal. Side: Right otolith. Shape: rhomboidal, crenate dorsal and entire ventral margins. Sulcus acusticus: heterosulcoid, median. Ostium: Funnel-like, shorter than cauda. Cauda: tubular, curled curved. Anterior region: peaked, rostrum antirostrum poorly developed, no excisura and no notch. Posterior region: irregular.","Type: Sagittal, Side: Right otolith. Shape: oval, entire to sinuate dorsal and entire to sinuate ventral margins. Sulcus acusticus: heterosulcoid, median. Ostium: Funnel-like, shorter than cauda. Cauda: tubular, strongly curved. Anterior region: peaked, rostrum antirostrum poorly developed, no excisura and no notch. Posterior region: peaked or irregular."
Synagrops_japonicus_Sp9_R (25).tif,oval,rhomboidal,"Type: Sagittal. Side: Right otolith. Shape: rhomboidal, crenate dorsal and entire ventral margins. Sulcus acusticus: heterosulcoid, median. Ostium: Funnel-like, shorter than cauda. Cauda: tubular, curled curved. Anterior region: peaked, rostrum antirostrum poorly developed, no excisura and no notch. Posterior region: irregular.","Type: Sagittal, Side: Right otolith. Shape: oval, entire to sinuate dorsal and entire to sinuate ventral margins. Sulcus acusticus: heterosulcoid, median. Ostium: Funnel-like, shorter than cauda. Cauda: tubular, strongly curved. Anterior region: peaked, rostrum antirostrum poorly developed, no excisura and no notch. Posterior region: peaked or irregular."
Synagrops_japonicus_Sp9_R (3).tif,oval,rhomboidal,"Type: Sagittal. Side: Right otolith. Shape: rhomboidal, crenate dorsal and entire ventral margins. Sulcus acusticus: heterosulcoid, median. Ostium: Funnel-like, shorter than cauda. Cauda: tubular, curled curved. Anterior region: peaked, rostrum antirostrum poorly developed, no excisura and no notch. Posterior region: irregular.","Type: Sagittal, Side: Right otolith. Shape: oval, entire to sinuate dorsal and entire to sinuate ventral margins. Sulcus acusticus: heterosulcoid, median. Ostium: Funnel-like, shorter than cauda. Cauda: tubular, strongly curved. Anterior region: peaked, rostrum antirostrum poorly developed, no excisura and no notch. Posterior region: peaked or irregular."
Synagrops_japonicus_Sp9_R (4).tif,oval,rhomboidal,"Type: Sagittal. Side: Right otolith. Shape: rhomboidal, crenate dorsal and entire ventral margins. Sulcus acusticus: heterosulcoid, median. Ostium: Funnel-like, shorter than cauda. Cauda: tubular, curled curved. Anterior region: peaked, rostrum antirostrum poorly developed, no excisura and no notch. Posterior region: irregular.","Type: Sagittal, Side: Right otolith. Shape: oval, entire to sinuate dorsal and entire to sinuate ventral margins. Sulcus acusticus: heterosulcoid, median. Ostium: Funnel-like, shorter than cauda. Cauda: tubular, strongly curved. Anterior region: peaked, rostrum antirostrum poorly developed, no excisura and no notch. Posterior region: peaked or irregular."
Synagrops_japonicus_Sp9_R (5).tif,oval,rhomboidal,"Type: Sagittal. Side: Right otolith. Shape: rhomboidal, crenate dorsal and entire ventral margins. Sulcus acusticus: heterosulcoid, median. Ostium: Funnel-like, shorter than cauda. Cauda: tubular, curled curved. Anterior region: peaked, rostrum antirostrum poorly developed, no excisura and no notch. Posterior region: irregular.","Type: Sagittal, Side: Right otolith. Shape: oval, entire to sinuate dorsal and entire to sinuate ventral margins. Sulcus acusticus: heterosulcoid, median. Ostium: Funnel-like, shorter than cauda. Cauda: tubular, strongly curved. Anterior region: peaked, rostrum antirostrum poorly developed, no excisura and no notch. Posterior region: peaked or irregular."
Synagrops_japonicus_Sp9_R (6).tif,oval,rhomboidal,"Type: Sagittal. Side: Right otolith. Shape: rhomboidal, crenate dorsal and entire ventral margins. Sulcus acusticus: heterosulcoid, median. Ostium: Funnel-like, shorter than cauda. Cauda: tubular, curled curved. Anterior region: peaked, rostrum antirostrum poorly developed, no excisura and no notch. Posterior region: irregular.","Type: Sagittal, Side: Right otolith. Shape: oval, entire to sinuate dorsal and entire to sinuate ventral margins. Sulcus acusticus: heterosulcoid, median. Ostium: Funnel-like, shorter than cauda. Cauda: tubular, strongly curved. Anterior region: peaked, rostrum antirostrum poorly developed, no excisura and no notch. Posterior region: peaked or irregular."
Synagrops_japonicus_Sp9_R (7).tif,oval,rhomboidal,"Type: Sagittal. Side: Right otolith. Shape: rhomboidal, crenate dorsal and entire ventral margins. Sulcus acusticus: heterosulcoid, median. Ostium: Funnel-like, shorter than cauda. Cauda: tubular, curled curved. Anterior region: peaked, rostrum antirostrum poorly developed, no excisura and no notch. Posterior region: irregular.","Type: Sagittal, Side: Right otolith. Shape: oval, entire to sinuate dorsal and entire to sinuate ventral margins. Sulcus acusticus: heterosulcoid, median. Ostium: Funnel-like, shorter than cauda. Cauda: tubular, strongly curved. Anterior region: peaked, rostrum antirostrum poorly developed, no excisura and no notch. Posterior region: peaked or irregular."
Synagrops_japonicus_Sp9_R (8).tif,oval,rhomboidal,"Type: Sagittal. Side: Right otolith. Shape: rhomboidal, crenate dorsal and entire ventral margins. Sulcus acusticus: heterosulcoid, median. Ostium: Funnel-like, shorter than cauda. Cauda: tubular, curled curved. Anterior region: peaked, rostrum antirostrum poorly developed, no excisura and no notch. Posterior region: irregular.","Type: Sagittal, Side: Right otolith. Shape: oval, entire to sinuate dorsal and entire to sinuate ventral margins. Sulcus acusticus: heterosulcoid, median. Ostium: Funnel-like, shorter than cauda. Cauda: tubular, strongly curved. Anterior region: peaked, rostrum antirostrum poorly developed, no excisura and no notch. Posterior region: peaked or irregular."
Synagrops_japonicus_Sp9_R (9).tif,oval,rhomboidal,"Type: Sagittal. Side: Right otolith. Shape: rhomboidal, crenate dorsal and entire ventral margins. Sulcus acusticus: heterosulcoid, median. Ostium: Funnel-like, shorter than cauda. Cauda: tubular, curled curved. Anterior region: peaked, rostrum antirostrum poorly developed, no excisura and no notch. Posterior region: irregular.","Type: Sagittal, Side: Right otolith. Shape: oval, entire to sinuate dorsal and entire to sinuate ventral margins. Sulcus acusticus: heterosulcoid, median. Ostium: Funnel-like, shorter than cauda. Cauda: tubular, strongly curved. Anterior region: peaked, rostrum antirostrum poorly developed, no excisura and no notch. Posterior region: peaked or irregular."
Uranoscopus sp_Sp10_L (25).tif,oval,elliptical to oval,"Type: Sagittal. Side: Right otolith. Shape: elliptical to oval, entire to sinuate dorsal and entire to sinuate ventral margins. Sulcus acusticus: heterosulcoid, ostial, median. Ostium: tubular, longer than cauda. Cauda: tubular, slightly curved. Anterior region: angled to round, rostrum blunt, antirostrum poorly developed, excisura and notch poorly developed. Posterior region: blunt to round.","Type: Sagittal. Side: Left otolith. Shape: oval, entire to sinuate dorsal and entire to sinuate ventral margins, Sulcus acusticus: heterosulcoid, ostial, median. Ostium: tubular. Cauda: tubular, straight. Anterior region: peaked to round, rostrum and antirostrum poorly defined, notch absent. Posterior region: blunt"
Uranoscopus sp_Sp10_L (27).tif,oval,elliptical,"Type: Sagittal. Side: Right otolith. Shape: elliptical, sinuate to crenate dorsal and entire to sinuate ventral margins. Sulcus acusticus: heterosulcoid, ostial, median. Ostium: tubular. Cauda: tubular, slightly curved. Anterior region: peaked, rostrum and antirostrum poorly defined, excisura poorly defined without notch. Posterior region: blunt.","Type: Sagittal. Side: Left otolith. Shape: oval, entire to sinuate dorsal and entire to sinuate ventral margins, Sulcus acusticus: heterosulcoid, ostial, median. Ostium: tubular. Cauda: tubular, straight. Anterior region: peaked to round, rostrum and antirostrum poorly defined, notch absent. Posterior region: blunt"
Uranoscopus sp_Sp10_L (28).tif,oval,elliptical to oval,"Type: Sagittal. Side: Right otolith. Shape: elliptical to oval, entire to sinuate dorsal and entire to sinuate ventral margins. Sulcus acusticus: heterosulcoid, ostial, median. Ostium: tubular, longer than cauda. Cauda: tubular, slightly curved. Anterior region: angled to peaked, rostrum blunt, antirostrum poorly developed or blunt, excisura moderately narrow with shallow notch. Posterior region: blunt.","Type: Sagittal. Side: Left otolith. Shape: oval, entire to sinuate dorsal and entire to sinuate ventral margins, Sulcus acusticus: heterosulcoid, ostial, median. Ostium: tubular. Cauda: tubular, straight. Anterior region: peaked to round, rostrum and antirostrum poorly defined, notch absent. Posterior region: blunt"
Uranoscopus sp_Sp10_L (29).tif,oval,elliptical to oval,"Type: Sagittal. Side: Right otolith. Shape: elliptical to oval, entire to sinuate dorsal and entire to sinuate ventral margins. Sulcus acusticus: heterosulcoid, ostial, median. Ostium: tubular, longer than cauda. Cauda: tubular, slightly curved. Anterior region: angled to peaked, rostrum blunt, antirostrum poorly developed or blunt, excisura moderately narrow with shallow notch. Posterior region: blunt.","Type: Sagittal. Side: Left otolith. Shape: oval, entire to sinuate dorsal and entire to sinuate ventral margins, Sulcus acusticus: heterosulcoid, ostial, median. Ostium: tubular. Cauda: tubular, straight. Anterior region: peaked to round, rostrum and antirostrum poorly defined, notch absent. Posterior region: blunt"
Uranoscopus sp_Sp10_L (30).tif,oval,elliptical to oval,"Type: Sagittal. Side: Right otolith. Shape: elliptical to oval, entire to sinuate dorsal and entire to sinuate ventral margins. Sulcus acusticus: heterosulcoid, ostial, median. Ostium: tubular, longer than cauda. Cauda: tubular, slightly curved. Anterior region: angled to round, rostrum blunt, antirostrum poorly developed, excisura and notch poorly developed. Posterior region: blunt.","Type: Sagittal. Side: Left otolith. Shape: oval, entire to sinuate dorsal and entire to sinuate ventral margins, Sulcus acusticus: heterosulcoid, ostial, median. Ostium: tubular. Cauda: tubular, straight. Anterior region: peaked to round, rostrum and antirostrum poorly defined, notch absent. Posterior region: blunt"
