Image,actual_shape,predicted_shape,generated_caption,Description
Brachypterois serrulata_Sp4_R (54).tif,oval,Semicircular,"Type: Sagittal. Side: Right otolith. Shape: Semicircular, sinuate to crenate dorsal and sinuate to crenate ventral margins. Sulcus acusticus: heterosulcoid, ostial, median. Ostium: funnel-like. Cauda: tubular, markedly curved. Anterior region: angled, rostrum blunt and antirostrum blunt, excisura moderately wide with wide, shallow notch. Posterior region: blunt.
Class detected:Dactyloptena papilio","Type: Sagittal, Side: Right otolith. Shape: oval, lobed to crenate dorsal and crenate ventral margins. Sulcus acusticus: heterosulcoid, ostial, inframedian. Ostium: tubular, shorter than cauda. Cauda: tubular, strongly curved. Anterior region: irregular to blunt, rostrum blunt and antirostrum poorly defined, notch poorly defined. Posterior region: flattened."
Brachypterois serrulata_Sp4_R (58).tif,oval,Semicircular to triangular,"Type: Sagittal. Side: Right otolith. Shape: Semicircular to triangular, sinuate to crenate dorsal and sinuate to crenate ventral margins. Sulcus acusticus: heterosulcoid, ostial, median. Ostium: funnel-like. Cauda: tubular, markedly curved. Anterior region: double-peaked, rostrum angled and antirostrum angled,  excisura wide with acute, deep notch. Posterior region: round to angled.
Class detected:Dactyloptena papilio","Type: Sagittal, Side: Right otolith. Shape: oval, lobed to crenate dorsal and crenate ventral margins. Sulcus acusticus: heterosulcoid, ostial, inframedian. Ostium: tubular, shorter than cauda. Cauda: tubular, strongly curved. Anterior region: irregular to blunt, rostrum blunt and antirostrum poorly defined, notch poorly defined. Posterior region: flattened."
ChM C 2.0X DORSAL1.tif,Cuneiform to elliptical,Fusiform,"Type: Sagittal. Side: Right otolith. Shape: Fusiform, crenate dorsal and sinuate ventral margins. Sulcus acusticus: heterosulcoid, ostial, median. Ostium: Funnel-like. Cauda: tubular, slightly curved. Anterior region: blunt, rostrum and antirostrum blunt excisura moderately narrow with shallow wide notch.  Posterior region: blunt.
Class detected:Choridactylus multibarbus","Type: Sagittal. Side: Right otolith. Shape: Cuneiform to elliptical, irregular dorsal and sinuate ventral margins. Sulcus acusticus: heterosulcoid, ostial, median. Ostium: Funnel-like. Cauda: tubular, slightly curved. Anterior region: angled, rostrum and antirostrum blunt, excisura moderately narrow with shallow wide notch or poorly defined.  Posterior region: blunt."
ChM C 2.0X DORSAL2.tif,Cuneiform to elliptical,Fusiform,"Type: Sagittal. Side: Right otolith. Shape: Fusiform, crenate dorsal and sinuate ventral margins. Sulcus acusticus: heterosulcoid, ostial, median. Ostium: Funnel-like. Cauda: tubular, slightly curved. Anterior region: blunt, rostrum and antirostrum blunt excisura moderately narrow with shallow wide notch.  Posterior region: blunt.
Class detected:Choridactylus multibarbus","Type: Sagittal. Side: Right otolith. Shape: Cuneiform to elliptical, irregular dorsal and sinuate ventral margins. Sulcus acusticus: heterosulcoid, ostial, median. Ostium: Funnel-like. Cauda: tubular, slightly curved. Anterior region: angled, rostrum and antirostrum blunt, excisura moderately narrow with shallow wide notch or poorly defined.  Posterior region: blunt."
Coryphaenoides sp_Sp10_L (10).tif,Oval to elliptic,Oval to elliptical,"Type: Sagittal. Side: Left otolith. Shape: Oval to elliptical, lobed dorsal and ventral margins, Sulcus acusticus: homosulcoid, mesial, median. Ostium: tubular, Cauda: tubular, straight. Anterior region: round, rostrum and antirostrum poorly defined, notch absent. Posterior region: round to flattened
Class detected:Coryphaenoides sp","Type: Sagittal. Side: Left otolith. Shape: Oval to elliptic, lobed dorsal and sinuate ventral margins, Sulcus acusticus: homosulcoid, para-ostial, median. Ostium: tubular. Cauda: tubular, straight. Anterior region: round, rostrum and antirostrum poorly defined, notch absent. Posterior region: double-peaked."
Coryphaenoides sp_Sp10_L (11).tif,Oval to elliptic,Oval to elliptical,"Type: Sagittal. Side: Left otolith. Shape: Oval to elliptical, lobed dorsal and ventral margins, Sulcus acusticus: homosulcoid, mesial, median. Ostium: tubular, Cauda: tubular, straight. Anterior region: round, rostrum and antirostrum poorly defined, notch absent. Posterior region: round to flattened
Class detected:Coryphaenoides sp","Type: Sagittal. Side: Left otolith. Shape: Oval to elliptic, lobed dorsal and sinuate ventral margins, Sulcus acusticus: homosulcoid, para-ostial, median. Ostium: tubular. Cauda: tubular, straight. Anterior region: round, rostrum and antirostrum poorly defined, notch absent. Posterior region: double-peaked."
Coryphaenoides sp_Sp10_L (12).tif,Oval to elliptic,Oval to elliptical,"Type: Sagittal. Side: Left otolith. Shape: Oval to elliptical, lobed dorsal and ventral margins, Sulcus acusticus: homosulcoid, mesial, median. Ostium: tubular, Cauda: tubular, straight. Anterior region: round, rostrum and antirostrum poorly defined, notch absent. Posterior region: round to flattened
Class detected:Coryphaenoides sp","Type: Sagittal. Side: Left otolith. Shape: Oval to elliptic, lobed dorsal and sinuate ventral margins, Sulcus acusticus: homosulcoid, para-ostial, median. Ostium: tubular. Cauda: tubular, straight. Anterior region: round, rostrum and antirostrum poorly defined, notch absent. Posterior region: double-peaked."
Coryphaenoides sp_Sp10_L (13).tif,Oval to elliptic,Oval to elliptical,"Type: Sagittal. Side: Left otolith. Shape: Oval to elliptical, lobed dorsal and ventral margins, Sulcus acusticus: homosulcoid, mesial, median. Ostium: tubular, Cauda: tubular, straight. Anterior region: round, rostrum and antirostrum poorly defined, notch absent. Posterior region: round to flattened
Class detected:Coryphaenoides sp","Type: Sagittal. Side: Left otolith. Shape: Oval to elliptic, lobed dorsal and sinuate ventral margins, Sulcus acusticus: homosulcoid, para-ostial, median. Ostium: tubular. Cauda: tubular, straight. Anterior region: round, rostrum and antirostrum poorly defined, notch absent. Posterior region: double-peaked."
Coryphaenoides sp_Sp10_L (14).tif,Oval to elliptic,Oval to elliptical,"Type: Sagittal. Side: Left otolith. Shape: Oval to elliptical, lobed dorsal and ventral margins, Sulcus acusticus: homosulcoid, mesial, median. Ostium: tubular, Cauda: tubular, straight. Anterior region: round, rostrum and antirostrum poorly defined, notch absent. Posterior region: round to flattened
Class detected:Coryphaenoides sp","Type: Sagittal. Side: Left otolith. Shape: Oval to elliptic, lobed dorsal and sinuate ventral margins, Sulcus acusticus: homosulcoid, para-ostial, median. Ostium: tubular. Cauda: tubular, straight. Anterior region: round, rostrum and antirostrum poorly defined, notch absent. Posterior region: double-peaked."
Coryphaenoides sp_Sp10_L (15).tif,Oval to elliptic,Oval to elliptical,"Type: Sagittal. Side: Left otolith. Shape: Oval to elliptical, lobed dorsal and ventral margins, Sulcus acusticus: homosulcoid, mesial, median. Ostium: tubular, Cauda: tubular, straight. Anterior region: round, rostrum and antirostrum poorly defined, notch absent. Posterior region: round to flattened
Class detected:Coryphaenoides sp","Type: Sagittal. Side: Left otolith. Shape: Oval to elliptic, lobed dorsal and sinuate ventral margins, Sulcus acusticus: homosulcoid, para-ostial, median. Ostium: tubular. Cauda: tubular, straight. Anterior region: round, rostrum and antirostrum poorly defined, notch absent. Posterior region: double-peaked."
Coryphaenoides sp_Sp10_L (16).tif,Oval to elliptic,Oval to elliptical,"Type: Sagittal. Side: Left otolith. Shape: Oval to elliptical, lobed dorsal and ventral margins, Sulcus acusticus: homosulcoid, mesial, median. Ostium: tubular, Cauda: tubular, straight. Anterior region: round, rostrum and antirostrum poorly defined, notch absent. Posterior region: round to flattened
Class detected:Coryphaenoides sp","Type: Sagittal. Side: Left otolith. Shape: Oval to elliptic, lobed dorsal and sinuate ventral margins, Sulcus acusticus: homosulcoid, para-ostial, median. Ostium: tubular. Cauda: tubular, straight. Anterior region: round, rostrum and antirostrum poorly defined, notch absent. Posterior region: double-peaked."
Coryphaenoides sp_Sp10_L (17).tif,Oval to elliptic,Oval to elliptical,"Type: Sagittal. Side: Left otolith. Shape: Oval to elliptical, lobed dorsal and ventral margins, Sulcus acusticus: homosulcoid, mesial, median. Ostium: tubular, Cauda: tubular, straight. Anterior region: round, rostrum and antirostrum poorly defined, notch absent. Posterior region: round to flattened
Class detected:Coryphaenoides sp","Type: Sagittal. Side: Left otolith. Shape: Oval to elliptic, lobed dorsal and sinuate ventral margins, Sulcus acusticus: homosulcoid, para-ostial, median. Ostium: tubular. Cauda: tubular, straight. Anterior region: round, rostrum and antirostrum poorly defined, notch absent. Posterior region: double-peaked."
Coryphaenoides sp_Sp10_L (18).tif,Oval to elliptic,Oval to elliptical,"Type: Sagittal. Side: Left otolith. Shape: Oval to elliptical, lobed dorsal and ventral margins, Sulcus acusticus: homosulcoid, mesial, median. Ostium: tubular, Cauda: tubular, straight. Anterior region: round, rostrum and antirostrum poorly defined, notch absent. Posterior region: round to flattened
Class detected:Coryphaenoides sp","Type: Sagittal. Side: Left otolith. Shape: Oval to elliptic, lobed dorsal and sinuate ventral margins, Sulcus acusticus: homosulcoid, para-ostial, median. Ostium: tubular. Cauda: tubular, straight. Anterior region: round, rostrum and antirostrum poorly defined, notch absent. Posterior region: double-peaked."
Coryphaenoides sp_Sp10_L (19).tif,Oval to elliptic,Oval to elliptical,"Type: Sagittal. Side: Right otolith. Shape: Oval to elliptical, lobed dorsal and ventral margins, Sulcus acusticus: homosulcoid, mesial, median. Ostium: tubular, Cauda: tubular, straight. Anterior region: round, rostrum and antirostrum poorly defined, notch absent. Posterior region: round to flattened
Class detected:Coryphaenoides sp","Type: Sagittal. Side: Left otolith. Shape: Oval to elliptic, lobed dorsal and sinuate ventral margins, Sulcus acusticus: homosulcoid, para-ostial, median. Ostium: tubular. Cauda: tubular, straight. Anterior region: round, rostrum and antirostrum poorly defined, notch absent. Posterior region: double-peaked."
Coryphaenoides sp_Sp10_L (20).tif,Oval to elliptic,Oval to elliptical,"Type: Sagittal. Side: Left otolith. Shape: Oval to elliptical, lobed dorsal and ventral margins, Sulcus acusticus: homosulcoid, mesial, median. Ostium: tubular, Cauda: tubular, straight. Anterior region: round, rostrum and antirostrum poorly defined, notch absent. Posterior region: round to flattened
Class detected:Coryphaenoides sp","Type: Sagittal. Side: Left otolith. Shape: Oval to elliptic, lobed dorsal and sinuate ventral margins, Sulcus acusticus: homosulcoid, para-ostial, median. Ostium: tubular. Cauda: tubular, straight. Anterior region: round, rostrum and antirostrum poorly defined, notch absent. Posterior region: double-peaked."
Coryphaenoides sp_Sp10_L (21).tif,Oval to elliptic,Oval to elliptical,"Type: Sagittal. Side: Left otolith. Shape: Oval to elliptical, lobed dorsal and ventral margins, Sulcus acusticus: homosulcoid, para-ostial, median. Ostium: tubular, Cauda: tubular, straight. Anterior region: round, rostrum and antirostrum poorly defined, notch absent. Posterior region: round to flattened
Class detected:Coryphaenoides sp","Type: Sagittal. Side: Left otolith. Shape: Oval to elliptic, lobed dorsal and sinuate ventral margins, Sulcus acusticus: homosulcoid, para-ostial, median. Ostium: tubular. Cauda: tubular, straight. Anterior region: round, rostrum and antirostrum poorly defined, notch absent. Posterior region: double-peaked."
Coryphaenoides sp_Sp10_L (22).tif,Oval to elliptic,Oval to elliptical,"Type: Sagittal. Side: Left otolith. Shape: Oval to elliptical, lobed dorsal and ventral margins, Sulcus acusticus: homosulcoid, para-ostial, median. Ostium: tubular, Cauda: tubular, straight. Anterior region: round, rostrum and antirostrum poorly defined, notch absent. Posterior region: round to flattened
Class detected:Coryphaenoides sp","Type: Sagittal. Side: Left otolith. Shape: Oval to elliptic, lobed dorsal and sinuate ventral margins, Sulcus acusticus: homosulcoid, para-ostial, median. Ostium: tubular. Cauda: tubular, straight. Anterior region: round, rostrum and antirostrum poorly defined, notch absent. Posterior region: double-peaked."
Coryphaenoides sp_Sp10_L (23).tif,Oval to elliptic,Oval to elliptical,"Type: Sagittal. Side: Right otolith. Shape: Oval to elliptical, lobed dorsal and ventral margins, Sulcus acusticus: homosulcoid, mesial, median. Ostium: tubular, Cauda: tubular, straight. Anterior region: round, rostrum and antirostrum poorly defined, notch absent. Posterior region: round to double-peaked
Class detected:Coryphaenoides sp","Type: Sagittal. Side: Left otolith. Shape: Oval to elliptic, lobed dorsal and sinuate ventral margins, Sulcus acusticus: homosulcoid, para-ostial, median. Ostium: tubular. Cauda: tubular, straight. Anterior region: round, rostrum and antirostrum poorly defined, notch absent. Posterior region: double-peaked."
Coryphaenoides sp_Sp10_L (24).tif,Oval to elliptic,Oval to elliptical,"Type: Sagittal. Side: Left otolith. Shape: Oval to elliptical, lobed dorsal and ventral margins, Sulcus acusticus: homosulcoid, para-ostial, median. Ostium: tubular, Cauda: tubular, straight. Anterior region: round, rostrum and antirostrum poorly defined, notch absent. Posterior region: round to flattened
Class detected:Coryphaenoides sp","Type: Sagittal. Side: Left otolith. Shape: Oval to elliptic, lobed dorsal and sinuate ventral margins, Sulcus acusticus: homosulcoid, para-ostial, median. Ostium: tubular. Cauda: tubular, straight. Anterior region: round, rostrum and antirostrum poorly defined, notch absent. Posterior region: double-peaked."
Coryphaenoides sp_Sp10_L (25).tif,Oval to elliptic,Oval to elliptical,"Type: Sagittal. Side: Left otolith. Shape: Oval to elliptical, lobed dorsal and ventral margins, Sulcus acusticus: homosulcoid, para-ostial, median. Ostium: tubular, Cauda: tubular, straight. Anterior region: round, rostrum and antirostrum poorly defined, notch absent. Posterior region: round to flattened
Class detected:Coryphaenoides sp","Type: Sagittal. Side: Left otolith. Shape: Oval to elliptic, lobed dorsal and sinuate ventral margins, Sulcus acusticus: homosulcoid, para-ostial, median. Ostium: tubular. Cauda: tubular, straight. Anterior region: round, rostrum and antirostrum poorly defined, notch absent. Posterior region: double-peaked."
Coryphaenoides sp_Sp10_L (26).tif,Oval to elliptic,Oval to elliptical,"Type: Sagittal. Side: Left otolith. Shape: Oval to elliptical, lobed dorsal and ventral margins, Sulcus acusticus: homosulcoid, para-ostial, median. Ostium: tubular, Cauda: tubular, straight. Anterior region: round, rostrum and antirostrum poorly defined, notch absent. Posterior region: round to flattened
Class detected:Coryphaenoides sp","Type: Sagittal. Side: Left otolith. Shape: Oval to elliptic, lobed dorsal and sinuate ventral margins, Sulcus acusticus: homosulcoid, para-ostial, median. Ostium: tubular. Cauda: tubular, straight. Anterior region: round, rostrum and antirostrum poorly defined, notch absent. Posterior region: double-peaked."
Coryphaenoides sp_Sp10_L (27).tif,Oval to elliptic,Oval to elliptical,"Type: Sagittal. Side: Left otolith. Shape: Oval to elliptical, lobed dorsal and ventral margins, Sulcus acusticus: homosulcoid, para-ostial, median. Ostium: tubular, Cauda: tubular, straight. Anterior region: round, rostrum and antirostrum poorly defined, notch absent. Posterior region: round to flattened
Class detected:Coryphaenoides sp","Type: Sagittal. Side: Left otolith. Shape: Oval to elliptic, lobed dorsal and sinuate ventral margins, Sulcus acusticus: homosulcoid, para-ostial, median. Ostium: tubular. Cauda: tubular, straight. Anterior region: round, rostrum and antirostrum poorly defined, notch absent. Posterior region: double-peaked."
Coryphaenoides sp_Sp10_L (28).tif,Oval to elliptic,Oval to elliptical,"Type: Sagittal. Side: Right otolith. Shape: Oval to elliptical, lobed dorsal and ventral margins, Sulcus acusticus: homosulcoid, mesial, median. Ostium: tubular, Cauda: tubular, straight. Anterior region: round, rostrum and antirostrum poorly defined, notch absent. Posterior region: round to flattened
Class detected:Coryphaenoides sp","Type: Sagittal. Side: Left otolith. Shape: Oval to elliptic, lobed dorsal and sinuate ventral margins, Sulcus acusticus: homosulcoid, para-ostial, median. Ostium: tubular. Cauda: tubular, straight. Anterior region: round, rostrum and antirostrum poorly defined, notch absent. Posterior region: double-peaked."
Coryphaenoides sp_Sp10_L (29).tif,Oval to elliptic,Oval to elliptical,"Type: Sagittal. Side: Left otolith. Shape: Oval to elliptical, lobed dorsal and ventral margins, Sulcus acusticus: homosulcoid, para-ostial, median. Ostium: tubular, Cauda: tubular, straight. Anterior region: round, rostrum and antirostrum poorly defined, notch absent. Posterior region: round to flattened
Class detected:Coryphaenoides sp","Type: Sagittal. Side: Left otolith. Shape: Oval to elliptic, lobed dorsal and sinuate ventral margins, Sulcus acusticus: homosulcoid, para-ostial, median. Ostium: tubular. Cauda: tubular, straight. Anterior region: round, rostrum and antirostrum poorly defined, notch absent. Posterior region: double-peaked."
Coryphaenoides sp_Sp10_L (6).tif,Oval to elliptic,Oval to elliptical,"Type: Sagittal. Side: Left otolith. Shape: Oval to elliptical, lobed dorsal and ventral margins, Sulcus acusticus: homosulcoid, mesial, median. Ostium: tubular, Cauda: tubular, straight. Anterior region: round, rostrum and antirostrum poorly defined, notch absent. Posterior region: round to flattened
Class detected:Coryphaenoides sp","Type: Sagittal. Side: Left otolith. Shape: Oval to elliptic, lobed dorsal and sinuate ventral margins, Sulcus acusticus: homosulcoid, para-ostial, median. Ostium: tubular. Cauda: tubular, straight. Anterior region: round, rostrum and antirostrum poorly defined, notch absent. Posterior region: double-peaked."
Coryphaenoides sp_Sp10_L (7).tif,Oval to elliptic,Oval to elliptical,"Type: Sagittal. Side: Left otolith. Shape: Oval to elliptical, lobed dorsal and ventral margins, Sulcus acusticus: homosulcoid, para-ostial, median. Ostium: tubular, Cauda: tubular, straight. Anterior region: round, rostrum and antirostrum poorly defined, notch absent. Posterior region: round to flattened
Class detected:Coryphaenoides sp","Type: Sagittal. Side: Left otolith. Shape: Oval to elliptic, lobed dorsal and sinuate ventral margins, Sulcus acusticus: homosulcoid, para-ostial, median. Ostium: tubular. Cauda: tubular, straight. Anterior region: round, rostrum and antirostrum poorly defined, notch absent. Posterior region: double-peaked."
Coryphaenoides sp_Sp10_L (8).tif,Oval to elliptic,Oval to elliptical,"Type: Sagittal. Side: Left otolith. Shape: Oval to elliptical, lobed dorsal and ventral margins, Sulcus acusticus: homosulcoid, mesial, median. Ostium: tubular, Cauda: tubular, straight. Anterior region: round, rostrum and antirostrum poorly defined, notch absent. Posterior region: round to flattened
Class detected:Coryphaenoides sp","Type: Sagittal. Side: Left otolith. Shape: Oval to elliptic, lobed dorsal and sinuate ventral margins, Sulcus acusticus: homosulcoid, para-ostial, median. Ostium: tubular. Cauda: tubular, straight. Anterior region: round, rostrum and antirostrum poorly defined, notch absent. Posterior region: double-peaked."
Coryphaenoides sp_Sp10_L (9).tif,Oval to elliptic,Oval to elliptical,"Type: Sagittal. Side: Left otolith. Shape: Oval to elliptical, lobed dorsal and ventral margins, Sulcus acusticus: homosulcoid, mesial, median. Ostium: tubular, Cauda: tubular, straight. Anterior region: round, rostrum and antirostrum poorly defined, notch absent. Posterior region: round to flattened
Class detected:Coryphaenoides sp","Type: Sagittal. Side: Left otolith. Shape: Oval to elliptic, lobed dorsal and sinuate ventral margins, Sulcus acusticus: homosulcoid, para-ostial, median. Ostium: tubular. Cauda: tubular, straight. Anterior region: round, rostrum and antirostrum poorly defined, notch absent. Posterior region: double-peaked."
AG34R 1.6X.tif,squared to irregular,Semicircular to elliptical,"Type: Sagittal. Side: Right otolith. Shape: Semicircular to elliptical, lobed dorsal and sinuate ventral margins. Sulcus acusticus: heterosulcoid, ostial, median. Ostium: funnel-like. Cauda: tubular, markedly curved. Anterior region: double-peaked, rostrum angled and antirostrum angled,  excisura moderately wide with acute, shallow notch. Posterior region: double-peaked to blunt.
Class detected:Dactyloptena papilio","Type: Sagittal. Side: Right otolith. Shape: squared to irregular, lobed to irregular dorsal and sinuate to crenate ventral margins. Sulcus acusticus: heterosulcoid ostial, median. Ostium: funnel-like. Cauda: tubular, markedly curved. Anterior region: notched, rostrum round and antirostrum round,  excisura moderately wide with moderately deep notch. Posterior region: notched."
AG39R 1.6X.tif,Semicircular,Semicircular to triangular,"Type: Sagittal. Side: Right otolith. Shape: Semicircular to triangular, sinuate to crenate dorsal and sinuate to crenate ventral margins. Sulcus acusticus: heterosulcoid, ostial, median. Ostium: funnel-like. Cauda: tubular, markedly curved. Anterior region: double-peaked, rostrum angled and antirostrum angled,  excisura wide with acute, shallow notch. Posterior region: angled.
Class detected:Dactyloptena papilio","Type: Sagittal. Side: Right otolith. Shape: Semicircular, lobed dorsal and sinuate to crenate ventral margins. Sulcus acusticus: heterosulcoid ostial, median. Ostium: funnel-like. Cauda: tubular, markedly curved. Anterior region: double-peaked, rostrum angled and antirostrum angled, excisura wide with acute shallow notch. Posterior region: angled."
AG8R 1.6X.tif,Semicircular,Semicircular to triangular,"Type: Sagittal. Side: Right otolith. Shape: Semicircular to triangular, sinuate to crenate dorsal and sinuate to crenate  ventral margins. Sulcus acusticus: heterosulcoid, ostial, median. Ostium: funnel-like. Cauda: tubular, markedly curved. Anterior region: double-peaked, rostrum angled and antirostrum angled,  excisura wide with acute, shallow notch. Posterior region: angled.
Class detected:Dactyloptena papilio","Type: Sagittal. Side: Right otolith. Shape: Semicircular, crenate dorsal and crenate ventral margins. Sulcus acusticus: heterosulcoid ostial, median. Ostium: funnel-like. Cauda: tubular, markedly curved. Anterior region: double-peaked, rostrum blunt and antirostrum pointed,  excisura moderaltely wide with acute, moderately deep notch. Posterior region: angled."
DTR41.tif,fusiform,oval,"Type: Sagittal. Side: Right otolith. Shape: oval, irregular dorsal, crenate to serrate ventral margins. Sulcus acusticus: heterosulcoid, ostial, median. Ostium: funnel-like. Cauda: tubular, strongly curved. Anterior region: blunt, rostrum blunt and antirostrum blunt, excisura narrow with shallow, wide notch. Posterior region: blunt.
Class detected:Dactyloptena orientalis","Type: Sagittal. Side: Right otolith. Shape: fusiform, crenate dorsal and crenate to serrate ventral margins. Sulcus acusticus: heterosulcoid, ostial, median. Ostium: funnel-like. Cauda: tubular, markedly curved. Anterior region: round to peaked, rostrum angled and antirostrum poorly developed, excisura and notch poorly developed. Posterior region: blunt."
DTR47.tif,fusiform to elliptic,fusiform,"Type: Sagittal. Side: Right otolith. Shape: fusiform. irregular dorsal, crenate to serrate ventral margins. Sulcus acusticus: heterosulcoid, ostial, median. Ostium: funnel-like. Cauda: tubular, markedly curved. Anterior region: blunt, rostrum blunt and antirostrum poorly developed, excisura and notch poorly developed. Posterior region: blunt.
Class detected:Dactyloptena tiltoni","Type: Sagittal. Side: Right otolith. Shape: fusiform to elliptic, crenate to irregular dorsal and crenate to serrate ventral margins. Sulcus acusticus: heterosulcoid, ostial, median. Ostium: funnel-like. Cauda: tubular, markedly curved. Anterior region: round to peaked, rostrum angled and antirostrum poorly developed, excisura and notch poorly developed. Posterior region: blunt."
DTR56.tif,oval to elliptic,oval to elliptical,"Type: Sagittal. Side: Right otolith. Shape: oval to elliptical, crenate to irregular dorsal, crenate to serrate ventral margins. Sulcus acusticus: heterosulcoid, ostial, median. Ostium: funnel-like. Cauda: tubular, markedly curved. Anterior region: blunt, rostrum blunt and antirostrum poorly developed, excisura and notch poorly developed. Posterior region: blunt.
Class detected:Dactyloptena tiltoni","Type: Sagittal. Side: Right otolith. Shape: oval to elliptic, crenate to irregular dorsal and crenate ventral margins. Sulcus acusticus: heterosulcoid, ostial, median. Ostium: funnel-like. Cauda: tubular, markedly curved. Anterior region: round to peaked, rostrum angled and antirostrum poorly developed, excisura and notch poorly developed. Posterior region: double-peaked to blunt."
DTR69.tif,oval to elliptic,fusiform,"Type: Sagittal. Side: Right otolith. Shape: fusiform. irregular dorsal, crenate to serrate ventral margins. Sulcus acusticus: heterosulcoid, ostial, median. Ostium: funnel-like. Cauda: tubular, markedly curved. Anterior region: peaked, rostrum blunt and antirostrum blunt to poorly developed, excisura narrow and shallow, wide notch. Posterior region: blunt.
Class detected:Dactyloptena tiltoni","Type: Sagittal. Side: Right otolith. Shape: oval to elliptic, crenate to irregular dorsal and crenate ventral margins. Sulcus acusticus: heterosulcoid, ostial, median. Ostium: funnel-like. Cauda: tubular, markedly curved. Anterior region: round to peaked, rostrum angled and antirostrum poorly developed, excisura and notch poorly developed. Posterior region: double-peaked."
Ectreposbastes imus_dorsal_Sp2_L_dorsal (2).tif,discoidal,Discoidal to hour-glass,"Type: Sagittal. Side: Left otolith. Shape: Discoidal to hour-glass, sinuate dorsal and crenate ventral margins. Sulcus acusticus: Not visible (outer surface view presented), Growth rings (annuli) visible. Anterior region: double peaked, rostrum blunt and antirostrum pointed, excisura moderately narrow with shallow acute notch. Posterior region: blunt to double-peaked.
Class detected:Pterygotrigla hemisticta","Type: Sagittal. Side: Left otolith. Shape: discoidal, approximately entire to sinuate dorsal and sinuate ventral margins. Sulcus acusticus: Not visible (outer surface view presented). Ostium and Cauda: undifferentiated. Anterior region: double peaked, rostrum and antirostrum blunt excisura wide with acute to wide notch. Posterior region: round to blunt."
Ectreposbastes imus_dorsal_Sp2_L_dorsal (3).tif,discoidal,Discoidal to hour-glass,"Type: Sagittal. Side: Left otolith. Shape: Discoidal to hour-glass, sinuate dorsal and crenate ventral margins. Sulcus acusticus: Not visible (outer surface view presented), Growth rings (annuli) visible. Anterior region: double peaked, rostrum blunt and antirostrum pointed, excisura moderately narrow with shallow acute notch. Posterior region: blunt.
Class detected:Pterygotrigla hemisticta","Type: Sagittal. Side: Left otolith. Shape: discoidal, approximately entire to sinuate dorsal and sinuate ventral margins. Sulcus acusticus: Not visible (outer surface view presented). Ostium and Cauda: undifferentiated. Anterior region: double peaked, rostrum and antirostrum blunt excisura wide with acute to wide notch. Posterior region: round to blunt."
Ectreposbastes imus_dorsal_Sp2_L_dorsal (4).tif,discoidal,Discoidal to hour-glass,"Type: Sagittal. Side: Left otolith. Shape: Discoidal to hour-glass, sinuate dorsal and crenate ventral margins. Sulcus acusticus: Not visible (outer surface view presented), Growth rings (annuli) visible. Anterior region: double peaked, rostrum blunt and antirostrum pointed, excisura moderately narrow with shallow acute notch. Posterior region: blunt.
Class detected:Pterygotrigla hemisticta","Type: Sagittal. Side: Left otolith. Shape: discoidal, approximately entire to sinuate dorsal and sinuate ventral margins. Sulcus acusticus: Not visible (outer surface view presented). Ostium and Cauda: undifferentiated. Anterior region: double peaked, rostrum and antirostrum blunt excisura wide with acute to wide notch. Posterior region: round to blunt."
Ectreposbastes imus_dorsal_Sp2_L_dorsal (5).tif,discoidal,Discoidal to hour-glass,"Type: Sagittal. Side: Left otolith. Shape: Discoidal to hour-glass, sinuate dorsal and crenate ventral margins. Sulcus acusticus: Not visible (outer surface view presented), Growth rings (annuli) visible. Anterior region: double peaked, rostrum blunt and antirostrum pointed, excisura moderately narrow with shallow acute notch. Posterior region: blunt.
Class detected:Pterygotrigla hemisticta","Type: Sagittal. Side: Left otolith. Shape: discoidal, approximately entire to sinuate dorsal and sinuate ventral margins. Sulcus acusticus: Not visible (outer surface view presented). Ostium and Cauda: undifferentiated. Anterior region: double peaked, rostrum and antirostrum blunt excisura wide with acute to wide notch. Posterior region: round to blunt."
Ectreposbastes imus_dorsal_Sp2_L_dorsal (6).tif,discoidal,Discoidal to hour-glass,"Type: Sagittal. Side: Left otolith. Shape: Discoidal to hour-glass, sinuate dorsal and crenate ventral margins. Sulcus acusticus: Not visible (outer surface view presented), Growth rings (annuli) visible. Anterior region: double peaked, rostrum blunt and antirostrum pointed, excisura moderately narrow with shallow acute notch. Posterior region: blunt.
Class detected:Pterygotrigla hemisticta","Type: Sagittal. Side: Left otolith. Shape: discoidal, approximately entire to sinuate dorsal and sinuate ventral margins. Sulcus acusticus: Not visible (outer surface view presented). Ostium and Cauda: undifferentiated. Anterior region: double peaked, rostrum and antirostrum blunt excisura wide with acute to wide notch. Posterior region: round to blunt."
Ectreposbastes imus_dorsal_Sp2_L_dorsal (7).tif,discoidal,Discoidal to hour-glass,"Type: Sagittal. Side: Left otolith. Shape: Discoidal to hour-glass, sinuate dorsal and crenate ventral margins. Sulcus acusticus: Not visible (outer surface view presented), Growth rings (annuli) visible. Anterior region: double peaked, rostrum blunt and antirostrum pointed, excisura moderately narrow with shallow acute notch. Posterior region: blunt.
Class detected:Pterygotrigla hemisticta","Type: Sagittal. Side: Left otolith. Shape: discoidal, approximately entire to sinuate dorsal and sinuate ventral margins. Sulcus acusticus: Not visible (outer surface view presented). Ostium and Cauda: undifferentiated. Anterior region: double peaked, rostrum and antirostrum blunt excisura wide with acute to wide notch. Posterior region: round to blunt."
Ectreposbastes imus_dorsal_Sp2_L_dorsal (8).tif,discoidal,Discoidal to hour-glass,"Type: Sagittal. Side: Left otolith. Shape: Discoidal to hour-glass, sinuate dorsal and crenate ventral margins. Sulcus acusticus: Not visible (outer surface view presented), Growth rings (annuli) visible. Anterior region: double peaked, rostrum blunt and antirostrum pointed, excisura moderately narrow with shallow acute notch. Posterior region: blunt.
Class detected:Pterygotrigla hemisticta","Type: Sagittal. Side: Left otolith. Shape: discoidal, approximately entire to sinuate dorsal and sinuate ventral margins. Sulcus acusticus: Not visible (outer surface view presented). Ostium and Cauda: undifferentiated. Anterior region: double peaked, rostrum and antirostrum blunt excisura wide with acute to wide notch. Posterior region: round to blunt."
AI10L 0.75X.tif,Spindle-shaped to fusiform,Oval to elliptical,"Type: Sagittal. Side: Left otolith. Shape: Oval to elliptical, sinuate to entire dorsal and entire ventral margins, Sulcus acusticus: heterosulcoid, ostial, median. Ostium: tubular, longer than cauda. Cauda: tubular, slightly curved. Anterior region: peaked, rostrum and antirostrum poorly defined, excisura and notch poorly defined. Posterior region: Blunt to round.
Class detected:Grammoplites suppositus","Type: Sagittal. Side: Left otolith. Shape: Spindle-shaped to fusiform, sinuate to entire dorsal and entire to sinuate ventral margins. Sulcus acusticus: heterosulcoid, ostial, median. Ostium: tubular, longer than cauda. Cauda: tubular, straight. Anterior region: round to angled, rostrum round and antirostrum poorly defined or round, excisura wide with wide, shallow notch . Posterior region: double-peaked."
AI23 0.75XDORSAL1.tif,Spindle-shaped to fusiform,Spindle-shaped,"Type: Sagittal. Side: Right otolith. Shape: Spindle-shaped, sinuate to entire dorsal and sinuate to entire ventral margins, Sulcus acusticus: heterosulcoid, ostial, median. Ostium: tubular, longer than cauda. Cauda: tubular, straight. Anterior region: round ,rostrum and antirostrum poorly defined, excisura and notch poorly defined. Posterior region: blunt.
Class detected:Grammoplites suppositus","Type: Sagittal. Side: Right otolith. Shape: Spindle-shaped to fusiform, sinuate to entire dorsal and entire to sinuate ventral margins. Sulcus acusticus: heterosulcoid, ostial, median. Ostium: tubular, longer than cauda. Cauda: tubular, straight. Anterior region: round, rostrum and antirostrum poorly defined, excisura and notch poorly defined. Posterior region: blunt."
AI23R 0.75X.tif,Spindle-shaped to fusiform,Spindle-shaped,"Type: Sagittal. Side: Right otolith. Shape: Spindle-shaped, sinuate to entire dorsal and sinuate to entire ventral margins, Sulcus acusticus: heterosulcoid, ostial, median. Ostium: tubular, longer than cauda. Cauda: tubular, straight. Anterior region: round ,rostrum and antirostrum poorly defined, excisura and notch poorly defined. Posterior region: blunt.
Class detected:Grammoplites suppositus","Type: Sagittal. Side: Right otolith. Shape: Spindle-shaped to fusiform, sinuate to entire dorsal and entire to sinuate ventral margins. Sulcus acusticus: heterosulcoid, ostial, median. Ostium: tubular, longer than cauda. Cauda: tubular, straight. Anterior region: round, rostrum and antirostrum poorly defined, excisura and notch poorly defined. Posterior region: blunt."
AI26R 0.75X.tif,Spindle-shaped to fusiform,Spindle-shaped,"Type: Sagittal. Side: Right otolith. Shape: Spindle-shaped, sinuate to entire dorsal and entire ventral margins, Sulcus acusticus: heterosulcoid, ostial, median. Ostium: tubular, longer than cauda. Cauda: tubular, slightly curved. Anterior region: peaked, rostrum blunt and antirostrum poorly, excisura wide with wide shallow notch. Posterior region: Round.
Class detected:Grammoplites suppositus","Type: Sagittal. Side: Right otolith. Shape: Spindle-shaped to fusiform, sinuate to entire dorsal and entire to sinuate ventral margins. Sulcus acusticus: heterosulcoid, ostial, median. Ostium: tubular, longer than cauda. Cauda: tubular, straight. Anterior region: round, rostrum and antirostrum poorly defined, excisura and notch poorly defined. Posterior region: blunt."
AI35R 0.75X.tif,Spindle-shaped to fusiform,Spindle-shaped,"Type: Sagittal. Side: Right otolith. Shape: Spindle-shaped, sinuate to entire dorsal and sinuate to entire ventral margins, Sulcus acusticus: heterosulcoid, ostial, median. Ostium: tubular, longer than cauda. Cauda: tubular, slightly curved. Anterior region: Round, excisura narrow, with shallow notch, rostrum longer than antirostrum, antirostrum present. Posterior region: blunt.
Class detected:Grammoplites suppositus","Type: Sagittal. Side: Right otolith. Shape: Spindle-shaped to fusiform, sinuate to entire dorsal and entire to sinuate ventral margins. Sulcus acusticus: heterosulcoid, ostial, median. Ostium: tubular, longer than cauda. Cauda: tubular, straight. Anterior region: round, rostrum round and antirostrum slightly angled or poorly defined, excisura narrow with wide, shallow notch. Posterior region: blunt."
AI3R .75X.tif,Spindle-shaped to fusiform,Semicircular to triangular,"Type: Sagittal. Side: Right otolith. Shape: Semicircular to triangular, sinuate to crenate dorsal and sinuate to crenate ventral margins. Sulcus acusticus: heterosulcoid, ostial, median. Ostium: funnel-like. Cauda: tubular, markedly curved. Anterior region: double-peaked, rostrum angled and antirostrum angled,  excisura wide with wide, shallow notch. Posterior region: angled.
Class detected:Dactyloptena papilio","Type: Sagittal. Side: Right otolith. Shape: Spindle-shaped to fusiform, sinuate to entire dorsal and entire ventral margins. Sulcus acusticus: heterosulcoid, ostial, median. Ostium: tubular, longer than cauda. Cauda: tubular, straight. Anterior region: angled, rostrum and antirostrum poorly defined, excisura and notch poorly defined. Posterior region: double-peaked."
AI44R 0.75X.tif,Spindle-shaped to fusiform,Spindle-shaped,"Type: Sagittal. Side: Right otolith. Shape: Spindle-shaped, sinuate to entire dorsal and entire ventral margins, Sulcus acusticus: heterosulcoid, ostial, median. Ostium: tubular, longer than cauda. Cauda: tubular, slightly curved. Anterior region: peaked, rostrum and antirostrum poorly defined, excisura wide with wide shallow notch. Posterior region: round to blunt.
Class detected:Grammoplites suppositus","Type: Sagittal. Side: Right otolith. Shape: Spindle-shaped to fusiform, sinuate to entire dorsal and entire to sinuate ventral margins. Sulcus acusticus: heterosulcoid, ostial, median. Ostium: tubular, longer than cauda. Cauda: tubular, straight. Anterior region: angled, rostrum and antirostrum poorly defined, excisura and notch poorly defined. Posterior region: round."
AI50L 0.75X.tif,fusiform,Spindle-shaped,"Type: Sagittal. Side: Right otolith. Shape: Spindle-shaped, sinuate to entire dorsal and sinuate to entire ventral margins, Sulcus acusticus: heterosulcoid, ostial, median. Ostium: tubular, longer than cauda. Cauda: tubular, straight. Anterior region: peaked, excisura narrow, with shallow notch, rostrum blunt longer than antirostrum, antirostrum present. Posterior region: blunt.
Class detected:Grammoplites suppositus","Type: Sagittal. Side: Right otolith. Shape: fusiform, sinuate to entire dorsal and entire to sinuate ventral margins. Sulcus acusticus: heterosulcoid, ostial, median. Ostium: tubular, longer than cauda. Cauda: tubular, straight. Anterior region: round, rostrum and antirostrum poorly defined, excisura and notch poorly defined. Posterior region: blunt."
AI53R 0.75X.tif,fusiform,Spindle-shaped,"Type: Sagittal. Side: Right otolith. Shape: Spindle-shaped, sinuate to entire dorsal and sinuate to entire ventral margins, Sulcus acusticus: heterosulcoid, ostial, median. Ostium: tubular, longer than cauda. Cauda: tubular, slightly curved. Anterior region: peaked, rostrum blunt and antirostrum poorly defined or blunt, excisura wide with wide, shallow notch or poorly defined notch and excisura. Posterior region: blunt.
Class detected:Grammoplites suppositus","Type: Sagittal. Side: Right otolith. Shape: fusiform, sinuate to entire dorsal and entire to sinuate ventral margins. Sulcus acusticus: heterosulcoid, ostial, median. Ostium: tubular, longer than cauda. Cauda: tubular, straight. Anterior region: round, rostrum and antirostrum poorly defined, excisura and notch poorly defined. Posterior region: angled."
AI58R 0.75X.tif,spindle-shaped to fusiform,Spindle-shaped,"Type: Sagittal. Side: Right otolith. Shape: Spindle-shaped, sinuate to entire dorsal and entire ventral margins, Sulcus acusticus: heterosulcoid, ostial, median. Ostium: tubular, longer than cauda. Cauda: tubular, straight. Anterior region: peaked, rostrum blunt and antirostrum poorly defined or blunt, excisura wide with wide shallow notch. Posterior region: Round.
Class detected:Grammoplites suppositus","Type: Sagittal. Side: Right otolith. Shape: spindle-shaped to fusiform, sinuate to entire dorsal and entire to sinuate ventral margins. Sulcus acusticus: heterosulcoid, ostial, median. Ostium: tubular, longer than cauda. Cauda: tubular, straight. Anterior region: double-peaked, rostrum angled and antirostrum round, excisura wide with wide, shallow notch. Posterior region: double-peaked."
AI7.tif,Spindle-shaped to fusiform,Triangular to Spindle-shaped,"Type: Sagittal. Side: Right otolith. Shape: Triangular to Spindle-shaped, sinuate to entire dorsal and sinuate to entire ventral margins, Sulcus acusticus: heterosulcoid, ostial, median. Ostium: tubular, longer than cauda. Cauda: tubular, slightly curved. Anterior region: Peaked, rostrum blunt and antirostrum poorly defined or blunt, excisura wide with acute, shallow notch. Posterior region: peaked.
Class detected:Grammoplites suppositus","Type: Sagittal. Side: Right otolith. Shape: Spindle-shaped to fusiform, sinuate to entire dorsal and entire to sinuate ventral margins. Sulcus acusticus: heterosulcoid, ostial, median. Ostium: tubular, longer than cauda. Cauda: tubular, straight. Anterior region: double-peaked, rostrum and antirostrum poorly defined, excisura and notch poorly defined. Posterior region: angled."
Minous dempsterae_Sp4_L (11).tif,elliptical,oval,"Type: Sagittal. Side: Left otolith. Shape: oval, entire to sinuate dorsal and sinuate to crenate ventral margins. Sulcus acusticus: heterosulcoid, ostial, inframedian. Ostium: funnel-like. Cauda: tubular, strongly curved. Anterior region: angled, rostrum blunt and antirostrum poorly developed, excisura and notch poorly developed. Posterior region: blunt.
Class detected:Dactyloptena orientalis","Type: Sagittal. Side: Left otolith. Shape: elliptical, sinuate dorsal and sinuate ventral margins. Sulcus acusticus: heterosulcoid, ostial, median. Ostium: funnel-like. Cauda: tubular, slightly curved. Anterior region: angled, rostrum angled and antirostrum blunt to poorly defined, excisura narrow with shallow wide or poorly developed notch. Posterior region: blunt."
Minous dempsterae_Sp4_L (126).tif,elliptical,oval,"Type: Sagittal. Side: Left otolith. Shape: oval, entire to sinuate dorsal and entire ventral margins. Sulcus acusticus: heterosulcoid, ostial, inframedian. Ostium: tubular, shorter than cauda. Cauda: tubular, strongly curved. Anterior region: angled, rostrum blunt and antirostrum poorly developed, notch absent. Posterior region: oblique.
Class detected:Brachypterois serrulata","Type: Sagittal. Side: Left otolith. Shape: elliptical, sinuate dorsal and sinuate ventral margins. Sulcus acusticus: heterosulcoid, ostial, median. Ostium: funnel-like. Cauda: tubular, slightly curved. Anterior region: angled, rostrum angled and antirostrum blunt to poorly defined, excisura narrow with shallow wide or poorly developed notch. Posterior region: blunt."
Minous dempsterae_Sp4_L (127).tif,elliptical,oval,"Type: Sagittal. Side: Left otolith. Shape: oval, entire to sinuate dorsal and entire ventral margins. Sulcus acusticus: heterosulcoid, ostial, inframedian. Ostium: tubular, shorter than cauda. Cauda: tubular, strongly curved. Anterior region: angled, rostrum blunt and antirostrum poorly developed, notch absent. Posterior region: oblique.
Class detected:Brachypterois serrulata","Type: Sagittal. Side: Left otolith. Shape: elliptical, sinuate dorsal and sinuate ventral margins. Sulcus acusticus: heterosulcoid, ostial, median. Ostium: funnel-like. Cauda: tubular, slightly curved. Anterior region: angled, rostrum angled and antirostrum blunt to poorly defined, excisura narrow with shallow wide or poorly developed notch. Posterior region: blunt."
Minous dempsterae_Sp4_L (128).tif,elliptical,oval,"Type: Sagittal. Side: Left otolith. Shape: oval, entire to sinuate dorsal and sinuate to crenate ventral margins. Sulcus acusticus: heterosulcoid, ostial, inframedian. Ostium: funnel-like. Cauda: tubular, strongly curved. Anterior region: angled, rostrum blunt and antirostrum poorly developed, excisura and notch poorly developed. Posterior region: blunt.
Class detected:Dactyloptena orientalis","Type: Sagittal. Side: Left otolith. Shape: elliptical, sinuate dorsal and sinuate ventral margins. Sulcus acusticus: heterosulcoid, ostial, median. Ostium: funnel-like. Cauda: tubular, slightly curved. Anterior region: angled, rostrum angled and antirostrum blunt to poorly defined, excisura narrow with shallow wide or poorly developed notch. Posterior region: blunt."
Minous dempsterae_Sp4_L (129).tif,elliptical,oval,"Type: Sagittal. Side: Left otolith. Shape: oval, entire to sinuate dorsal and sinuate to crenate ventral margins. Sulcus acusticus: heterosulcoid, ostial, inframedian. Ostium: funnel-like. Cauda: tubular, strongly curved. Anterior region: angled, rostrum blunt and antirostrum poorly developed, excisura and notch poorly developed. Posterior region: blunt.
Class detected:Dactyloptena orientalis","Type: Sagittal. Side: Left otolith. Shape: elliptical, sinuate dorsal and sinuate ventral margins. Sulcus acusticus: heterosulcoid, ostial, median. Ostium: funnel-like. Cauda: tubular, slightly curved. Anterior region: angled, rostrum angled and antirostrum blunt to poorly defined, excisura narrow with shallow wide or poorly developed notch. Posterior region: blunt."
Minous dempsterae_Sp4_L (13).tif,elliptical,oval,"Type: Sagittal. Side: Left otolith. Shape: oval, entire to sinuate dorsal and sinuate to crenate ventral margins. Sulcus acusticus: heterosulcoid, ostial, inframedian. Ostium: funnel-like. Cauda: tubular, strongly curved. Anterior region: angled, rostrum blunt and antirostrum poorly developed, excisura and notch poorly developed. Posterior region: blunt.
Class detected:Dactyloptena orientalis","Type: Sagittal. Side: Left otolith. Shape: elliptical, sinuate dorsal and sinuate ventral margins. Sulcus acusticus: heterosulcoid, ostial, median. Ostium: funnel-like. Cauda: tubular, slightly curved. Anterior region: angled, rostrum angled and antirostrum blunt to poorly defined, excisura narrow with shallow wide or poorly developed notch. Posterior region: blunt."
Minous dempsterae_Sp4_L (130).tif,elliptical,oval,"Type: Sagittal. Side: Left otolith. Shape: oval, entire to sinuate dorsal and entire ventral margins. Sulcus acusticus: heterosulcoid, ostial, inframedian. Ostium: tubular, shorter than cauda. Cauda: tubular, strongly curved. Anterior region: angled, rostrum blunt and antirostrum poorly developed, notch absent. Posterior region: oblique.
Class detected:Brachypterois serrulata","Type: Sagittal. Side: Left otolith. Shape: elliptical, sinuate dorsal and sinuate ventral margins. Sulcus acusticus: heterosulcoid, ostial, median. Ostium: funnel-like. Cauda: tubular, slightly curved. Anterior region: angled, rostrum angled and antirostrum blunt to poorly defined, excisura narrow with shallow wide or poorly developed notch. Posterior region: blunt."
Minous dempsterae_Sp4_L (134).tif,elliptical,oval,"Type: Sagittal. Side: Left otolith. Shape: oval, entire to sinuate dorsal and sinuate to crenate ventral margins. Sulcus acusticus: heterosulcoid, ostial, inframedian. Ostium: funnel-like. Cauda: tubular, strongly curved. Anterior region: angled, rostrum blunt and antirostrum poorly developed, excisura and notch poorly developed. Posterior region: blunt.
Class detected:Dactyloptena orientalis","Type: Sagittal. Side: Left otolith. Shape: elliptical, sinuate dorsal and sinuate ventral margins. Sulcus acusticus: heterosulcoid, ostial, median. Ostium: funnel-like. Cauda: tubular, slightly curved. Anterior region: angled, rostrum angled and antirostrum blunt to poorly defined, excisura narrow with shallow wide or poorly developed notch. Posterior region: blunt."
Minous dempsterae_Sp4_L (14).tif,elliptical,oval,"Type: Sagittal. Side: Left otolith. Shape: oval, entire to sinuate dorsal and sinuate to crenate ventral margins. Sulcus acusticus: heterosulcoid, ostial, inframedian. Ostium: funnel-like. Cauda: tubular, strongly curved. Anterior region: angled, rostrum blunt and antirostrum poorly developed, excisura and notch poorly developed. Posterior region: blunt.
Class detected:Dactyloptena orientalis","Type: Sagittal. Side: Left otolith. Shape: elliptical, sinuate dorsal and sinuate ventral margins. Sulcus acusticus: heterosulcoid, ostial, median. Ostium: funnel-like. Cauda: tubular, slightly curved. Anterior region: angled, rostrum angled and antirostrum blunt to poorly defined, excisura narrow with shallow wide or poorly developed notch. Posterior region: blunt."
Minous dempsterae_Sp4_L (15).tif,elliptical,oval,"Type: Sagittal. Side: Left otolith. Shape: oval, entire to sinuate dorsal and sinuate to crenate ventral margins. Sulcus acusticus: heterosulcoid, ostial, inframedian. Ostium: funnel-like. Cauda: tubular, strongly curved. Anterior region: angled, rostrum blunt and antirostrum poorly developed, excisura and notch poorly developed. Posterior region: blunt.
Class detected:Dactyloptena orientalis","Type: Sagittal. Side: Left otolith. Shape: elliptical, sinuate dorsal and sinuate ventral margins. Sulcus acusticus: heterosulcoid, ostial, median. Ostium: funnel-like. Cauda: tubular, slightly curved. Anterior region: angled, rostrum angled and antirostrum blunt to poorly defined, excisura narrow with shallow wide or poorly developed notch. Posterior region: blunt."
Minous dempsterae_Sp4_L (17).tif,elliptical,oval,"Type: Sagittal. Side: Left otolith. Shape: oval, entire to sinuate dorsal and sinuate to crenate ventral margins. Sulcus acusticus: heterosulcoid, ostial, inframedian. Ostium: funnel-like. Cauda: tubular, strongly curved. Anterior region: angled, rostrum blunt and antirostrum poorly developed, excisura and notch poorly developed. Posterior region: blunt.
Class detected:Dactyloptena orientalis","Type: Sagittal. Side: Left otolith. Shape: elliptical, sinuate dorsal and sinuate ventral margins. Sulcus acusticus: heterosulcoid, ostial, median. Ostium: funnel-like. Cauda: tubular, slightly curved. Anterior region: angled, rostrum angled and antirostrum blunt to poorly defined, excisura narrow with shallow wide or poorly developed notch. Posterior region: blunt."
Minous dempsterae_Sp4_L (175).tif,elliptical,oval,"Type: Sagittal. Side: Left otolith. Shape: oval, entire to sinuate dorsal and sinuate to crenate ventral margins. Sulcus acusticus: heterosulcoid, ostial, inframedian. Ostium: funnel-like. Cauda: tubular, strongly curved. Anterior region: angled, rostrum blunt and antirostrum poorly developed, excisura and notch poorly developed. Posterior region: blunt.
Class detected:Dactyloptena orientalis","Type: Sagittal. Side: Left otolith. Shape: elliptical, sinuate dorsal and sinuate ventral margins. Sulcus acusticus: heterosulcoid, ostial, median. Ostium: funnel-like. Cauda: tubular, slightly curved. Anterior region: angled, rostrum angled and antirostrum blunt to poorly defined, excisura narrow with shallow wide or poorly developed notch. Posterior region: blunt."
Minous dempsterae_Sp4_L (177).tif,elliptical,oval,"Type: Sagittal. Side: Left otolith. Shape: oval, entire to sinuate dorsal and sinuate to crenate ventral margins. Sulcus acusticus: heterosulcoid, ostial, inframedian. Ostium: funnel-like. Cauda: tubular, strongly curved. Anterior region: angled, rostrum blunt and antirostrum poorly developed, excisura and notch poorly developed. Posterior region: blunt.
Class detected:Dactyloptena orientalis","Type: Sagittal. Side: Left otolith. Shape: elliptical, sinuate dorsal and sinuate ventral margins. Sulcus acusticus: heterosulcoid, ostial, median. Ostium: funnel-like. Cauda: tubular, slightly curved. Anterior region: angled, rostrum angled and antirostrum blunt to poorly defined, excisura narrow with shallow wide or poorly developed notch. Posterior region: blunt."
Minous dempsterae_Sp4_L (178).tif,elliptical,oval,"Type: Sagittal. Side: Left otolith. Shape: oval, entire to sinuate dorsal and sinuate to crenate ventral margins. Sulcus acusticus: heterosulcoid, ostial, inframedian. Ostium: funnel-like. Cauda: tubular, strongly curved. Anterior region: angled, rostrum blunt and antirostrum poorly developed, excisura and notch poorly developed. Posterior region: blunt.
Class detected:Dactyloptena orientalis","Type: Sagittal. Side: Left otolith. Shape: elliptical, sinuate dorsal and sinuate ventral margins. Sulcus acusticus: heterosulcoid, ostial, median. Ostium: funnel-like. Cauda: tubular, slightly curved. Anterior region: angled, rostrum angled and antirostrum blunt to poorly defined, excisura narrow with shallow wide or poorly developed notch. Posterior region: blunt."
Minous dempsterae_Sp4_L (179).tif,elliptical,oval,"Type: Sagittal. Side: Left otolith. Shape: oval, entire to sinuate dorsal and sinuate to crenate ventral margins. Sulcus acusticus: heterosulcoid, ostial, inframedian. Ostium: funnel-like. Cauda: tubular, strongly curved. Anterior region: angled, rostrum blunt and antirostrum poorly developed, excisura and notch poorly developed. Posterior region: blunt.
Class detected:Dactyloptena orientalis","Type: Sagittal. Side: Left otolith. Shape: elliptical, sinuate dorsal and sinuate ventral margins. Sulcus acusticus: heterosulcoid, ostial, median. Ostium: funnel-like. Cauda: tubular, slightly curved. Anterior region: angled, rostrum angled and antirostrum blunt to poorly defined, excisura narrow with shallow wide or poorly developed notch. Posterior region: blunt."
Minous dempsterae_Sp4_L (18).tif,elliptical,oval,"Type: Sagittal. Side: Left otolith. Shape: oval, entire to sinuate dorsal and sinuate to crenate ventral margins. Sulcus acusticus: heterosulcoid, ostial, inframedian. Ostium: funnel-like. Cauda: tubular, strongly curved. Anterior region: angled, rostrum blunt and antirostrum poorly developed, excisura and notch poorly developed. Posterior region: blunt.
Class detected:Dactyloptena orientalis","Type: Sagittal. Side: Left otolith. Shape: elliptical, sinuate dorsal and sinuate ventral margins. Sulcus acusticus: heterosulcoid, ostial, median. Ostium: funnel-like. Cauda: tubular, slightly curved. Anterior region: angled, rostrum angled and antirostrum blunt to poorly defined, excisura narrow with shallow wide or poorly developed notch. Posterior region: blunt."
Minous dempsterae_Sp4_L (180).tif,elliptical,oval,"Type: Sagittal. Side: Left otolith. Shape: oval, entire to sinuate dorsal and sinuate to crenate ventral margins. Sulcus acusticus: heterosulcoid, ostial, inframedian. Ostium: funnel-like. Cauda: tubular, strongly curved. Anterior region: angled, rostrum blunt and antirostrum poorly developed, excisura and notch poorly developed. Posterior region: blunt.
Class detected:Dactyloptena orientalis","Type: Sagittal. Side: Left otolith. Shape: elliptical, sinuate dorsal and sinuate ventral margins. Sulcus acusticus: heterosulcoid, ostial, median. Ostium: funnel-like. Cauda: tubular, slightly curved. Anterior region: angled, rostrum angled and antirostrum blunt to poorly defined, excisura narrow with shallow wide or poorly developed notch. Posterior region: blunt."
Minous dempsterae_Sp4_L (181).tif,elliptical,oval,"Type: Sagittal. Side: Left otolith. Shape: oval, entire to sinuate dorsal and sinuate to crenate ventral margins. Sulcus acusticus: heterosulcoid, ostial, inframedian. Ostium: funnel-like. Cauda: tubular, strongly curved. Anterior region: angled, rostrum blunt and antirostrum poorly developed, excisura and notch poorly developed. Posterior region: blunt.
Class detected:Dactyloptena orientalis","Type: Sagittal. Side: Left otolith. Shape: elliptical, sinuate dorsal and sinuate ventral margins. Sulcus acusticus: heterosulcoid, ostial, median. Ostium: funnel-like. Cauda: tubular, slightly curved. Anterior region: angled, rostrum angled and antirostrum blunt to poorly defined, excisura narrow with shallow wide or poorly developed notch. Posterior region: blunt."
Minous dempsterae_Sp4_L (182).tif,elliptical,oval,"Type: Sagittal. Side: Left otolith. Shape: oval, entire to sinuate dorsal and sinuate to crenate ventral margins. Sulcus acusticus: heterosulcoid, ostial, inframedian. Ostium: funnel-like. Cauda: tubular, strongly curved. Anterior region: angled, rostrum blunt and antirostrum poorly developed, excisura and notch poorly developed. Posterior region: blunt.
Class detected:Dactyloptena orientalis","Type: Sagittal. Side: Left otolith. Shape: elliptical, sinuate dorsal and sinuate ventral margins. Sulcus acusticus: heterosulcoid, ostial, median. Ostium: funnel-like. Cauda: tubular, slightly curved. Anterior region: angled, rostrum angled and antirostrum blunt to poorly defined, excisura narrow with shallow wide or poorly developed notch. Posterior region: blunt."
Minous dempsterae_Sp4_L (183).tif,elliptical,oval,"Type: Sagittal. Side: Left otolith. Shape: oval, entire to sinuate dorsal and sinuate to crenate ventral margins. Sulcus acusticus: heterosulcoid, ostial, inframedian. Ostium: funnel-like. Cauda: tubular, strongly curved. Anterior region: angled, rostrum blunt and antirostrum poorly developed, excisura and notch poorly developed. Posterior region: blunt.
Class detected:Dactyloptena orientalis","Type: Sagittal. Side: Left otolith. Shape: elliptical, sinuate dorsal and sinuate ventral margins. Sulcus acusticus: heterosulcoid, ostial, median. Ostium: funnel-like. Cauda: tubular, slightly curved. Anterior region: angled, rostrum angled and antirostrum blunt to poorly defined, excisura narrow with shallow wide or poorly developed notch. Posterior region: blunt."
Minous dempsterae_Sp4_L (19).tif,elliptical,oval,"Type: Sagittal. Side: Left otolith. Shape: oval, entire to sinuate dorsal and sinuate to crenate ventral margins. Sulcus acusticus: heterosulcoid, ostial, inframedian. Ostium: funnel-like. Cauda: tubular, strongly curved. Anterior region: angled, rostrum blunt and antirostrum poorly developed, excisura and notch poorly developed. Posterior region: blunt.
Class detected:Dactyloptena orientalis","Type: Sagittal. Side: Left otolith. Shape: elliptical, sinuate dorsal and sinuate ventral margins. Sulcus acusticus: heterosulcoid, ostial, median. Ostium: funnel-like. Cauda: tubular, slightly curved. Anterior region: angled, rostrum angled and antirostrum blunt to poorly defined, excisura narrow with shallow wide or poorly developed notch. Posterior region: blunt."
Minous dempsterae_Sp4_L (20).tif,elliptical,oval,"Type: Sagittal. Side: Left otolith. Shape: oval, entire to sinuate dorsal and sinuate to crenate ventral margins. Sulcus acusticus: heterosulcoid, ostial, inframedian. Ostium: funnel-like. Cauda: tubular, strongly curved. Anterior region: angled, rostrum blunt and antirostrum poorly developed, excisura and notch poorly developed. Posterior region: blunt.
Class detected:Dactyloptena orientalis","Type: Sagittal. Side: Left otolith. Shape: elliptical, sinuate dorsal and sinuate ventral margins. Sulcus acusticus: heterosulcoid, ostial, median. Ostium: funnel-like. Cauda: tubular, slightly curved. Anterior region: angled, rostrum angled and antirostrum blunt to poorly defined, excisura narrow with shallow wide or poorly developed notch. Posterior region: blunt."
Minous dempsterae_Sp4_L (21).tif,elliptical,oval,"Type: Sagittal. Side: Left otolith. Shape: oval, entire to sinuate dorsal and sinuate to crenate ventral margins. Sulcus acusticus: heterosulcoid, ostial, inframedian. Ostium: funnel-like. Cauda: tubular, strongly curved. Anterior region: angled, rostrum blunt and antirostrum poorly developed, excisura and notch poorly developed. Posterior region: blunt.
Class detected:Dactyloptena orientalis","Type: Sagittal. Side: Left otolith. Shape: elliptical, sinuate dorsal and sinuate ventral margins. Sulcus acusticus: heterosulcoid, ostial, median. Ostium: funnel-like. Cauda: tubular, slightly curved. Anterior region: angled, rostrum angled and antirostrum blunt to poorly defined, excisura narrow with shallow wide or poorly developed notch. Posterior region: blunt."
Minous dempsterae_Sp4_L (31).tif,elliptical,oval,"Type: Sagittal. Side: Left otolith. Shape: oval, entire to sinuate dorsal and sinuate to crenate ventral margins. Sulcus acusticus: heterosulcoid, ostial, inframedian. Ostium: funnel-like. Cauda: tubular, strongly curved. Anterior region: angled, rostrum blunt and antirostrum poorly developed, excisura and notch poorly developed. Posterior region: blunt.
Class detected:Dactyloptena orientalis","Type: Sagittal. Side: Left otolith. Shape: elliptical, sinuate dorsal and sinuate ventral margins. Sulcus acusticus: heterosulcoid, ostial, median. Ostium: funnel-like. Cauda: tubular, slightly curved. Anterior region: angled, rostrum angled and antirostrum blunt to poorly defined, excisura narrow with shallow wide or poorly developed notch. Posterior region: blunt."
Minous dempsterae_Sp4_L (32).tif,elliptical,oval,"Type: Sagittal. Side: Left otolith. Shape: oval, entire to sinuate dorsal and sinuate to crenate ventral margins. Sulcus acusticus: heterosulcoid, ostial, inframedian. Ostium: funnel-like. Cauda: tubular, strongly curved. Anterior region: angled, rostrum blunt and antirostrum poorly developed, excisura and notch poorly developed. Posterior region: blunt.
Class detected:Dactyloptena orientalis","Type: Sagittal. Side: Left otolith. Shape: elliptical, sinuate dorsal and sinuate ventral margins. Sulcus acusticus: heterosulcoid, ostial, median. Ostium: funnel-like. Cauda: tubular, slightly curved. Anterior region: angled, rostrum angled and antirostrum blunt to poorly defined, excisura narrow with shallow wide or poorly developed notch. Posterior region: blunt."
Minous dempsterae_Sp4_L (33).tif,elliptical,oval,"Type: Sagittal. Side: Left otolith. Shape: oval, entire to sinuate dorsal and sinuate to crenate ventral margins. Sulcus acusticus: heterosulcoid, ostial, inframedian. Ostium: funnel-like. Cauda: tubular, strongly curved. Anterior region: angled, rostrum blunt and antirostrum poorly developed, excisura and notch poorly developed. Posterior region: blunt.
Class detected:Dactyloptena orientalis","Type: Sagittal. Side: Left otolith. Shape: elliptical, sinuate dorsal and sinuate ventral margins. Sulcus acusticus: heterosulcoid, ostial, median. Ostium: funnel-like. Cauda: tubular, slightly curved. Anterior region: angled, rostrum angled and antirostrum blunt to poorly defined, excisura narrow with shallow wide or poorly developed notch. Posterior region: blunt."
Minous dempsterae_Sp4_L (36).tif,elliptical,oval,"Type: Sagittal. Side: Left otolith. Shape: oval, entire to sinuate dorsal and sinuate to crenate ventral margins. Sulcus acusticus: heterosulcoid, ostial, inframedian. Ostium: funnel-like. Cauda: tubular, strongly curved. Anterior region: angled, rostrum blunt and antirostrum poorly developed, excisura and notch poorly developed. Posterior region: blunt.
Class detected:Dactyloptena orientalis","Type: Sagittal. Side: Left otolith. Shape: elliptical, sinuate dorsal and sinuate ventral margins. Sulcus acusticus: heterosulcoid, ostial, median. Ostium: funnel-like. Cauda: tubular, slightly curved. Anterior region: angled, rostrum angled and antirostrum blunt to poorly defined, excisura narrow with shallow wide or poorly developed notch. Posterior region: blunt."
Minous dempsterae_Sp4_L (37).tif,elliptical,oval,"Type: Sagittal. Side: Left otolith. Shape: oval, entire to sinuate dorsal and sinuate to crenate ventral margins. Sulcus acusticus: heterosulcoid, ostial, inframedian. Ostium: funnel-like. Cauda: tubular, strongly curved. Anterior region: angled, rostrum blunt and antirostrum poorly developed, excisura and notch poorly developed. Posterior region: blunt.
Class detected:Dactyloptena orientalis","Type: Sagittal. Side: Left otolith. Shape: elliptical, sinuate dorsal and sinuate ventral margins. Sulcus acusticus: heterosulcoid, ostial, median. Ostium: funnel-like. Cauda: tubular, slightly curved. Anterior region: angled, rostrum angled and antirostrum blunt to poorly defined, excisura narrow with shallow wide or poorly developed notch. Posterior region: blunt."
Minous dempsterae_Sp4_L (38).tif,elliptical,oval,"Type: Sagittal. Side: Left otolith. Shape: oval, entire to sinuate dorsal and sinuate to crenate ventral margins. Sulcus acusticus: heterosulcoid, ostial, inframedian. Ostium: funnel-like. Cauda: tubular, strongly curved. Anterior region: angled, rostrum blunt and antirostrum poorly developed, excisura and notch poorly developed. Posterior region: blunt.
Class detected:Dactyloptena orientalis","Type: Sagittal. Side: Left otolith. Shape: elliptical, sinuate dorsal and sinuate ventral margins. Sulcus acusticus: heterosulcoid, ostial, median. Ostium: funnel-like. Cauda: tubular, slightly curved. Anterior region: angled, rostrum angled and antirostrum blunt to poorly defined, excisura narrow with shallow wide or poorly developed notch. Posterior region: blunt."
Minous dempsterae_Sp4_L (39).tif,elliptical,oval,"Type: Sagittal. Side: Left otolith. Shape: oval, entire to sinuate dorsal and sinuate to crenate ventral margins. Sulcus acusticus: heterosulcoid, ostial, inframedian. Ostium: funnel-like. Cauda: tubular, strongly curved. Anterior region: angled, rostrum blunt and antirostrum poorly developed, excisura and notch poorly developed. Posterior region: blunt.
Class detected:Dactyloptena orientalis","Type: Sagittal. Side: Left otolith. Shape: elliptical, sinuate dorsal and sinuate ventral margins. Sulcus acusticus: heterosulcoid, ostial, median. Ostium: funnel-like. Cauda: tubular, slightly curved. Anterior region: angled, rostrum angled and antirostrum blunt to poorly defined, excisura narrow with shallow wide or poorly developed notch. Posterior region: blunt."
Minous dempsterae_Sp4_L (40).tif,elliptical,oval,"Type: Sagittal. Side: Left otolith. Shape: oval, entire to sinuate dorsal and sinuate to crenate ventral margins. Sulcus acusticus: heterosulcoid, ostial, inframedian. Ostium: funnel-like. Cauda: tubular, strongly curved. Anterior region: angled, rostrum blunt and antirostrum poorly developed, excisura and notch poorly developed. Posterior region: blunt.
Class detected:Dactyloptena orientalis","Type: Sagittal. Side: Left otolith. Shape: elliptical, sinuate dorsal and sinuate ventral margins. Sulcus acusticus: heterosulcoid, ostial, median. Ostium: funnel-like. Cauda: tubular, slightly curved. Anterior region: angled, rostrum angled and antirostrum blunt to poorly defined, excisura narrow with shallow wide or poorly developed notch. Posterior region: blunt."
Minous dempsterae_Sp4_L (43).tif,elliptical,oval,"Type: Sagittal. Side: Left otolith. Shape: oval, entire to sinuate dorsal and sinuate to crenate ventral margins. Sulcus acusticus: heterosulcoid, ostial, inframedian. Ostium: funnel-like. Cauda: tubular, strongly curved. Anterior region: angled, rostrum blunt and antirostrum poorly developed, excisura and notch poorly developed. Posterior region: blunt.
Class detected:Dactyloptena orientalis","Type: Sagittal. Side: Left otolith. Shape: elliptical, sinuate dorsal and sinuate ventral margins. Sulcus acusticus: heterosulcoid, ostial, median. Ostium: funnel-like. Cauda: tubular, slightly curved. Anterior region: angled, rostrum angled and antirostrum blunt to poorly defined, excisura narrow with shallow wide or poorly developed notch. Posterior region: blunt."
Minous dempsterae_Sp4_L (44).tif,elliptical,oval,"Type: Sagittal. Side: Left otolith. Shape: oval, entire to sinuate dorsal and sinuate to crenate ventral margins. Sulcus acusticus: heterosulcoid, ostial, inframedian. Ostium: funnel-like. Cauda: tubular, strongly curved. Anterior region: angled, rostrum blunt and antirostrum poorly developed, excisura and notch poorly developed. Posterior region: blunt.
Class detected:Dactyloptena orientalis","Type: Sagittal. Side: Left otolith. Shape: elliptical, sinuate dorsal and sinuate ventral margins. Sulcus acusticus: heterosulcoid, ostial, median. Ostium: funnel-like. Cauda: tubular, slightly curved. Anterior region: angled, rostrum angled and antirostrum blunt to poorly defined, excisura narrow with shallow wide or poorly developed notch. Posterior region: blunt."
Minous dempsterae_Sp4_L (55).tif,elliptical,oval,"Type: Sagittal. Side: Left otolith. Shape: oval, entire to sinuate dorsal and sinuate to crenate ventral margins. Sulcus acusticus: heterosulcoid, ostial, inframedian. Ostium: funnel-like. Cauda: tubular, strongly curved. Anterior region: angled, rostrum blunt and antirostrum poorly developed, excisura and notch poorly developed. Posterior region: blunt.
Class detected:Dactyloptena orientalis","Type: Sagittal. Side: Left otolith. Shape: elliptical, sinuate dorsal and sinuate ventral margins. Sulcus acusticus: heterosulcoid, ostial, median. Ostium: funnel-like. Cauda: tubular, slightly curved. Anterior region: angled, rostrum angled and antirostrum blunt to poorly defined, excisura narrow with shallow wide or poorly developed notch. Posterior region: blunt."
Minous dempsterae_Sp4_L (59).tif,elliptical,oval,"Type: Sagittal. Side: Left otolith. Shape: oval, entire to sinuate dorsal and sinuate to crenate ventral margins. Sulcus acusticus: heterosulcoid, ostial, inframedian. Ostium: funnel-like. Cauda: tubular, strongly curved. Anterior region: angled, rostrum blunt and antirostrum poorly developed, excisura and notch poorly developed. Posterior region: blunt.
Class detected:Dactyloptena orientalis","Type: Sagittal. Side: Left otolith. Shape: elliptical, sinuate dorsal and sinuate ventral margins. Sulcus acusticus: heterosulcoid, ostial, median. Ostium: funnel-like. Cauda: tubular, slightly curved. Anterior region: angled, rostrum angled and antirostrum blunt to poorly defined, excisura narrow with shallow wide or poorly developed notch. Posterior region: blunt."
Minous dempsterae_Sp4_L (60).tif,elliptical,oval,"Type: Sagittal. Side: Left otolith. Shape: oval, entire to sinuate dorsal and sinuate to crenate ventral margins. Sulcus acusticus: heterosulcoid, ostial, inframedian. Ostium: funnel-like. Cauda: tubular, strongly curved. Anterior region: angled, rostrum blunt and antirostrum poorly developed, excisura and notch poorly developed. Posterior region: blunt.
Class detected:Dactyloptena orientalis","Type: Sagittal. Side: Left otolith. Shape: elliptical, sinuate dorsal and sinuate ventral margins. Sulcus acusticus: heterosulcoid, ostial, median. Ostium: funnel-like. Cauda: tubular, slightly curved. Anterior region: angled, rostrum angled and antirostrum blunt to poorly defined, excisura narrow with shallow wide or poorly developed notch. Posterior region: blunt."
Minous dempsterae_Sp4_L (70).tif,elliptical,oval,"Type: Sagittal. Side: Left otolith. Shape: oval, entire to sinuate dorsal and entire ventral margins. Sulcus acusticus: heterosulcoid, ostial, inframedian. Ostium: tubular, shorter than cauda. Cauda: tubular, strongly curved. Anterior region: angled, rostrum blunt and antirostrum poorly developed, notch absent. Posterior region: oblique.
Class detected:Brachypterois serrulata","Type: Sagittal. Side: Left otolith. Shape: elliptical, sinuate dorsal and sinuate ventral margins. Sulcus acusticus: heterosulcoid, ostial, median. Ostium: funnel-like. Cauda: tubular, slightly curved. Anterior region: angled, rostrum angled and antirostrum blunt to poorly defined, excisura narrow with shallow wide or poorly developed notch. Posterior region: blunt."
Minous dempsterae_Sp4_L (74).tif,elliptical,oval,"Type: Sagittal. Side: Left otolith. Shape: oval, entire to sinuate dorsal and sinuate to crenate ventral margins. Sulcus acusticus: heterosulcoid, ostial, inframedian. Ostium: funnel-like. Cauda: tubular, strongly curved. Anterior region: angled, rostrum blunt and antirostrum poorly developed, excisura and notch poorly developed. Posterior region: blunt.
Class detected:Dactyloptena orientalis","Type: Sagittal. Side: Left otolith. Shape: elliptical, sinuate dorsal and sinuate ventral margins. Sulcus acusticus: heterosulcoid, ostial, median. Ostium: funnel-like. Cauda: tubular, slightly curved. Anterior region: angled, rostrum angled and antirostrum blunt to poorly defined, excisura narrow with shallow wide or poorly developed notch. Posterior region: blunt."
Minous dempsterae_Sp4_L (75).tif,elliptical,oval,"Type: Sagittal. Side: Left otolith. Shape: oval, entire to sinuate dorsal and sinuate to crenate ventral margins. Sulcus acusticus: heterosulcoid, ostial, inframedian. Ostium: funnel-like. Cauda: tubular, strongly curved. Anterior region: angled, rostrum blunt and antirostrum poorly developed, excisura and notch poorly developed. Posterior region: blunt.
Class detected:Dactyloptena orientalis","Type: Sagittal. Side: Left otolith. Shape: elliptical, sinuate dorsal and sinuate ventral margins. Sulcus acusticus: heterosulcoid, ostial, median. Ostium: funnel-like. Cauda: tubular, slightly curved. Anterior region: angled, rostrum angled and antirostrum blunt to poorly defined, excisura narrow with shallow wide or poorly developed notch. Posterior region: blunt."
Minous dempsterae_Sp4_L (76).tif,elliptical,oval,"Type: Sagittal. Side: Left otolith. Shape: oval, entire to sinuate dorsal and sinuate to crenate ventral margins. Sulcus acusticus: heterosulcoid, ostial, inframedian. Ostium: funnel-like. Cauda: tubular, strongly curved. Anterior region: angled, rostrum blunt and antirostrum poorly developed, excisura and notch poorly developed. Posterior region: blunt.
Class detected:Dactyloptena orientalis","Type: Sagittal. Side: Left otolith. Shape: elliptical, sinuate dorsal and sinuate ventral margins. Sulcus acusticus: heterosulcoid, ostial, median. Ostium: funnel-like. Cauda: tubular, slightly curved. Anterior region: angled, rostrum angled and antirostrum blunt to poorly defined, excisura narrow with shallow wide or poorly developed notch. Posterior region: blunt."
Minous dempsterae_Sp4_L (77).tif,elliptical,oval,"Type: Sagittal. Side: Left otolith. Shape: oval, entire to sinuate dorsal and sinuate to crenate ventral margins. Sulcus acusticus: heterosulcoid, ostial, inframedian. Ostium: funnel-like. Cauda: tubular, strongly curved. Anterior region: angled, rostrum blunt and antirostrum poorly developed, excisura and notch poorly developed. Posterior region: blunt.
Class detected:Dactyloptena orientalis","Type: Sagittal. Side: Left otolith. Shape: elliptical, sinuate dorsal and sinuate ventral margins. Sulcus acusticus: heterosulcoid, ostial, median. Ostium: funnel-like. Cauda: tubular, slightly curved. Anterior region: angled, rostrum angled and antirostrum blunt to poorly defined, excisura narrow with shallow wide or poorly developed notch. Posterior region: blunt."
Minous dempsterae_Sp4_L (78).tif,elliptical,oval,"Type: Sagittal. Side: Left otolith. Shape: oval, entire to sinuate dorsal and sinuate to crenate ventral margins. Sulcus acusticus: heterosulcoid, ostial, inframedian. Ostium: funnel-like. Cauda: tubular, strongly curved. Anterior region: angled, rostrum blunt and antirostrum poorly developed, excisura and notch poorly developed. Posterior region: blunt.
Class detected:Dactyloptena orientalis","Type: Sagittal. Side: Left otolith. Shape: elliptical, sinuate dorsal and sinuate ventral margins. Sulcus acusticus: heterosulcoid, ostial, median. Ostium: funnel-like. Cauda: tubular, slightly curved. Anterior region: angled, rostrum angled and antirostrum blunt to poorly defined, excisura narrow with shallow wide or poorly developed notch. Posterior region: blunt."
Minous dempsterae_Sp4_L (79).tif,elliptical,oval,"Type: Sagittal. Side: Left otolith. Shape: oval, entire to sinuate dorsal and sinuate to crenate ventral margins. Sulcus acusticus: heterosulcoid, ostial, inframedian. Ostium: funnel-like. Cauda: tubular, strongly curved. Anterior region: angled, rostrum blunt and antirostrum poorly developed, excisura and notch poorly developed. Posterior region: blunt.
Class detected:Dactyloptena orientalis","Type: Sagittal. Side: Left otolith. Shape: elliptical, sinuate dorsal and sinuate ventral margins. Sulcus acusticus: heterosulcoid, ostial, median. Ostium: funnel-like. Cauda: tubular, slightly curved. Anterior region: angled, rostrum angled and antirostrum blunt to poorly defined, excisura narrow with shallow wide or poorly developed notch. Posterior region: blunt."
Minous dempsterae_Sp4_L (80).tif,elliptical,oval,"Type: Sagittal. Side: Left otolith. Shape: oval, entire to sinuate dorsal and sinuate to crenate ventral margins. Sulcus acusticus: heterosulcoid, ostial, inframedian. Ostium: funnel-like. Cauda: tubular, strongly curved. Anterior region: angled, rostrum blunt and antirostrum poorly developed, excisura and notch poorly developed. Posterior region: blunt.
Class detected:Dactyloptena orientalis","Type: Sagittal. Side: Left otolith. Shape: elliptical, sinuate dorsal and sinuate ventral margins. Sulcus acusticus: heterosulcoid, ostial, median. Ostium: funnel-like. Cauda: tubular, slightly curved. Anterior region: angled, rostrum angled and antirostrum blunt to poorly defined, excisura narrow with shallow wide or poorly developed notch. Posterior region: blunt."
Minous dempsterae_Sp4_L (81).tif,elliptical,oval,"Type: Sagittal. Side: Left otolith. Shape: oval, entire to sinuate dorsal and sinuate to crenate ventral margins. Sulcus acusticus: heterosulcoid, ostial, inframedian. Ostium: funnel-like. Cauda: tubular, strongly curved. Anterior region: angled, rostrum blunt and antirostrum poorly developed, excisura and notch poorly developed. Posterior region: blunt.
Class detected:Dactyloptena orientalis","Type: Sagittal. Side: Left otolith. Shape: elliptical, sinuate dorsal and sinuate ventral margins. Sulcus acusticus: heterosulcoid, ostial, median. Ostium: funnel-like. Cauda: tubular, slightly curved. Anterior region: angled, rostrum angled and antirostrum blunt to poorly defined, excisura narrow with shallow wide or poorly developed notch. Posterior region: blunt."
Minous dempsterae_Sp4_L (89).tif,elliptical,oval,"Type: Sagittal. Side: Left otolith. Shape: oval, entire to sinuate dorsal and sinuate to crenate ventral margins. Sulcus acusticus: heterosulcoid, ostial, inframedian. Ostium: funnel-like. Cauda: tubular, strongly curved. Anterior region: angled, rostrum blunt and antirostrum poorly developed, excisura and notch poorly developed. Posterior region: blunt.
Class detected:Dactyloptena orientalis","Type: Sagittal. Side: Left otolith. Shape: elliptical, sinuate dorsal and sinuate ventral margins. Sulcus acusticus: heterosulcoid, ostial, median. Ostium: funnel-like. Cauda: tubular, slightly curved. Anterior region: angled, rostrum angled and antirostrum blunt to poorly defined, excisura narrow with shallow wide or poorly developed notch. Posterior region: blunt."
Minous dempsterae_Sp4_L (91).tif,elliptical,oval,"Type: Sagittal. Side: Left otolith. Shape: oval, entire to sinuate dorsal and sinuate to crenate ventral margins. Sulcus acusticus: heterosulcoid, ostial, inframedian. Ostium: funnel-like. Cauda: tubular, strongly curved. Anterior region: angled, rostrum blunt and antirostrum poorly developed, excisura and notch poorly developed. Posterior region: blunt.
Class detected:Dactyloptena orientalis","Type: Sagittal. Side: Left otolith. Shape: elliptical, sinuate dorsal and sinuate ventral margins. Sulcus acusticus: heterosulcoid, ostial, median. Ostium: funnel-like. Cauda: tubular, slightly curved. Anterior region: angled, rostrum angled and antirostrum blunt to poorly defined, excisura narrow with shallow wide or poorly developed notch. Posterior region: blunt."
Minous dempsterae_Sp4_L (93).tif,elliptical,oval,"Type: Sagittal. Side: Left otolith. Shape: oval, entire to sinuate dorsal and sinuate to crenate ventral margins. Sulcus acusticus: heterosulcoid, ostial, inframedian. Ostium: funnel-like. Cauda: tubular, strongly curved. Anterior region: angled, rostrum blunt and antirostrum poorly developed, excisura and notch poorly developed. Posterior region: blunt.
Class detected:Dactyloptena orientalis","Type: Sagittal. Side: Left otolith. Shape: elliptical, sinuate dorsal and sinuate ventral margins. Sulcus acusticus: heterosulcoid, ostial, median. Ostium: funnel-like. Cauda: tubular, slightly curved. Anterior region: angled, rostrum angled and antirostrum blunt to poorly defined, excisura narrow with shallow wide or poorly developed notch. Posterior region: blunt."
Minous dempsterae_Sp4_L (94).tif,elliptical,oval,"Type: Sagittal. Side: Left otolith. Shape: oval, entire to sinuate dorsal and sinuate to crenate ventral margins. Sulcus acusticus: heterosulcoid, ostial, inframedian. Ostium: funnel-like. Cauda: tubular, strongly curved. Anterior region: angled, rostrum blunt and antirostrum poorly developed, excisura and notch poorly developed. Posterior region: blunt.
Class detected:Dactyloptena orientalis","Type: Sagittal. Side: Left otolith. Shape: elliptical, sinuate dorsal and sinuate ventral margins. Sulcus acusticus: heterosulcoid, ostial, median. Ostium: funnel-like. Cauda: tubular, slightly curved. Anterior region: angled, rostrum angled and antirostrum blunt to poorly defined, excisura narrow with shallow wide or poorly developed notch. Posterior region: blunt."
Minous dempsterae_Sp4_L (95).tif,elliptical,oval,"Type: Sagittal. Side: Left otolith. Shape: oval, entire to sinuate dorsal and entire ventral margins. Sulcus acusticus: heterosulcoid, ostial, inframedian. Ostium: tubular, shorter than cauda. Cauda: tubular, strongly curved. Anterior region: angled, rostrum blunt and antirostrum poorly defined, notch absent. Posterior region: oblique.
Class detected:Brachypterois serrulata","Type: Sagittal. Side: Left otolith. Shape: elliptical, sinuate dorsal and sinuate ventral margins. Sulcus acusticus: heterosulcoid, ostial, median. Ostium: funnel-like. Cauda: tubular, slightly curved. Anterior region: angled, rostrum angled and antirostrum blunt to poorly defined, excisura narrow with shallow wide or poorly developed notch. Posterior region: blunt."
Minous dempsterae_Sp4_L (97).tif,elliptical,oval,"Type: Sagittal. Side: Left otolith. Shape: oval, entire to sinuate dorsal and sinuate to crenate ventral margins. Sulcus acusticus: heterosulcoid, ostial, inframedian. Ostium: funnel-like. Cauda: tubular, strongly curved. Anterior region: angled, rostrum blunt and antirostrum poorly developed, excisura and notch poorly developed. Posterior region: blunt.
Class detected:Dactyloptena orientalis","Type: Sagittal. Side: Left otolith. Shape: elliptical, sinuate dorsal and sinuate ventral margins. Sulcus acusticus: heterosulcoid, ostial, median. Ostium: funnel-like. Cauda: tubular, slightly curved. Anterior region: angled, rostrum angled and antirostrum blunt to poorly defined, excisura narrow with shallow wide or poorly developed notch. Posterior region: blunt."
Minous dempsterae_Sp4_L (98).tif,elliptical,oval,"Type: Sagittal. Side: Left otolith. Shape: oval, entire to sinuate dorsal and sinuate to crenate ventral margins. Sulcus acusticus: heterosulcoid, ostial, inframedian. Ostium: funnel-like. Cauda: tubular, strongly curved. Anterior region: angled, rostrum blunt and antirostrum poorly developed, excisura and notch poorly developed. Posterior region: blunt.
Class detected:Dactyloptena orientalis","Type: Sagittal. Side: Left otolith. Shape: elliptical, sinuate dorsal and sinuate ventral margins. Sulcus acusticus: heterosulcoid, ostial, median. Ostium: funnel-like. Cauda: tubular, slightly curved. Anterior region: angled, rostrum angled and antirostrum blunt to poorly defined, excisura narrow with shallow wide or poorly developed notch. Posterior region: blunt."
AD54R 1.6X.tif,elliptical to oval,elliptical,"Type: Sagittal. Side: Right otolith. Shape: elliptical, lobbed dorsal and sinuate to crenate ventral margins. Sulcus acusticus: heterosulcoid, ostial, median. Ostium: funnel-like. Cauda: tubular, straight. Anterior region: double-peaked, rostrum and antirostrum blunt, excisura moderately wide with acute deep notch. Posterior region: blunt to round.
Class detected:Minous inermis","Type: Sagittal. Side: Right otolith. Shape: elliptical to oval, sinuate to crenate dorsal and sinuate to crenate ventral margins. Sulcus acusticus: heterosulcoid, ostial, median. Ostium: funnel-like. Cauda: tubular, straight. Anterior region: round, rostrum round and antirostrum round or poorly defined, excisura wide with wide shallow notch. Posterior region: double-peaked."
AB8R 1.0X.tif,elliptical to fusiform,elliptical to oval,"Type: Sagittal. Side: Right otolith. Shape: elliptical to oval, sinuate to crenate dorsal and sinuate to crenate ventral margins. Sulcus acusticus: heterosulcoid, ostial, median. Ostium: tubular, longer than cauda. Cauda: tubular, slightly curved. Anterior region: angled to irregular, rostrum blunt, antirostrum poorly developed or blunt, excisura moderately narrow with shallow wide notch. Posterior region: blunt.
Class detected:Neomerinthe erostris","Type: Sagittal. Side: Right otolith. Shape: elliptical to fusiform, sinuate to entire dorsal and crenate to serrate ventral margins. Sulcus acusticus: heterosulcoid, ostial, median. Ostium: tubular, longer than cauda. Cauda: tubular, slightly curved. Anterior region: angled, rostrum angled, antirostrum poorly developed, excisura moderately narrow with poorly defined notch. Posterior region: angled."
Platy ind 1 dorsal1 1.25x4.tif,Sagitiform,Fusiform,"Type: Sagittal. Side: Right otolith. Shape: Fusiform, sinuate to crenate dorsal and sinuate to crenate ventral margins. Sulcus acusticus: heterosulcoid, ostial, median. Ostium: Funnel-like. Cauda: tubular, straight. Anterior region: irregular, rostrum and antirostrum blunt excisura wide with wide, shallow notch. Posterior region: irregular.
Class detected:Apistus carinatus","Type: Sagittal. Side: Right otolith. Shape: Sagitiform, Sinulate dorsal and sinuate ventral margins. Sulcus acusticus: heterosulcoid, ostial, median. Ostium: Funnel-like. Cauda: tubular, strongly curved. Anterior region:  peaked, rostrum peaked and antirostrum angled or poorly defined, excisura wide with notch poorly defined. Posterior region: lanceolated."
Platy ind 4 dorsal 1.25x.tif,Sagitiform,Fusiform to sagitiform,"Type: Sagittal. Side: Right otolith. Shape: Fusiform to sagitiform, Sinulate dorsal and sinuate ventral margins. Sulcus acusticus: heterosulcoid, ostial, median. Ostium: tubular. Cauda: tubular, strongly curved. Anterior region: peaked, rostrum and antirostrum poorly defined, excisura and notch poorly defined. Posterior region: peaked.
Class detected:Platycephalus indicus","Type: Sagittal. Side: Right otolith. Shape: Sagitiform, entire to Sinulate dorsal and entire to sinuate ventral margins. Sulcus acusticus: heterosulcoid, ostial, median. Ostium: Funnel-like. Cauda: tubular, strongly curved. Anterior region:  angled, rostrum angled and antirostrum poorly defined, excisura wide with notch poorly defined. Posterior region: lanceolated."
Platy ind 4 dorsal 1.25x2.tif,Sagitiform,Fusiform to sagitiform,"Type: Sagittal. Side: Right otolith. Shape: Fusiform to sagitiform, Sinulate dorsal and sinuate ventral margins. Sulcus acusticus: heterosulcoid, ostial, median. Ostium: tubular. Cauda: tubular, strongly curved. Anterior region: peaked, rostrum and antirostrum poorly defined, excisura and notch poorly defined. Posterior region: peaked.
Class detected:Platycephalus indicus","Type: Sagittal. Side: Right otolith. Shape: Sagitiform, entire to Sinulate dorsal and entire to sinuate ventral margins. Sulcus acusticus: heterosulcoid, ostial, median. Ostium: Funnel-like. Cauda: tubular, strongly curved. Anterior region:  angled, rostrum angled and antirostrum poorly defined, excisura wide with notch poorly defined. Posterior region: lanceolated."
Platy ind 4 dorsal 1.25x3.tif,Sagitiform,Fusiform to sagitiform,"Type: Sagittal. Side: Right otolith. Shape: Fusiform to sagitiform, Sinulate dorsal and sinuate ventral margins. Sulcus acusticus: heterosulcoid, ostial, median. Ostium: tubular. Cauda: tubular, strongly curved. Anterior region: peaked, rostrum and antirostrum poorly defined, excisura and notch poorly defined. Posterior region: peaked.
Class detected:Platycephalus indicus","Type: Sagittal. Side: Right otolith. Shape: Sagitiform, entire to Sinulate dorsal and entire to sinuate ventral margins. Sulcus acusticus: heterosulcoid, ostial, median. Ostium: Funnel-like. Cauda: tubular, strongly curved. Anterior region:  angled, rostrum angled and antirostrum poorly defined, excisura wide with notch poorly defined. Posterior region: lanceolated."
Polymixia fusca_Sp6_L (10).tif,approximately pentagonal,fusiform,"Type: Sagittal. Side: Left otolith. Shape: fusiform, crenate to lobed dorsal and entire to lobed ventral margins. Sulcus acusticus: pseudo-archaesulcoid, ostial, median. Ostium: discoidal. Cauda: tubular, straight. Anterior region: angled to double-peaked, rostrum and antirostrum blunt, excisura wide with acute, deep notch. Posterior region: irregular to double-peaked.
Class detected:Setarches guentheri","Type: Sagittal, Side: Left otolith. Shape: approximately pentagonal, lobed to dentate dorsal and sinuate ventral margins.Sulcus acusticus: heterosulcoid, ostial, median. Ostium: funnel-like, shorter than the cauda. Cauda: tubular, markedly curved. Anterior region: angled to blunt; rostrum short, broad, round to slightly flattened; antirostrum angled; excisura wide with deep acute notch. Posterior region: angled"
Polymixia fusca_Sp6_L (11).tif,approximately pentagonal,fusiform,"Type: Sagittal. Side: Left otolith. Shape: fusiform, crenate to lobed dorsal and entire to lobed ventral margins. Sulcus acusticus: pseudo-archaesulcoid, ostial, median. Ostium: discoidal. Cauda: tubular, straight. Anterior region: angled to double-peaked, rostrum and antirostrum blunt, excisura wide with acute, deep notch. Posterior region: irregular to double-peaked.
Class detected:Setarches guentheri","Type: Sagittal, Side: Left otolith. Shape: approximately pentagonal, lobed to dentate dorsal and sinuate ventral margins.Sulcus acusticus: heterosulcoid, ostial, median. Ostium: funnel-like, shorter than the cauda. Cauda: tubular, markedly curved. Anterior region: angled to blunt; rostrum short, broad, round to slightly flattened; antirostrum angled; excisura wide with deep acute notch. Posterior region: angled"
Polymixia fusca_Sp6_L (12).tif,approximately pentagonal,fusiform,"Type: Sagittal. Side: Left otolith. Shape: fusiform, crenate to lobed dorsal and entire to lobed ventral margins. Sulcus acusticus: pseudo-archaesulcoid, ostial, median. Ostium: discoidal. Cauda: tubular, straight. Anterior region: angled to double-peaked, rostrum and antirostrum blunt, excisura wide with acute, deep notch. Posterior region: irregular to double-peaked.
Class detected:Setarches guentheri","Type: Sagittal, Side: Left otolith. Shape: approximately pentagonal, lobed to dentate dorsal and sinuate ventral margins.Sulcus acusticus: heterosulcoid, ostial, median. Ostium: funnel-like, shorter than the cauda. Cauda: tubular, markedly curved. Anterior region: angled to blunt; rostrum short, broad, round to slightly flattened; antirostrum angled; excisura wide with deep acute notch. Posterior region: angled"
Polymixia fusca_Sp6_L (13).tif,approximately pentagonal,fusiform,"Type: Sagittal. Side: Left otolith. Shape: fusiform, sinuate to lobed dorsal and entire to sinuate ventral margins. Sulcus acusticus: pseudo-archaesulcoid, ostial, median. Ostium: discoidal. Cauda: tubular, straight. Anterior region: angled to double-peaked, rostrum and antirostrum blunt, excisura wide with acute, deep notch. Posterior region: blunt to round.
Class detected:Setarches guentheri","Type: Sagittal, Side: Left otolith. Shape: approximately pentagonal, lobed to dentate dorsal and sinuate ventral margins.Sulcus acusticus: heterosulcoid, ostial, median. Ostium: funnel-like, shorter than the cauda. Cauda: tubular, markedly curved. Anterior region: angled to blunt; rostrum short, broad, round to slightly flattened; antirostrum angled; excisura wide with deep acute notch. Posterior region: angled"
Polymixia fusca_Sp6_L (14).tif,approximately pentagonal,fusiform,"Type: Sagittal. Side: Left otolith. Shape: fusiform, crenate to lobed dorsal and entire to lobed ventral margins. Sulcus acusticus: pseudo-archaesulcoid, ostial, median. Ostium: discoidal. Cauda: tubular, straight. Anterior region: angled to double-peaked, rostrum and antirostrum blunt, excisura wide with acute, deep notch. Posterior region: irregular to double-peaked.
Class detected:Setarches guentheri","Type: Sagittal, Side: Left otolith. Shape: approximately pentagonal, lobed to dentate dorsal and sinuate ventral margins.Sulcus acusticus: heterosulcoid, ostial, median. Ostium: funnel-like, shorter than the cauda. Cauda: tubular, markedly curved. Anterior region: angled to blunt; rostrum short, broad, round to slightly flattened; antirostrum angled; excisura wide with deep acute notch. Posterior region: angled"
Polymixia fusca_Sp6_L (15).tif,approximately pentagonal,fusiform,"Type: Sagittal. Side: Left otolith. Shape: fusiform, crenate to lobed dorsal and entire to lobed ventral margins. Sulcus acusticus: pseudo-archaesulcoid, ostial, median. Ostium: discoidal. Cauda: tubular, straight. Anterior region: angled to double-peaked, rostrum and antirostrum blunt, excisura wide with acute, deep notch. Posterior region: irregular to double-peaked.
Class detected:Setarches guentheri","Type: Sagittal, Side: Left otolith. Shape: approximately pentagonal, lobed to dentate dorsal and sinuate ventral margins.Sulcus acusticus: heterosulcoid, ostial, median. Ostium: funnel-like, shorter than the cauda. Cauda: tubular, markedly curved. Anterior region: angled to blunt; rostrum short, broad, round to slightly flattened; antirostrum angled; excisura wide with deep acute notch. Posterior region: angled"
Polymixia fusca_Sp6_L (16).tif,approximately pentagonal,fusiform,"Type: Sagittal. Side: Left otolith. Shape: fusiform, crenate to lobed dorsal and entire to lobed ventral margins. Sulcus acusticus: pseudo-archaesulcoid, ostial, median. Ostium: discoidal. Cauda: tubular, straight. Anterior region: angled to double-peaked, rostrum and antirostrum blunt, excisura wide with acute, deep notch. Posterior region: irregular to double-peaked.
Class detected:Setarches guentheri","Type: Sagittal, Side: Left otolith. Shape: approximately pentagonal, lobed to dentate dorsal and sinuate ventral margins.Sulcus acusticus: heterosulcoid, ostial, median. Ostium: funnel-like, shorter than the cauda. Cauda: tubular, markedly curved. Anterior region: angled to blunt; rostrum short, broad, round to slightly flattened; antirostrum angled; excisura wide with deep acute notch. Posterior region: angled"
Polymixia fusca_Sp6_L (17).tif,approximately pentagonal,fusiform,"Type: Sagittal. Side: Left otolith. Shape: fusiform, crenate to lobed dorsal and entire to lobed ventral margins. Sulcus acusticus: pseudo-archaesulcoid, ostial, median. Ostium: discoidal. Cauda: tubular, straight. Anterior region: angled to double-peaked, rostrum and antirostrum blunt, excisura wide with acute, deep notch. Posterior region: irregular to double-peaked.
Class detected:Setarches guentheri","Type: Sagittal, Side: Left otolith. Shape: approximately pentagonal, lobed to dentate dorsal and sinuate ventral margins.Sulcus acusticus: heterosulcoid, ostial, median. Ostium: funnel-like, shorter than the cauda. Cauda: tubular, markedly curved. Anterior region: angled to blunt; rostrum short, broad, round to slightly flattened; antirostrum angled; excisura wide with deep acute notch. Posterior region: angled"
Polymixia fusca_Sp6_L (18).tif,approximately pentagonal,fusiform,"Type: Sagittal. Side: Left otolith. Shape: fusiform, crenate to lobed dorsal and entire to lobed ventral margins. Sulcus acusticus: pseudo-archaesulcoid, ostial, median. Ostium: discoidal. Cauda: tubular, straight. Anterior region: angled to double-peaked, rostrum and antirostrum blunt, excisura wide with acute, deep notch. Posterior region: irregular to double-peaked.
Class detected:Setarches guentheri","Type: Sagittal, Side: Left otolith. Shape: approximately pentagonal, lobed to dentate dorsal and sinuate ventral margins.Sulcus acusticus: heterosulcoid, ostial, median. Ostium: funnel-like, shorter than the cauda. Cauda: tubular, markedly curved. Anterior region: angled to blunt; rostrum short, broad, round to slightly flattened; antirostrum angled; excisura wide with deep acute notch. Posterior region: angled"
Polymixia fusca_Sp6_L (19).tif,approximately pentagonal,fusiform,"Type: Sagittal. Side: Left otolith. Shape: fusiform, crenate to lobed dorsal and entire to lobed ventral margins. Sulcus acusticus: pseudo-archaesulcoid, ostial, median. Ostium: discoidal. Cauda: tubular, straight. Anterior region: angled to double-peaked, rostrum and antirostrum blunt, excisura wide with acute, deep notch. Posterior region: irregular to double-peaked.
Class detected:Setarches guentheri","Type: Sagittal, Side: Left otolith. Shape: approximately pentagonal, lobed to dentate dorsal and sinuate ventral margins.Sulcus acusticus: heterosulcoid, ostial, median. Ostium: funnel-like, shorter than the cauda. Cauda: tubular, markedly curved. Anterior region: angled to blunt; rostrum short, broad, round to slightly flattened; antirostrum angled; excisura wide with deep acute notch. Posterior region: angled"
Polymixia fusca_Sp6_L (2).tif,approximately pentagonal,fusiform,"Type: Sagittal. Side: Left otolith. Shape: fusiform, lobed dorsal and entire to sinuate ventral margins. Sulcus acusticus: pseudo-archaesulcoid, ostial, median. Ostium: discoidal. Cauda: tubular, straight. Anterior region: angled to double-peaked, rostrum and antirostrum blunt, excisura wide with acute, deep notch. Posterior region: blunt to double-peaked.
Class detected:Setarches guentheri","Type: Sagittal, Side: Left otolith. Shape: approximately pentagonal, lobed to dentate dorsal and sinuate ventral margins.Sulcus acusticus: heterosulcoid, ostial, median. Ostium: funnel-like, shorter than the cauda. Cauda: tubular, markedly curved. Anterior region: angled to blunt; rostrum short, broad, round to slightly flattened; antirostrum angled; excisura wide with deep acute notch. Posterior region: angled"
Polymixia fusca_Sp6_L (20).tif,approximately pentagonal,fusiform,"Type: Sagittal. Side: Left otolith. Shape: fusiform, crenate to lobed dorsal and entire to lobed ventral margins. Sulcus acusticus: pseudo-archaesulcoid, ostial, median. Ostium: discoidal. Cauda: tubular, straight. Anterior region: angled to double-peaked, rostrum and antirostrum blunt, excisura wide with acute, deep notch. Posterior region: irregular to double-peaked.
Class detected:Setarches guentheri","Type: Sagittal, Side: Left otolith. Shape: approximately pentagonal, lobed to dentate dorsal and sinuate ventral margins.Sulcus acusticus: heterosulcoid, ostial, median. Ostium: funnel-like, shorter than the cauda. Cauda: tubular, markedly curved. Anterior region: angled to blunt; rostrum short, broad, round to slightly flattened; antirostrum angled; excisura wide with deep acute notch. Posterior region: angled"
Polymixia fusca_Sp6_L (21).tif,approximately pentagonal,fusiform,"Type: Sagittal. Side: Left otolith. Shape: fusiform, crenate to lobed dorsal and entire to lobed ventral margins. Sulcus acusticus: pseudo-archaesulcoid, ostial, median. Ostium: discoidal. Cauda: tubular, straight. Anterior region: angled to double-peaked, rostrum and antirostrum blunt, excisura wide with acute, deep notch. Posterior region: irregular to double-peaked.
Class detected:Setarches guentheri","Type: Sagittal, Side: Left otolith. Shape: approximately pentagonal, lobed to dentate dorsal and sinuate ventral margins.Sulcus acusticus: heterosulcoid, ostial, median. Ostium: funnel-like, shorter than the cauda. Cauda: tubular, markedly curved. Anterior region: angled to blunt; rostrum short, broad, round to slightly flattened; antirostrum angled; excisura wide with deep acute notch. Posterior region: angled"
Polymixia fusca_Sp6_L (22).tif,approximately pentagonal,fusiform,"Type: Sagittal. Side: Left otolith. Shape: fusiform, crenate to lobed dorsal and entire to lobed ventral margins. Sulcus acusticus: pseudo-archaesulcoid, ostial, median. Ostium: discoidal. Cauda: tubular, straight. Anterior region: angled to double-peaked, rostrum and antirostrum blunt, excisura wide with acute, deep notch. Posterior region: irregular to double-peaked.
Class detected:Setarches guentheri","Type: Sagittal, Side: Left otolith. Shape: approximately pentagonal, lobed to dentate dorsal and sinuate ventral margins.Sulcus acusticus: heterosulcoid, ostial, median. Ostium: funnel-like, shorter than the cauda. Cauda: tubular, markedly curved. Anterior region: angled to blunt; rostrum short, broad, round to slightly flattened; antirostrum angled; excisura wide with deep acute notch. Posterior region: angled"
Polymixia fusca_Sp6_L (23).tif,approximately pentagonal,fusiform,"Type: Sagittal. Side: Left otolith. Shape: fusiform, crenate to lobed dorsal and entire to lobed ventral margins. Sulcus acusticus: pseudo-archaesulcoid, ostial, median. Ostium: discoidal. Cauda: tubular, straight. Anterior region: angled to double-peaked, rostrum and antirostrum blunt, excisura wide with acute, deep notch. Posterior region: irregular to double-peaked.
Class detected:Setarches guentheri","Type: Sagittal, Side: Left otolith. Shape: approximately pentagonal, lobed to dentate dorsal and sinuate ventral margins.Sulcus acusticus: heterosulcoid, ostial, median. Ostium: funnel-like, shorter than the cauda. Cauda: tubular, markedly curved. Anterior region: angled to blunt; rostrum short, broad, round to slightly flattened; antirostrum angled; excisura wide with deep acute notch. Posterior region: angled"
Polymixia fusca_Sp6_L (24).tif,approximately pentagonal,fusiform,"Type: Sagittal. Side: Left otolith. Shape: fusiform, crenate to lobed dorsal and entire to lobed ventral margins. Sulcus acusticus: pseudo-archaesulcoid, ostial, median. Ostium: discoidal. Cauda: tubular, straight. Anterior region: angled to double-peaked, rostrum and antirostrum blunt, excisura wide with acute, deep notch. Posterior region: irregular to double-peaked.
Class detected:Setarches guentheri","Type: Sagittal, Side: Left otolith. Shape: approximately pentagonal, lobed to dentate dorsal and sinuate ventral margins.Sulcus acusticus: heterosulcoid, ostial, median. Ostium: funnel-like, shorter than the cauda. Cauda: tubular, markedly curved. Anterior region: angled to blunt; rostrum short, broad, round to slightly flattened; antirostrum angled; excisura wide with deep acute notch. Posterior region: angled"
Polymixia fusca_Sp6_L (25).tif,approximately pentagonal,fusiform,"Type: Sagittal. Side: Left otolith. Shape: fusiform, crenate to lobed dorsal and entire to lobed ventral margins. Sulcus acusticus: pseudo-archaesulcoid, ostial, median. Ostium: discoidal. Cauda: tubular, straight. Anterior region: angled to double-peaked, rostrum and antirostrum blunt, excisura wide with acute, deep notch. Posterior region: irregular to double-peaked.
Class detected:Setarches guentheri","Type: Sagittal, Side: Left otolith. Shape: approximately pentagonal, lobed to dentate dorsal and sinuate ventral margins.Sulcus acusticus: heterosulcoid, ostial, median. Ostium: funnel-like, shorter than the cauda. Cauda: tubular, markedly curved. Anterior region: angled to blunt; rostrum short, broad, round to slightly flattened; antirostrum angled; excisura wide with deep acute notch. Posterior region: angled"
Polymixia fusca_Sp6_L (26).tif,approximately pentagonal,fusiform,"Type: Sagittal. Side: Left otolith. Shape: fusiform, crenate to lobed dorsal and entire to lobed ventral margins. Sulcus acusticus: pseudo-archaesulcoid, ostial, median. Ostium: discoidal. Cauda: tubular, straight. Anterior region: angled to double-peaked, rostrum and antirostrum blunt, excisura wide with acute, deep notch. Posterior region: irregular to double-peaked.
Class detected:Setarches guentheri","Type: Sagittal, Side: Left otolith. Shape: approximately pentagonal, lobed to dentate dorsal and sinuate ventral margins.Sulcus acusticus: heterosulcoid, ostial, median. Ostium: funnel-like, shorter than the cauda. Cauda: tubular, markedly curved. Anterior region: angled to blunt; rostrum short, broad, round to slightly flattened; antirostrum angled; excisura wide with deep acute notch. Posterior region: angled"
Polymixia fusca_Sp6_L (27).tif,approximately pentagonal,fusiform,"Type: Sagittal. Side: Left otolith. Shape: fusiform, crenate to lobed dorsal and entire to lobed ventral margins. Sulcus acusticus: pseudo-archaesulcoid, ostial, median. Ostium: discoidal. Cauda: tubular, straight. Anterior region: angled to double-peaked, rostrum and antirostrum blunt, excisura wide with acute, deep notch. Posterior region: irregular to double-peaked.
Class detected:Setarches guentheri","Type: Sagittal, Side: Left otolith. Shape: approximately pentagonal, lobed to dentate dorsal and sinuate ventral margins.Sulcus acusticus: heterosulcoid, ostial, median. Ostium: funnel-like, shorter than the cauda. Cauda: tubular, markedly curved. Anterior region: angled to blunt; rostrum short, broad, round to slightly flattened; antirostrum angled; excisura wide with deep acute notch. Posterior region: angled"
Polymixia fusca_Sp6_L (3).tif,approximately pentagonal,fusiform,"Type: Sagittal. Side: Left otolith. Shape: fusiform, crenate to lobed dorsal and entire to lobed ventral margins. Sulcus acusticus: pseudo-archaesulcoid, ostial, median. Ostium: discoidal. Cauda: tubular, straight. Anterior region: angled to double-peaked, rostrum and antirostrum blunt, excisura wide with acute, deep notch. Posterior region: irregular to double-peaked.
Class detected:Setarches guentheri","Type: Sagittal, Side: Left otolith. Shape: approximately pentagonal, lobed to dentate dorsal and sinuate ventral margins.Sulcus acusticus: heterosulcoid, ostial, median. Ostium: funnel-like, shorter than the cauda. Cauda: tubular, markedly curved. Anterior region: angled to blunt; rostrum short, broad, round to slightly flattened; antirostrum angled; excisura wide with deep acute notch. Posterior region: angled"
Polymixia fusca_Sp6_L (4).tif,approximately pentagonal,fusiform,"Type: Sagittal. Side: Left otolith. Shape: fusiform, crenate to lobed dorsal and entire to lobed ventral margins. Sulcus acusticus: pseudo-archaesulcoid, ostial, median. Ostium: discoidal. Cauda: tubular, straight. Anterior region: angled to double-peaked, rostrum and antirostrum blunt, excisura wide with acute, deep notch. Posterior region: irregular to double-peaked.
Class detected:Setarches guentheri","Type: Sagittal, Side: Left otolith. Shape: approximately pentagonal, lobed to dentate dorsal and sinuate ventral margins.Sulcus acusticus: heterosulcoid, ostial, median. Ostium: funnel-like, shorter than the cauda. Cauda: tubular, markedly curved. Anterior region: angled to blunt; rostrum short, broad, round to slightly flattened; antirostrum angled; excisura wide with deep acute notch. Posterior region: angled"
Polymixia fusca_Sp6_L (5).tif,approximately pentagonal,fusiform,"Type: Sagittal. Side: Left otolith. Shape: fusiform, crenate to lobed dorsal and entire to lobed ventral margins. Sulcus acusticus: pseudo-archaesulcoid, ostial, median. Ostium: discoidal. Cauda: tubular, straight. Anterior region: angled to double-peaked, rostrum and antirostrum blunt, excisura wide with acute, deep notch. Posterior region: irregular to double-peaked.
Class detected:Setarches guentheri","Type: Sagittal, Side: Left otolith. Shape: approximately pentagonal, lobed to dentate dorsal and sinuate ventral margins.Sulcus acusticus: heterosulcoid, ostial, median. Ostium: funnel-like, shorter than the cauda. Cauda: tubular, markedly curved. Anterior region: angled to blunt; rostrum short, broad, round to slightly flattened; antirostrum angled; excisura wide with deep acute notch. Posterior region: angled"
Polymixia fusca_Sp6_L (7).tif,approximately pentagonal,fusiform,"Type: Sagittal. Side: Left otolith. Shape: fusiform, crenate to lobed dorsal and entire to lobed ventral margins. Sulcus acusticus: pseudo-archaesulcoid, ostial, median. Ostium: discoidal. Cauda: tubular, straight. Anterior region: angled to double-peaked, rostrum and antirostrum blunt, excisura wide with acute, deep notch. Posterior region: irregular to double-peaked.
Class detected:Setarches guentheri","Type: Sagittal, Side: Left otolith. Shape: approximately pentagonal, lobed to dentate dorsal and sinuate ventral margins.Sulcus acusticus: heterosulcoid, ostial, median. Ostium: funnel-like, shorter than the cauda. Cauda: tubular, markedly curved. Anterior region: angled to blunt; rostrum short, broad, round to slightly flattened; antirostrum angled; excisura wide with deep acute notch. Posterior region: angled"
Polymixia fusca_Sp6_L (8).tif,approximately pentagonal,fusiform,"Type: Sagittal. Side: Left otolith. Shape: fusiform, lobed dorsal and entire to sinuate ventral margins. Sulcus acusticus: pseudo-archaesulcoid, ostial, median. Ostium: discoidal. Cauda: tubular, straight. Anterior region: angled to double-peaked, rostrum and antirostrum blunt, excisura wide with acute, deep notch. Posterior region: blunt to double-peaked.
Class detected:Setarches guentheri","Type: Sagittal, Side: Left otolith. Shape: approximately pentagonal, lobed to dentate dorsal and sinuate ventral margins.Sulcus acusticus: heterosulcoid, ostial, median. Ostium: funnel-like, shorter than the cauda. Cauda: tubular, markedly curved. Anterior region: angled to blunt; rostrum short, broad, round to slightly flattened; antirostrum angled; excisura wide with deep acute notch. Posterior region: angled"
Polymixia fusca_Sp6_L (9).tif,approximately pentagonal,fusiform,"Type: Sagittal. Side: Left otolith. Shape: fusiform, crenate to lobed dorsal and entire to lobed ventral margins. Sulcus acusticus: pseudo-archaesulcoid, ostial, median. Ostium: discoidal. Cauda: tubular, straight. Anterior region: angled to double-peaked, rostrum and antirostrum blunt, excisura wide with acute, deep notch. Posterior region: irregular to double-peaked.
Class detected:Setarches guentheri","Type: Sagittal, Side: Left otolith. Shape: approximately pentagonal, lobed to dentate dorsal and sinuate ventral margins.Sulcus acusticus: heterosulcoid, ostial, median. Ostium: funnel-like, shorter than the cauda. Cauda: tubular, markedly curved. Anterior region: angled to blunt; rostrum short, broad, round to slightly flattened; antirostrum angled; excisura wide with deep acute notch. Posterior region: angled"
Psenopsis sp_Sp4_R (10).tif,Hexagonal,oval,"Type: Sagittal. Side: Right otolith. Shape:oval, sinuate to crenate dorsal and entire to sinuate ventral margins. Sulcus acusticus: heterosulcoid, ostial, median. Ostium: Funnel-like, shorter than cauda. Cauda: tubular, markedly curved. Anterior region: angled, rostrum blunt and antirostrum blunt, excisura narrow and acute notch. Posterior region: round.
Class detected:Cubiceps baxteri","Type: Sagittal. Side: Right otolith. Shape: Hexagonal, lobed dorsal and lobed ventral margins. Sulcus acusticus: heterosulcoid, ostial, median. Ostium: tubular. Cauda: tubular, slightly to strongly curved. Anterior region: blunt to round, rostrum blunt and antirostrum blunt to poorly defined,  excisura narrow with shallow, wide notch. Posterior region: double-peaked."
Psenopsis sp_Sp4_R (11).tif,Hexagonal,oval,"Type: Sagittal. Side: Right otolith. Shape:oval, sinuate to crenate dorsal and entire to sinuate ventral margins. Sulcus acusticus: heterosulcoid, ostial, median. Ostium: Funnel-like, shorter than cauda. Cauda: tubular, markedly curved. Anterior region: angled, rostrum blunt and antirostrum blunt, excisura narrow and acute notch. Posterior region: round.
Class detected:Cubiceps baxteri","Type: Sagittal. Side: Right otolith. Shape: Hexagonal, lobed dorsal and lobed ventral margins. Sulcus acusticus: heterosulcoid, ostial, median. Ostium: tubular. Cauda: tubular, slightly to strongly curved. Anterior region: blunt to round, rostrum blunt and antirostrum blunt to poorly defined,  excisura narrow with shallow, wide notch. Posterior region: double-peaked."
Psenopsis sp_Sp4_R (12).tif,Hexagonal,oval,"Type: Sagittal. Side: Right otolith. Shape:oval, sinuate to crenate dorsal and entire to sinuate ventral margins. Sulcus acusticus: heterosulcoid, ostial, median. Ostium: Funnel-like, shorter than cauda. Cauda: tubular, markedly curved. Anterior region: angled, rostrum blunt and antirostrum blunt, excisura wide and acute notch. Posterior region: round.
Class detected:Cubiceps baxteri","Type: Sagittal. Side: Right otolith. Shape: Hexagonal, lobed dorsal and lobed ventral margins. Sulcus acusticus: heterosulcoid, ostial, median. Ostium: tubular. Cauda: tubular, slightly to strongly curved. Anterior region: blunt to round, rostrum blunt and antirostrum blunt to poorly defined,  excisura narrow with shallow, wide notch. Posterior region: double-peaked."
Psenopsis sp_Sp4_R (13).tif,Hexagonal,oval,"Type: Sagittal. Side: Right otolith. Shape:oval, sinuate to crenate dorsal and entire to sinuate ventral margins. Sulcus acusticus: heterosulcoid, ostial, median. Ostium: Funnel-like, shorter than cauda. Cauda: tubular, markedly curved. Anterior region: angled, rostrum blunt and antirostrum blunt, excisura narrow and acute notch. Posterior region: round.
Class detected:Cubiceps baxteri","Type: Sagittal. Side: Right otolith. Shape: Hexagonal, lobed dorsal and lobed ventral margins. Sulcus acusticus: heterosulcoid, ostial, median. Ostium: tubular. Cauda: tubular, slightly to strongly curved. Anterior region: blunt to round, rostrum blunt and antirostrum blunt to poorly defined,  excisura narrow with shallow, wide notch. Posterior region: double-peaked."
Psenopsis sp_Sp4_R (14).tif,Hexagonal,oval,"Type: Sagittal. Side: Right otolith. Shape:oval, sinuate to crenate dorsal and entire to sinuate ventral margins. Sulcus acusticus: heterosulcoid, ostial, median. Ostium: Funnel-like, shorter than cauda. Cauda: tubular, markedly curved. Anterior region: angled, rostrum blunt and antirostrum blunt, excisura narrow and acute notch. Posterior region: round.
Class detected:Cubiceps baxteri","Type: Sagittal. Side: Right otolith. Shape: Hexagonal, lobed dorsal and lobed ventral margins. Sulcus acusticus: heterosulcoid, ostial, median. Ostium: tubular. Cauda: tubular, slightly to strongly curved. Anterior region: blunt to round, rostrum blunt and antirostrum blunt to poorly defined,  excisura narrow with shallow, wide notch. Posterior region: double-peaked."
Psenopsis sp_Sp4_R (15).tif,Hexagonal,Hexagonal to fusiform,"Type: Sagittal. Side: Right otolith. Shape: Hexagonal to fusiform, lobed to sinuate dorsal and entire ventral margins. Sulcus acusticus: heterosulcoid, ostial, median. Ostium: tubular. Cauda: tubular, slightly to strongly curved. Anterior region: peaked, rostrum blunt and antirostrum peaked,  excisura narrow with shallow, acute notch. Posterior region: round to peaked.
Class detected:Psenopsis sp","Type: Sagittal. Side: Right otolith. Shape: Hexagonal, lobed dorsal and lobed ventral margins. Sulcus acusticus: heterosulcoid, ostial, median. Ostium: tubular. Cauda: tubular, slightly to strongly curved. Anterior region: blunt to round, rostrum blunt and antirostrum blunt to poorly defined,  excisura narrow with shallow, wide notch. Posterior region: double-peaked."
Psenopsis sp_Sp4_R (5).tif,Hexagonal,oval,"Type: Sagittal. Side: Right otolith. Shape:oval, sinuate to crenate dorsal and entire to sinuate ventral margins. Sulcus acusticus: heterosulcoid, ostial, median. Ostium: Funnel-like, shorter than cauda. Cauda: tubular, markedly curved. Anterior region: angled, rostrum blunt and antirostrum blunt, excisura wide and acute notch. Posterior region: round to irregular.
Class detected:Cubiceps baxteri","Type: Sagittal. Side: Right otolith. Shape: Hexagonal, lobed dorsal and lobed ventral margins. Sulcus acusticus: heterosulcoid, ostial, median. Ostium: tubular. Cauda: tubular, slightly to strongly curved. Anterior region: blunt to round, rostrum blunt and antirostrum blunt to poorly defined,  excisura narrow with shallow, wide notch. Posterior region: double-peaked."
Psenopsis sp_Sp4_R (6).tif,Hexagonal,Hexagonal to fusiform,"Type: Sagittal. Side: Right otolith. Shape: Hexagonal to fusiform, lobed to sinuate dorsal and entire ventral margins. Sulcus acusticus: heterosulcoid, ostial, median. Ostium: tubular. Cauda: tubular, slightly to strongly curved. Anterior region: peaked, rostrum blunt and antirostrum peaked,  excisura narrow with shallow, acute notch. Posterior region: round to peaked.
Class detected:Psenopsis sp","Type: Sagittal. Side: Right otolith. Shape: Hexagonal, lobed dorsal and lobed ventral margins. Sulcus acusticus: heterosulcoid, ostial, median. Ostium: tubular. Cauda: tubular, slightly to strongly curved. Anterior region: blunt to round, rostrum blunt and antirostrum blunt to poorly defined,  excisura narrow with shallow, wide notch. Posterior region: double-peaked."
Psenopsis sp_Sp4_R (8).tif,Hexagonal,oval,"Type: Sagittal. Side: Right otolith. Shape:oval, sinuate to crenate dorsal and entire to sinuate ventral margins. Sulcus acusticus: heterosulcoid, ostial, median. Ostium: Funnel-like, shorter than cauda. Cauda: tubular, markedly curved. Anterior region: angled, rostrum blunt and antirostrum blunt, excisura narrow and acute notch. Posterior region: round.
Class detected:Cubiceps baxteri","Type: Sagittal. Side: Right otolith. Shape: Hexagonal, lobed dorsal and lobed ventral margins. Sulcus acusticus: heterosulcoid, ostial, median. Ostium: tubular. Cauda: tubular, slightly to strongly curved. Anterior region: blunt to round, rostrum blunt and antirostrum blunt to poorly defined,  excisura narrow with shallow, wide notch. Posterior region: double-peaked."
Psenopsis sp_Sp4_R (9).tif,Hexagonal,oval,"Type: Sagittal. Side: Right otolith. Shape:oval, sinuate to crenate dorsal and entire to sinuate ventral margins. Sulcus acusticus: heterosulcoid, ostial, median. Ostium: Funnel-like, shorter than cauda. Cauda: tubular, markedly curved. Anterior region: angled, rostrum blunt and antirostrum blunt, excisura narrow and acute notch. Posterior region: round.
Class detected:Cubiceps baxteri","Type: Sagittal. Side: Right otolith. Shape: Hexagonal, lobed dorsal and lobed ventral margins. Sulcus acusticus: heterosulcoid, ostial, median. Ostium: tubular. Cauda: tubular, slightly to strongly curved. Anterior region: blunt to round, rostrum blunt and antirostrum blunt to poorly defined,  excisura narrow with shallow, wide notch. Posterior region: double-peaked."
AE41R 1.6X.tif,discoidal to hour-glass,discoidal,"Type: Sagittal. Side: Right otolith. Shape: discoidal, sinuate dorsal and sinuate to crenate ventral margins. Sulcus acusticus: heterosulcoid, ostial, supramedian. Ostium: funnel-like. Cauda: tubular, straight. Anterior region: double-peaked, rostrum blunt and antirostrum pointed, excisura moderately narrow with wide deep notch. Posterior region: round to blunt.
Class detected:Pterygotrigla arabica","Type: Sagittal. Side: Right otolith. Shape: discoidal to hour-glass, sinuate dorsal and sinuate to crenate ventral margins. Sulcus acusticus: heterosulcoid, ostial, supramedian. Ostium: Funnel-like. Cauda: tubular, straight. Anterior region: double-peaked, rostrum peaked and antirostrum angled, excisura wide with acute deep notch. Posterior region: double-peaked."
AE42 1.6XDORSAL3.tif,discoidal to hour-glass,hour-glass,"Type: Sagittal. Side: Right otolith. Shape: hour-glass, sinuate dorsal and sinuate to crenate ventral margins. Sulcus acusticus: heterosulcoid, ostial, supramedian. Ostium: funnel-like. Cauda: tubular, straight. Anterior region: double-peaked, rostrum blunt and antirostrum pointed, excisura narrow with wide deep notch. Posterior region: round to double-peaked.
Class detected:Pterygotrigla arabica","Type: Sagittal. Side: Right otolith. Shape: discoidal to hour-glass, sinuate to crenate dorsal and sinuate to crenate ventral margins. Sulcus acusticus: heterosulcoid, ostial, supramedian. Ostium: Funnel-like. Cauda: tubular, straight. Anterior region: double-peaked, rostrum peaked and antirostrum peaked, excisura wide with acute deep notch. Posterior region: double-peaked."
AE44R 1.6X.tif,discoidal,discoidal to hour-glass,"Type: Sagittal. Side: right otolith. Shape: discoidal to hour-glass, sinuate dorsal and sinuate to crenate ventral margins. Sulcus acusticus: heterosulcoid, ostial, supramedian. Ostium: Funnel-like. Cauda: tubular, straight. Anterior region: double-peaked, rostrum blunt and antirostrum pointed, excisura wide with wide deep notch. Posterior region: round to blunt.
Class detected:Pterygotrigla arabica","Type: Sagittal. Side: Right otolith. Shape: discoidal, sinuate dorsal and sinuate to crenate ventral margins. Sulcus acusticus: heterosulcoid, ostial, supramedian. Ostium: Funnel-like. Cauda: tubular, straight. Anterior region: double-peaked, rostrum angled and antirostrum peaked, excisura wide with acute moderately deep notch. Posterior region: angled."
AE67 1.6XDORSAL.tif,discoidal,Semicircular,"Type: Sagittal. Side: Right otolith. Shape: Semicircular, sinuate dorsal and sinuate to crenate ventral margins. Sulcus acusticus: heterosulcoid, ostial, median. Ostium: funnel-like. Cauda: tubular, markedly curved. Anterior region: double-peaked, rostrum angled and antirostrum angled,  excisura wide with acute, deep notch. Posterior region: round.
Class detected:Dactyloptena papilio","Type: Sagittal. Side: Right otolith. Shape: discoidal, sinuate to crenate dorsal and sinuate to crenate ventral margins. Sulcus acusticus: heterosulcoid, ostial, supramedian. Ostium: Funnel-like. Cauda: tubular, straight. Anterior region: double-peaked, rostrum angled and antirostrum angled, excisura moderately wide with acute moderately deep notch. Posterior region: angled."
Pterygotrigla hemisticta_Sp9_R (10).tif,Hour-glass,Discoidal to hour-glass,"Type: Sagittal. Side: Right otolith. Shape: Discoidal to hour-glass, sinuate dorsal and sinuate to crenate ventral margins. Sulcus acusticus: heterosulcoid, ostial, supramedian, closed at posterior margin. Ostium: funnel-like. Cauda: tubular, straight. Anterior region: double peaked, rostrum blunt and antirostrum pointed, excisura moderately narrow with deep acute notch. Posterior region: double-peaked to blunt.
Class detected:Pterygotrigla hemisticta","Type: Sagittal. Side: Right otolith. Shape: Hour-glass, crenate dorsal and crenate ventral margins. Sulcus acusticus: heterosulcoid, ostial, supramedian, closed at posterior margin. Ostium: funnel like. Cauda: tubular, straight. Anterior region: double-peaked, rostrum blunt and antirostrum pointed, excisura moderately narrow with deep acute notch. Posterior region: double-peaked."
Pterygotrigla hemisticta_Sp9_R (11).tif,Hour-glass,Discoidal to hour-glass,"Type: Sagittal. Side: Right otolith. Shape: Discoidal to hour-glass, sinuate dorsal and sinuate to crenate ventral margins. Sulcus acusticus: heterosulcoid, ostial, supramedian, closed at posterior margin. Ostium: funnel-like. Cauda: tubular, straight. Anterior region: double peaked, rostrum blunt and antirostrum pointed, excisura moderately narrow with deep acute notch. Posterior region: double-peaked to blunt.
Class detected:Pterygotrigla hemisticta","Type: Sagittal. Side: Right otolith. Shape: Hour-glass, crenate dorsal and crenate ventral margins. Sulcus acusticus: heterosulcoid, ostial, supramedian, closed at posterior margin. Ostium: funnel like. Cauda: tubular, straight. Anterior region: double-peaked, rostrum blunt and antirostrum pointed, excisura moderately narrow with deep acute notch. Posterior region: double-peaked."
Pterygotrigla hemisticta_Sp9_R (12).tif,Hour-glass,Discoidal to hour-glass,"Type: Sagittal. Side: Right otolith. Shape: Discoidal to hour-glass, sinuate dorsal and crenate ventral margins. Sulcus acusticus: heterosulcoid, ostial, supramedian, closed at posterior margin. Ostium: funnel-like. Cauda: tubular, straight. Anterior region: double peaked, rostrum blunt and antirostrum pointed, excisura moderately narrow with deep acute notch. Posterior region: double-peaked to blunt.
Class detected:Pterygotrigla hemisticta","Type: Sagittal. Side: Right otolith. Shape: Hour-glass, crenate dorsal and crenate ventral margins. Sulcus acusticus: heterosulcoid, ostial, supramedian, closed at posterior margin. Ostium: funnel like. Cauda: tubular, straight. Anterior region: double-peaked, rostrum blunt and antirostrum pointed, excisura moderately narrow with deep acute notch. Posterior region: double-peaked."
Pterygotrigla hemisticta_Sp9_R (13).tif,Hour-glass,Discoidal to hour-glass,"Type: Sagittal. Side: Right otolith. Shape: Discoidal to hour-glass, sinuate dorsal and sinuate to crenate ventral margins. Sulcus acusticus: heterosulcoid, ostial, supramedian, closed at posterior margin. Ostium: funnel-like. Cauda: tubular, straight. Anterior region: double peaked, rostrum blunt and antirostrum pointed, excisura moderately narrow with deep acute notch. Posterior region: double-peaked to blunt.
Class detected:Pterygotrigla hemisticta","Type: Sagittal. Side: Right otolith. Shape: Hour-glass, crenate dorsal and crenate ventral margins. Sulcus acusticus: heterosulcoid, ostial, supramedian, closed at posterior margin. Ostium: funnel like. Cauda: tubular, straight. Anterior region: double-peaked, rostrum blunt and antirostrum pointed, excisura moderately narrow with deep acute notch. Posterior region: double-peaked."
Pterygotrigla hemisticta_Sp9_R (14).tif,Hour-glass,Discoidal to hour-glass,"Type: Sagittal. Side: Right otolith. Shape: Discoidal to hour-glass, sinuate dorsal and sinuate to crenate ventral margins. Sulcus acusticus: heterosulcoid, ostial, supramedian, closed at posterior margin. Ostium: funnel-like. Cauda: tubular, straight. Anterior region: double peaked, rostrum blunt and antirostrum pointed, excisura moderately narrow with deep acute notch. Posterior region: double-peaked to blunt.
Class detected:Pterygotrigla hemisticta","Type: Sagittal. Side: Right otolith. Shape: Hour-glass, crenate dorsal and crenate ventral margins. Sulcus acusticus: heterosulcoid, ostial, supramedian, closed at posterior margin. Ostium: funnel like. Cauda: tubular, straight. Anterior region: double-peaked, rostrum blunt and antirostrum pointed, excisura moderately narrow with deep acute notch. Posterior region: double-peaked."
Pterygotrigla hemisticta_Sp9_R (15).tif,Hour-glass,Discoidal to hour-glass,"Type: Sagittal. Side: Right otolith. Shape: Discoidal to hour-glass, sinuate dorsal and sinuate to crenate ventral margins. Sulcus acusticus: heterosulcoid, ostial, supramedian, closed at posterior margin. Ostium: funnel-like. Cauda: tubular, straight. Anterior region: double peaked, rostrum blunt and antirostrum pointed, excisura moderately narrow with deep acute notch. Posterior region: double-peaked to blunt.
Class detected:Pterygotrigla hemisticta","Type: Sagittal. Side: Right otolith. Shape: Hour-glass, crenate dorsal and crenate ventral margins. Sulcus acusticus: heterosulcoid, ostial, supramedian, closed at posterior margin. Ostium: funnel like. Cauda: tubular, straight. Anterior region: double-peaked, rostrum blunt and antirostrum pointed, excisura moderately narrow with deep acute notch. Posterior region: double-peaked."
Pterygotrigla hemisticta_Sp9_R (16).tif,Hour-glass,Discoidal,"Type: Sagittal. Side: Right otolith. Shape: Discoidal, sinuate to sinuate dorsal and sinuate to crenate ventral margins. Sulcus acusticus: heterosulcoid, ostial, supramedian, closed at posterior margin. Ostium: funnel-like. Cauda: tubular, straight. Anterior region: double peaked, rostrum blunt and antirostrum pointed, excisura moderately narrow with deep acute notch. Posterior region: blunt.
Class detected:Pterygotrigla hemisticta","Type: Sagittal. Side: Right otolith. Shape: Hour-glass, crenate dorsal and crenate ventral margins. Sulcus acusticus: heterosulcoid, ostial, supramedian, closed at posterior margin. Ostium: funnel like. Cauda: tubular, straight. Anterior region: double-peaked, rostrum blunt and antirostrum pointed, excisura moderately narrow with deep acute notch. Posterior region: double-peaked."
Pterygotrigla hemisticta_Sp9_R (17).tif,Hour-glass,Discoidal,"Type: Sagittal. Side: Right otolith. Shape: Discoidal, sinuate dorsal and sinuate to crenate ventral margins. Sulcus acusticus: heterosulcoid, ostial, supramedian, closed at posterior margin. Ostium: funnel-like. Cauda: tubular, straight. Anterior region: double peaked, rostrum blunt and antirostrum pointed, excisura moderately narrow with deep acute notch. Posterior region: blunt.
Class detected:Pterygotrigla hemisticta","Type: Sagittal. Side: Right otolith. Shape: Hour-glass, crenate dorsal and crenate ventral margins. Sulcus acusticus: heterosulcoid, ostial, supramedian, closed at posterior margin. Ostium: funnel like. Cauda: tubular, straight. Anterior region: double-peaked, rostrum blunt and antirostrum pointed, excisura moderately narrow with deep acute notch. Posterior region: double-peaked."
Pterygotrigla hemisticta_Sp9_R (5).tif,Hour-glass,Discoidal to hour-glass,"Type: Sagittal. Side: Right otolith. Shape: Discoidal to hour-glass, sinuate dorsal and sinuate to crenate ventral margins. Sulcus acusticus: heterosulcoid, ostial, supramedian, closed at posterior margin. Ostium: funnel-like. Cauda: tubular, straight. Anterior region: double peaked, rostrum blunt and antirostrum pointed, excisura moderately narrow with deep acute notch. Posterior region: double-peaked to blunt.
Class detected:Pterygotrigla hemisticta","Type: Sagittal. Side: Right otolith. Shape: Hour-glass, crenate dorsal and crenate ventral margins. Sulcus acusticus: heterosulcoid, ostial, supramedian, closed at posterior margin. Ostium: funnel like. Cauda: tubular, straight. Anterior region: double-peaked, rostrum blunt and antirostrum pointed, excisura moderately narrow with deep acute notch. Posterior region: double-peaked."
Pterygotrigla hemisticta_Sp9_R (6).tif,Hour-glass,Discoidal to hour-glass,"Type: Sagittal. Side: Right otolith. Shape: Discoidal to hour-glass, sinuate dorsal and sinuate to crenate ventral margins. Sulcus acusticus: heterosulcoid, ostial, supramedian, closed at posterior margin. Ostium: funnel-like. Cauda: tubular, straight. Anterior region: double peaked, rostrum blunt and antirostrum pointed, excisura moderately narrow with deep acute notch. Posterior region: double-peaked to blunt.
Class detected:Pterygotrigla hemisticta","Type: Sagittal. Side: Right otolith. Shape: Hour-glass, crenate dorsal and crenate ventral margins. Sulcus acusticus: heterosulcoid, ostial, supramedian, closed at posterior margin. Ostium: funnel like. Cauda: tubular, straight. Anterior region: double-peaked, rostrum blunt and antirostrum pointed, excisura moderately narrow with deep acute notch. Posterior region: double-peaked."
Pterygotrigla hemisticta_Sp9_R (7).tif,Hour-glass,Discoidal to hour-glass,"Type: Sagittal. Side: Right otolith. Shape: Discoidal to hour-glass, sinuate dorsal and sinuate to crenate ventral margins. Sulcus acusticus: heterosulcoid, ostial, supramedian, closed at posterior margin. Ostium: funnel-like. Cauda: tubular, straight. Anterior region: double peaked, rostrum blunt and antirostrum pointed, excisura moderately narrow with deep acute notch. Posterior region: double-peaked to blunt.
Class detected:Pterygotrigla hemisticta","Type: Sagittal. Side: Right otolith. Shape: Hour-glass, crenate dorsal and crenate ventral margins. Sulcus acusticus: heterosulcoid, ostial, supramedian, closed at posterior margin. Ostium: funnel like. Cauda: tubular, straight. Anterior region: double-peaked, rostrum blunt and antirostrum pointed, excisura moderately narrow with deep acute notch. Posterior region: double-peaked."
Pterygotrigla hemisticta_Sp9_R (8).tif,Hour-glass,Discoidal to hour-glass,"Type: Sagittal. Side: Right otolith. Shape: Discoidal to hour-glass, sinuate dorsal and sinuate to crenate ventral margins. Sulcus acusticus: heterosulcoid, ostial, supramedian, closed at posterior margin. Ostium: funnel-like. Cauda: tubular, straight. Anterior region: double peaked, rostrum blunt and antirostrum pointed, excisura moderately narrow with deep acute notch. Posterior region: double-peaked to blunt.
Class detected:Pterygotrigla hemisticta","Type: Sagittal. Side: Right otolith. Shape: Hour-glass, crenate dorsal and crenate ventral margins. Sulcus acusticus: heterosulcoid, ostial, supramedian, closed at posterior margin. Ostium: funnel like. Cauda: tubular, straight. Anterior region: double-peaked, rostrum blunt and antirostrum pointed, excisura moderately narrow with deep acute notch. Posterior region: double-peaked."
Pterygotrigla hemisticta_Sp9_R (9).tif,Hour-glass,Discoidal to hour-glass,"Type: Sagittal. Side: Right otolith. Shape: Discoidal to hour-glass, sinuate dorsal and sinuate to crenate ventral margins. Sulcus acusticus: heterosulcoid, ostial, supramedian, closed at posterior margin. Ostium: funnel-like. Cauda: tubular, straight. Anterior region: double peaked, rostrum blunt and antirostrum pointed, excisura moderately narrow with deep acute notch. Posterior region: double-peaked to blunt.
Class detected:Pterygotrigla hemisticta","Type: Sagittal. Side: Right otolith. Shape: Hour-glass, crenate dorsal and crenate ventral margins. Sulcus acusticus: heterosulcoid, ostial, supramedian, closed at posterior margin. Ostium: funnel like. Cauda: tubular, straight. Anterior region: double-peaked, rostrum blunt and antirostrum pointed, excisura moderately narrow with deep acute notch. Posterior region: double-peaked."
AJ17R 1.6X.tif,pentagonal,Pentagonal to Hour-glass,"Type: Sagittal. Side: Right otolith. Shape: Pentagonal to Hour-glass, entire dorsal and entire to crenate ventral margins. Sulcus acusticus: heterosulcoid, ostio-caudal, median. Ostium: Funnel-like. Cauda: tubular, straight. Anterior region: double-peaked, rostrum and antirostrum angled excisura moderately wide with moderately wide acute notch. Posterior region: round to double-peaked.
Class detected:Pterygotrigla macrorhynchus","Type: Sagittal. Side: Right otolith. Shape: pentagonal, entire to sinuate dorsal and crenate to sinuate ventral margins. Sulcus acusticus: heterosulcoid, ostio-caudal, median. Ostium: Funnel-like. Cauda: tubular, straight. Anterior region: double-peaked,rostrum angled and antirostrum angled excisura narrow with acute shallow notch. Posterior region:flattened."
AJ26L 1.6X.tif,pentagonal,Oval to elliptical,"Type: Sagittal. Side: Left otolith. Shape: Oval to elliptical, entire dorsal and entire ventral margins, Sulcus acusticus: homosulcoid, para-ostial, median. Ostium: tubular, Cauda: tubular, straight. Anterior region: peaked, rostrum and antirostrum poorly defined, notch absent. Posterior region: round.
Class detected:Uranoscopus sp","Type: Sagittal. Side: Left otolith. Shape: pentagonal, entire to sinuate dorsal and crenate to sinuate ventral margins. Sulcus acusticus: heterosulcoid, ostio-caudal, median. Ostium: Funnel-like. Cauda: tubular, straight. Anterior region: double-peaked,rostrum angled and antirostrum angled excisura narrow with acute shallow notch. Posterior region:double-peaked."
AJ28.tif,pentagonal,Hour-glass,"Type: Sagittal. Side: Right otolith. Shape: Hour-glass, entire dorsal and entire to crenate ventral margins. Sulcus acusticus: heterosulcoid, ostio-caudal, median. Ostium: Funnel-like. Cauda: tubular, straight. Anterior region: double-peaked, rostrum and antirostrum angled excisura moderately wide with moderately wide acute notch. Posterior region: round to double-peaked.
Class detected:Pterygotrigla macrorhynchus","Type: Sagittal. Side: Right otolith. Shape: pentagonal, entire to sinuate dorsal and entire to sinuate ventral margins. Sulcus acusticus: heterosulcoid, ostio-caudal, median. Ostium: Funnel-like. Cauda: tubular, straight. Anterior region: double-peaked,rostrum peaked and antirostrum angled, excisura moderately wide with acute shallow notch. Posterior region:round to angled."
AJ29R 1.6X.tif,discoidal to hour-glass,Hour-glass,"Type: Sagittal. Side: Right otolith. Shape: Hour-glass, entire dorsal and entire to crenate ventral margins. Sulcus acusticus: heterosulcoid, ostio-caudal, median. Ostium: Funnel-like. Cauda: tubular, straight. Anterior region: double-peaked, rostrum and antirostrum angled excisura moderately wide with moderately wide acute notch. Posterior region: round to double-peaked.
Class detected:Pterygotrigla macrorhynchus","Type: Sagittal. Side: Left otolith. Shape: discoidal to hour-glass, entire to sinuate dorsal and entire to crenate ventral margins. Sulcus acusticus: heterosulcoid, ostio-caudal, median. Ostium: Funnel-like. Cauda: tubular, straight. Anterior region: double-peaked,rostrum angled and antirostrum angled, excisura wide with acute shallow notch. Posterior region:double-peaked"
AJ35.tif,discoidal to hour-glass,Hour-glass,"Type: Sagittal. Side: Right otolith. Shape: Hour-glass, entire dorsal and entire to crenate ventral margins. Sulcus acusticus: heterosulcoid, ostio-caudal, median. Ostium: Funnel-like. Cauda: tubular, straight. Anterior region: double-peaked, rostrum and antirostrum angled excisura moderately wide with moderately wide acute notch. Posterior region: round to double-peaked.
Class detected:Pterygotrigla macrorhynchus","Type: Sagittal. Side: Right otolith. Shape: discoidal to hour-glass, entire to sinuate dorsal and entire to lobed ventral margins. Sulcus acusticus: heterosulcoid, ostio-caudal, median. Ostium: Funnel-like. Cauda: tubular, straight. Anterior region: double-peaked,rostrum angled and antirostrum angled, excisura narrow with acute shallow notch. Posterior region:double-peaked"
AJ38.tif,hour-glass,Hour-glass to rhomboidal,"Type: Sagittal. Side: Right otolith. Shape: Hour-glass to rhomboidal, entire dorsal and entire to crenate ventral margins. Sulcus acusticus: heterosulcoid, ostio-caudal, median. Ostium: Funnel-like. Cauda: tubular, straight. Anterior region: double-peaked, rostrum angled antirostrum angled, excisura moderately wide with moderately wide acute notch. Posterior region:  double-peaked.
Class detected:Pterygotrigla macrorhynchus","Type: Sagittal. Side: Right otolith. Shape: hour-glass, entire to sinuate dorsal and entire to crenate ventral margins. Sulcus acusticus: heterosulcoid, ostio-caudal, median. Ostium: Funnel-like. Cauda: tubular, straight. Anterior region: double-peaked,rostrum angled and antirostrum angled, excisura narrow with acute shallow notch. Posterior region:double-peaked"
AJ381.6XDORSAL4.tif,semicircular to hour-glass,Hour-glass,"Type: Sagittal. Side: Right otolith. Shape: Hour-glass, entire dorsal and entire to crenate ventral margins. Sulcus acusticus: heterosulcoid, ostio-caudal, median. Ostium: Funnel-like. Cauda: tubular, straight. Anterior region: double-peaked, rostrum angled antirostrum angled, excisura moderately wide with moderately wide acute notch. Posterior region:  double-peaked.
Class detected:Pterygotrigla macrorhynchus","Type: Sagittal. Side: Right otolith. Shape: semicircular to hour-glass, entire to sinuate dorsal and entire to serrate ventral margins. Sulcus acusticus: heterosulcoid, ostio-caudal, median. Ostium: Funnel-like. Cauda: tubular, straight. Anterior region: double-peaked,rostrum angled and antirostrum angled, excisura moderately wide with acute shallow notch. Posterior region:double-peaked"
AJ39.tif,squared to hour-glass,Hour-glass,"Type: Sagittal. Side: Right otolith. Shape: Hour-glass, entire dorsal and entire to crenate ventral margins. Sulcus acusticus: heterosulcoid, ostio-caudal, median. Ostium: Funnel-like. Cauda: tubular, straight. Anterior region: double-peaked, rostrum and antirostrum round excisura moderately wide with acute notch. Posterior region: double-peaked.
Class detected:Pterygotrigla macrorhynchus","Type: Sagittal. Side: Left otolith. Shape: squared to hour-glass, entire to sinuate dorsal and entire to sinuate ventral margins. Sulcus acusticus: heterosulcoid, ostio-caudal, median. Ostium: Funnel-like. Cauda: tubular, straight. Anterior region: double-peaked,rostrum angled and antirostrum angled, excisura narrow with acute shallow notch. Posterior region:double-peaked"
AJ4L.tif,Squared to oval,Rhomboidal,"Type: Sagittal. Side: Right otolith. Shape: Rhomboidal, entire dorsal and entire to crenate ventral margins. Sulcus acusticus: heterosulcoid, ostio-caudal, median. Ostium: Funnel-like. Cauda: tubular, straight. Anterior region: round, rostrum and antirostrum poorly defined. Posterior region: peaked.
Class detected:Pterygotrigla macrorhynchus","Type: Sagittal. Side: Not visible. Shape: Squared to oval, entire dorsal and crenate ventral margins. Sulcus acusticus: Not visible. Anterior region: round ,rostrum and antirostrum poorly defined, excisura and notch poorly defined. Posterior region:round."
AJ5L 1.6X.tif,discoidal,Fusiform,"Type: Sagittal. Side: Left otolith. Shape: Fusiform, sinuate dorsal and crenate ventral margins. Sulcus acusticus: heterosulcoid, ostial, median. Ostium: Funnel-like. Cauda: tubular, straight. Anterior region: double peaked, rostrum and antirostrum blunt excisura moderately wide with wide and shallow notch. Posterior region: blunt.
Class detected:Pterygotrigla arabica","Type: Sagittal. Side: Left otolith. Shape: discoidal, entire dorsal and crenate ventral margins. Sulcus acusticus: heterosulcoid, ostio-caudal, median. Ostium: Funnel-like. Cauda: tubular, straight. Anterior region: double-peaked,rostrum peaked and antirostrum angled excisura moderately wide with acute shallow notch. Posterior region:round."
AK40R 1.6X.tif,elliptical,elliptical to oval,"Type: Sagittal. Side: Right otolith. Shape: elliptical to oval, irregular dorsal and sinuate to crenate ventral margins. Sulcus acusticus: heterosulcoid, ostial, median. Ostium: funnel-like. Cauda: tubular, straight. Anterior region: double-peaked, rostrum and antirostrum blunt, excisura wide with poorly defined notch. Posterior region: irregular.
Class detected:Minous inermis","Type: Sagittal. Side: Right otolith. Shape: elliptical, lobed to dentate dorsal and sinuate to crenate ventral margins. Sulcus acusticus: heterosulcoid,ostial, median. Ostium: tubular. Cauda: tubular, straight. Anterior region: double-peaked, rostrum angled and antirostrum angled, excisura wide with wide, shallow notch. Posterior region: double-peaked."
AK41.tif,elliptical,elliptical to rhomboidal,"Type: Sagittal. Side: Right otolith. Shape: elliptical to rhomboidal, crenate to lobbed dorsal and sinuate to crenate ventral margins. Sulcus acusticus: heterosulcoid,ostial, median. Ostium: tubular. Cauda: tubular, straight. Anterior region: angled, rostrum and antirostrum poorly defined. Posterior region: angled.
Class detected:Satyrichthys laticeps","Type: Sagittal. Side: Right otolith. Shape: elliptical, lobed to irregular dorsal and lobed to crenate ventral margins. Sulcus acusticus: heterosulcoid,ostial, median. Ostium: tubular. Cauda: tubular, straight. Anterior region: angled, rostrum angled and antirostrum poorly defined, excisura and notch poorly defined. Posterior region: double-peaked."
AK42.tif,elliptical,elliptical to rhomboidal,"Type: Sagittal. Side: Left otolith. Shape: elliptical to rhomboidal, crenate to lobbed dorsal and sinuate to crenate ventral margins. Sulcus acusticus: heterosulcoid,ostial, median. Ostium: tubular. Cauda: tubular, straight. Anterior region: double peaked, rostrum and antirostrum poorly defined. Posterior region: angled.
Class detected:Satyrichthys laticeps","Type: Sagittal. Side: Right otolith. Shape: elliptical, lobed to irregular dorsal and sinuate to crenate ventral margins. Sulcus acusticus: heterosulcoid,ostial, median. Ostium: tubular. Cauda: tubular, straight. Anterior region: double-peaked, rostrum peaked and antirostrum angled, excisura narrow with wide shallow notch. Posterior region: double-peaked."
AK45.tif,elliptical to hour-glass,elliptical to rhomboidal,"Type: Sagittal. Side: Right otolith. Shape: elliptical to rhomboidal, crenate to lobbed dorsal and sinuate ventral margins. Sulcus acusticus: heterosulcoid,ostial, median. Ostium: tubular. Cauda: tubular, straight. Anterior region: double peaked, rostrum and antirostrum poorly defined. Posterior region: slightly double peaked.
Class detected:Satyrichthys laticeps","Type: Sagittal. Side: Right otolith. Shape: elliptical to hour-glass, lobed to dentate dorsal and sinuate to lobed ventral margins. Sulcus acusticus: heterosulcoid,ostial, median. Ostium: tubular. Cauda: tubular, straight. Anterior region: double-peaked, rostrum angled and antirostrum angled, excisura narrow with acute deep notch. Posterior region: double-peaked."
AK541.6XDORSAL7.tif,elliptical,elliptical to rhomboidal,"Type: Sagittal. Side: Right otolith. Shape: elliptical to rhomboidal, crenate to lobbed dorsal, and sinuate to crenate ventral margins. Sulcus acusticus: heterosulcoid,ostial, median. Ostium: tubular. Cauda: tubular, straight.Anterior region: angled, rostrum and antirostrum poorly defined. Posterior region: angled.
Class detected:Satyrichthys laticeps","Type: Sagittal. Side: Left otolith. Shape: elliptical, lobed to serrate dorsal and dentate to lobed ventral margins. Sulcus acusticus: heterosulcoid,ostial, median. Ostium: tubular. Cauda: tubular, straight. Anterior region: double-peaked, rostrum round and antirostrum angled or poorly defined, excisura narrow with acute shallow notch or poorly defined. Posterior region: angled."
Setarches guenthari_Sp13_L (1).tif,fusiform to lancelolated,fusiform to lanceolated,"Type: Sagittal. Side: Left otolith. Shape: fusiform to lanceolated, sinuate to lobed dorsal and sinuate to lobed ventral margins. Sulcus acusticus: pseudo-archaesulcoid, ostial, median. Ostium: discoidal. Cauda: tubular, straight. Anterior region: angled to double-peaked, rostrum and antirostrum blunt, excisura wide with acute, deep notch. Posterior region: blunt to round.
Class detected:Setarches guentheri","Type: Sagittal, Side: Left otolith. Shape: fusiform to lancelolated. entire to sinuate dorsal and entire to irregular ventral margins. Sulcus acusticus: pseudo-archaesulcoid, ostial, median. Ostium: discoidal. Cauda: tubular, straight. Anterior region: angled to double peaked, rostrum and antirostrum blunt, excisura wide with moderately wide, deep notch. Posterior region: irregular."
Setarches guenthari_Sp13_L (2).tif,fusiform to lancelolated,fusiform to lanceolated,"Type: Sagittal. Side: Left otolith. Shape: fusiform to lanceolated, sinuate to lobed dorsal and sinuate to lobed ventral margins. Sulcus acusticus: pseudo-archaesulcoid, ostial, median. Ostium: discoidal. Cauda: tubular, straight. Anterior region: angled to double-peaked, rostrum and antirostrum blunt, excisura wide with acute, deep notch. Posterior region: blunt to round.
Class detected:Setarches guentheri","Type: Sagittal, Side: Left otolith. Shape: fusiform to lancelolated. entire to sinuate dorsal and entire to irregular ventral margins. Sulcus acusticus: pseudo-archaesulcoid, ostial, median. Ostium: discoidal. Cauda: tubular, straight. Anterior region: angled to double peaked, rostrum and antirostrum blunt, excisura wide with moderately wide, deep notch. Posterior region: irregular."
Setarches guenthari_Sp13_L (3).tif,fusiform to lancelolated,fusiform to lanceolated,"Type: Sagittal. Side: Left otolith. Shape: fusiform to lanceolated, sinuate to lobed dorsal and sinuate to lobed ventral margins. Sulcus acusticus: pseudo-archaesulcoid, ostial, median. Ostium: discoidal. Cauda: tubular, straight. Anterior region: angled to double-peaked, rostrum and antirostrum blunt, excisura wide with acute, deep notch. Posterior region: blunt to round.
Class detected:Setarches guentheri","Type: Sagittal, Side: Left otolith. Shape: fusiform to lancelolated. entire to sinuate dorsal and entire to irregular ventral margins. Sulcus acusticus: pseudo-archaesulcoid, ostial, median. Ostium: discoidal. Cauda: tubular, straight. Anterior region: angled to double peaked, rostrum and antirostrum blunt, excisura wide with moderately wide, deep notch. Posterior region: irregular."
Setarches guenthari_Sp13_L (4).tif,fusiform to lancelolated,fusiform to lanceolated,"Type: Sagittal. Side: Left otolith. Shape: fusiform to lanceolated, sinuate to lobed dorsal and sinuate to lobed ventral margins. Sulcus acusticus: pseudo-archaesulcoid, ostial, median. Ostium: discoidal. Cauda: tubular, straight. Anterior region: angled to double-peaked, rostrum and antirostrum blunt, excisura wide with acute, deep notch. Posterior region: blunt to round.
Class detected:Setarches guentheri","Type: Sagittal, Side: Left otolith. Shape: fusiform to lancelolated. entire to sinuate dorsal and entire to irregular ventral margins. Sulcus acusticus: pseudo-archaesulcoid, ostial, median. Ostium: discoidal. Cauda: tubular, straight. Anterior region: angled to double peaked, rostrum and antirostrum blunt, excisura wide with moderately wide, deep notch. Posterior region: irregular."
Setarches guenthari_Sp13_L (5).tif,fusiform to lancelolated,fusiform to lanceolated,"Type: Sagittal. Side: Left otolith. Shape: fusiform to lanceolated, sinuate dorsal and sinuate to lobed ventral margins. Sulcus acusticus: pseudo-archaesulcoid, ostial, median. Ostium: discoidal. Cauda: tubular, straight. Anterior region: angled to double-peaked, rostrum and antirostrum blunt, excisura wide with acute, deep notch. Posterior region: blunt to round.
Class detected:Setarches guentheri","Type: Sagittal, Side: Left otolith. Shape: fusiform to lancelolated. entire to sinuate dorsal and entire to irregular ventral margins. Sulcus acusticus: pseudo-archaesulcoid, ostial, median. Ostium: discoidal. Cauda: tubular, straight. Anterior region: angled to double peaked, rostrum and antirostrum blunt, excisura wide with moderately wide, deep notch. Posterior region: irregular."
Setarches guenthari_Sp13_L (6).tif,fusiform to lancelolated,fusiform to lanceolated,"Type: Sagittal. Side: Left otolith. Shape: fusiform to lanceolated, entire to sinuate dorsal and sinuate to lobed ventral margins. Sulcus acusticus: pseudo-archaesulcoid, ostial, median. Ostium: discoidal. Cauda: tubular, straight. Anterior region: angled to double-peaked, rostrum and antirostrum blunt, excisura wide with acute, deep notch. Posterior region: blunt.
Class detected:Setarches guentheri","Type: Sagittal, Side: Left otolith. Shape: fusiform to lancelolated. entire to sinuate dorsal and entire to irregular ventral margins. Sulcus acusticus: pseudo-archaesulcoid, ostial, median. Ostium: discoidal. Cauda: tubular, straight. Anterior region: angled to double peaked, rostrum and antirostrum blunt, excisura wide with moderately wide, deep notch. Posterior region: irregular."
Setarches guenthari_Sp13_L (7).tif,fusiform to lancelolated,fusiform to lanceolated,"Type: Sagittal. Side: Left otolith. Shape: fusiform to lanceolated, entire to sinuate dorsal and entire to sinuate ventral margins. Sulcus acusticus: pseudo-archaesulcoid, ostial, median. Ostium: discoidal. Cauda: tubular, straight. Anterior region: angled to double-peaked, rostrum and antirostrum blunt, excisura wide with acute, deep notch. Posterior region: blunt.
Class detected:Setarches guentheri","Type: Sagittal, Side: Left otolith. Shape: fusiform to lancelolated. entire to sinuate dorsal and entire to irregular ventral margins. Sulcus acusticus: pseudo-archaesulcoid, ostial, median. Ostium: discoidal. Cauda: tubular, straight. Anterior region: angled to double peaked, rostrum and antirostrum blunt, excisura wide with moderately wide, deep notch. Posterior region: irregular."
Setarches guenthari_Sp13_R (1).tif,fusiform to lancelolated,fusiform to lanceolated,"Type: Sagittal. Side: Right otolith. Shape: fusiform to lanceolated, entire to sinuate dorsal and entire to sinuate ventral margins. Sulcus acusticus: pseudo-archaesulcoid, ostial, median. Ostium: discoidal. Cauda: tubular, straight. Anterior region: angled to double-peaked, rostrum and antirostrum blunt, excisura wide with acute, deep notch. Posterior region: blunt to round.
Class detected:Setarches guentheri","Type: Sagittal, Side: Right otolith. Shape: fusiform to lancelolated. sinuate dorsal and entire to sinuate ventral margins. Sulcus acusticus: pseudo-archaesulcoid, ostial, median. Ostium: discoidal. Cauda: tubular, straight. Anterior region: angled to double peaked, rostrum and antirostrum blunt, excisura wide with moderately wide, deep notch. Posterior region: blunt."
Setarches guenthari_Sp13_R (2).tif,fusiform to lancelolated,fusiform to lanceolated,"Type: Sagittal. Side: Right otolith. Shape: fusiform to lanceolated, irregular to sinuate dorsal and sinuate to lobed ventral margins. Sulcus acusticus: pseudo-archaesulcoid, ostial, median. Ostium: discoidal. Cauda: tubular, straight. Anterior region: angled to double-peaked, rostrum and antirostrum blunt, excisura wide with acute, deep notch. Posterior region: blunt to double-peaked.
Class detected:Setarches guentheri","Type: Sagittal, Side: Right otolith. Shape: fusiform to lancelolated. sinuate dorsal and entire to sinuate ventral margins. Sulcus acusticus: pseudo-archaesulcoid, ostial, median. Ostium: discoidal. Cauda: tubular, straight. Anterior region: angled to double peaked, rostrum and antirostrum blunt, excisura wide with moderately wide, deep notch. Posterior region: blunt."
Setarches guenthari_Sp13_R (3).tif,fusiform to lancelolated,fusiform to lanceolated,"Type: Sagittal. Side: Right otolith. Shape: fusiform to lanceolated, irregular to sinuate dorsal and sinuate to lobed ventral margins. Sulcus acusticus: pseudo-archaesulcoid, ostial, median. Ostium: discoidal. Cauda: tubular, straight. Anterior region: angled to double-peaked, rostrum and antirostrum blunt, excisura wide with acute, deep notch. Posterior region: blunt to double-peaked.
Class detected:Setarches guentheri","Type: Sagittal, Side: Right otolith. Shape: fusiform to lancelolated. sinuate dorsal and entire to sinuate ventral margins. Sulcus acusticus: pseudo-archaesulcoid, ostial, median. Ostium: discoidal. Cauda: tubular, straight. Anterior region: angled to double peaked, rostrum and antirostrum blunt, excisura wide with moderately wide, deep notch. Posterior region: blunt."
Setarches guenthari_Sp13_R (4).tif,fusiform to lancelolated,fusiform to lanceolated,"Type: Sagittal. Side: Right otolith. Shape: fusiform to lanceolated, sinuate to lobed dorsal and sinuate to dentate ventral margins. Sulcus acusticus: pseudo-archaesulcoid, ostial, median. Ostium: discoidal. Cauda: tubular, straight. Anterior region: angled to double-peaked, rostrum and antirostrum blunt, excisura wide with acute, deep notch. Posterior region: blunt to round.
Class detected:Setarches guentheri","Type: Sagittal, Side: Right otolith. Shape: fusiform to lancelolated. sinuate dorsal and entire to sinuate ventral margins. Sulcus acusticus: pseudo-archaesulcoid, ostial, median. Ostium: discoidal. Cauda: tubular, straight. Anterior region: angled to double peaked, rostrum and antirostrum blunt, excisura wide with moderately wide, deep notch. Posterior region: blunt."
Setarches guenthari_Sp13_R (5).tif,fusiform to lancelolated,fusiform to lanceolated,"Type: Sagittal. Side: Right otolith. Shape: fusiform to lanceolated, irregular to sinuate dorsal and sinuate to lobed ventral margins. Sulcus acusticus: pseudo-archaesulcoid, ostial, median. Ostium: discoidal. Cauda: tubular, straight. Anterior region: angled to double-peaked, rostrum and antirostrum blunt, excisura wide with acute, deep notch. Posterior region: blunt to double-peaked.
Class detected:Setarches guentheri","Type: Sagittal, Side: Right otolith. Shape: fusiform to lancelolated. sinuate dorsal and entire to sinuate ventral margins. Sulcus acusticus: pseudo-archaesulcoid, ostial, median. Ostium: discoidal. Cauda: tubular, straight. Anterior region: angled to double peaked, rostrum and antirostrum blunt, excisura wide with moderately wide, deep notch. Posterior region: blunt."
Setarches guenthari_Sp13_R (6).tif,fusiform to lancelolated,fusiform to lanceolated,"Type: Sagittal. Side: Right otolith. Shape: fusiform to lanceolated, sinuate dorsal and sinuate to lobed ventral margins. Sulcus acusticus: pseudo-archaesulcoid, ostial, median. Ostium: discoidal. Cauda: tubular, straight. Anterior region: angled to double-peaked, rostrum and antirostrum blunt, excisura wide with acute, deep notch. Posterior region: blunt to round.
Class detected:Setarches guentheri","Type: Sagittal, Side: Right otolith. Shape: fusiform to lancelolated. sinuate dorsal and entire to sinuate ventral margins. Sulcus acusticus: pseudo-archaesulcoid, ostial, median. Ostium: discoidal. Cauda: tubular, straight. Anterior region: angled to double peaked, rostrum and antirostrum blunt, excisura wide with moderately wide, deep notch. Posterior region: blunt."
Setarches guenthari_Sp14_L (1).tif,fusiform to lancelolated,fusiform to lanceolated,"Type: Sagittal. Side: Left otolith. Shape: fusiform to lanceolated, entire to sinuate dorsal and sinuate to lobed ventral margins. Sulcus acusticus: pseudo-archaesulcoid, ostial, median. Ostium: discoidal. Cauda: tubular, straight. Anterior region: angled to double-peaked, rostrum and antirostrum blunt, excisura wide with acute, deep notch. Posterior region: blunt.
Class detected:Setarches guentheri","Type: Sagittal, Side: Left otolith. Shape: fusiform to lancelolated. sinuate dorsal and entire to sinuate ventral margins. Sulcus acusticus: pseudo-archaesulcoid, ostial, median. Ostium: discoidal. Cauda: tubular, straight. Anterior region: angled to double peaked, rostrum and antirostrum blunt, excisura wide with acute, deep notch. Posterior region: flattened."
Setarches guenthari_Sp14_L (2).tif,fusiform to lancelolated,fusiform to lanceolated,"Type: Sagittal. Side: Left otolith. Shape: fusiform to lanceolated, entire to sinuate dorsal and sinuate to lobed ventral margins. Sulcus acusticus: pseudo-archaesulcoid, ostial, median. Ostium: discoidal. Cauda: tubular, straight. Anterior region: angled to double-peaked, rostrum and antirostrum blunt, excisura wide with acute, deep notch. Posterior region: blunt.
Class detected:Setarches guentheri","Type: Sagittal, Side: Left otolith. Shape: fusiform to lancelolated. sinuate dorsal and entire to sinuate ventral margins. Sulcus acusticus: pseudo-archaesulcoid, ostial, median. Ostium: discoidal. Cauda: tubular, straight. Anterior region: angled to double peaked, rostrum and antirostrum blunt, excisura wide with acute, deep notch. Posterior region: flattened."
Setarches guenthari_Sp14_L (3).tif,fusiform to lancelolated,fusiform to lanceolated,"Type: Sagittal. Side: Left otolith. Shape: fusiform to lanceolated, entire to sinuate dorsal and sinuate to lobed ventral margins. Sulcus acusticus: pseudo-archaesulcoid, ostial, median. Ostium: discoidal. Cauda: tubular, straight. Anterior region: angled to double-peaked, rostrum and antirostrum blunt, excisura wide with acute, deep notch. Posterior region: blunt.
Class detected:Setarches guentheri","Type: Sagittal, Side: Left otolith. Shape: fusiform to lancelolated. sinuate dorsal and entire to sinuate ventral margins. Sulcus acusticus: pseudo-archaesulcoid, ostial, median. Ostium: discoidal. Cauda: tubular, straight. Anterior region: angled to double peaked, rostrum and antirostrum blunt, excisura wide with acute, deep notch. Posterior region: flattened."
Setarches guenthari_Sp14_L (4).tif,fusiform to lancelolated,fusiform to lanceolated,"Type: Sagittal. Side: Left otolith. Shape: fusiform to lanceolated, sinuate to lobed dorsal and sinuate to lobed ventral margins. Sulcus acusticus: pseudo-archaesulcoid, ostial, median. Ostium: discoidal. Cauda: tubular, straight. Anterior region: angled to double-peaked, rostrum and antirostrum blunt, excisura wide with acute, deep notch. Posterior region: blunt to round.
Class detected:Setarches guentheri","Type: Sagittal, Side: Left otolith. Shape: fusiform to lancelolated. sinuate dorsal and entire to sinuate ventral margins. Sulcus acusticus: pseudo-archaesulcoid, ostial, median. Ostium: discoidal. Cauda: tubular, straight. Anterior region: angled to double peaked, rostrum and antirostrum blunt, excisura wide with acute, deep notch. Posterior region: flattened."
Setarches guenthari_Sp14_L (5).tif,fusiform to lancelolated,fusiform to lanceolated,"Type: Sagittal. Side: Left otolith. Shape: fusiform to lanceolated, sinuate to lobed dorsal and sinuate to lobed ventral margins. Sulcus acusticus: pseudo-archaesulcoid, ostial, median. Ostium: discoidal. Cauda: tubular, straight. Anterior region: angled to double-peaked, rostrum and antirostrum blunt, excisura wide with acute, deep notch. Posterior region: blunt to round.
Class detected:Setarches guentheri","Type: Sagittal, Side: Left otolith. Shape: fusiform to lancelolated. sinuate dorsal and entire to sinuate ventral margins. Sulcus acusticus: pseudo-archaesulcoid, ostial, median. Ostium: discoidal. Cauda: tubular, straight. Anterior region: angled to double peaked, rostrum and antirostrum blunt, excisura wide with acute, deep notch. Posterior region: flattened."
Setarches guenthari_Sp14_L (6).tif,fusiform to lancelolated,fusiform to lanceolated,"Type: Sagittal. Side: Left otolith. Shape: fusiform to lanceolated, sinuate to lobed dorsal and sinuate to lobed ventral margins. Sulcus acusticus: pseudo-archaesulcoid, ostial, median. Ostium: discoidal. Cauda: tubular, straight. Anterior region: angled to double-peaked, rostrum and antirostrum blunt, excisura wide with acute, deep notch. Posterior region: blunt to round.
Class detected:Setarches guentheri","Type: Sagittal, Side: Left otolith. Shape: fusiform to lancelolated. sinuate dorsal and entire to sinuate ventral margins. Sulcus acusticus: pseudo-archaesulcoid, ostial, median. Ostium: discoidal. Cauda: tubular, straight. Anterior region: angled to double peaked, rostrum and antirostrum blunt, excisura wide with acute, deep notch. Posterior region: flattened."
Setarches guenthari_Sp14_L (7).tif,fusiform to lancelolated,fusiform to lanceolated,"Type: Sagittal. Side: Left otolith. Shape: fusiform to lanceolated, entire to sinuate dorsal and sinuate to lobed ventral margins. Sulcus acusticus: pseudo-archaesulcoid, ostial, median. Ostium: discoidal. Cauda: tubular, straight. Anterior region: angled to double-peaked, rostrum and antirostrum blunt, excisura wide with acute, deep notch. Posterior region: blunt.
Class detected:Setarches guentheri","Type: Sagittal, Side: Left otolith. Shape: fusiform to lancelolated. sinuate dorsal and entire to sinuate ventral margins. Sulcus acusticus: pseudo-archaesulcoid, ostial, median. Ostium: discoidal. Cauda: tubular, straight. Anterior region: angled to double peaked, rostrum and antirostrum blunt, excisura wide with acute, deep notch. Posterior region: flattened."
Setarches guenthari_Sp14_L (8).tif,fusiform to lancelolated,fusiform to lanceolated,"Type: Sagittal. Side: Left otolith. Shape: fusiform to lanceolated, entire to sinuate dorsal and sinuate to lobed ventral margins. Sulcus acusticus: pseudo-archaesulcoid, ostial, median. Ostium: discoidal. Cauda: tubular, straight. Anterior region: angled to double-peaked, rostrum and antirostrum blunt, excisura wide with acute, deep notch. Posterior region: blunt.
Class detected:Setarches guentheri","Type: Sagittal, Side: Left otolith. Shape: fusiform to lancelolated. sinuate dorsal and entire to sinuate ventral margins. Sulcus acusticus: pseudo-archaesulcoid, ostial, median. Ostium: discoidal. Cauda: tubular, straight. Anterior region: angled to double peaked, rostrum and antirostrum blunt, excisura wide with acute, deep notch. Posterior region: flattened."
Setarches guenthari_Sp14_R (1).tif,fusiform to lancelolated,fusiform to lanceolated,"Type: Sagittal. Side: Right otolith. Shape: fusiform to lanceolated, entire to sinuate dorsal and sinuate to lobed ventral margins. Sulcus acusticus: pseudo-archaesulcoid, ostial, median. Ostium: discoidal. Cauda: tubular, straight. Anterior region: angled to double-peaked, rostrum and antirostrum blunt, excisura wide with acute, deep notch. Posterior region: blunt to round.
Class detected:Setarches guentheri","Type: Sagittal, Side: Right otolith. Shape: fusiform to lancelolated. sinuate dorsal and sinuate to dentate  ventral margins. Sulcus acusticus: pseudo-archaesulcoid, ostial, median. Ostium: discoidal. Cauda: tubular, straight. Anterior region: angled to double peaked, rostrum and antirostrum blunt, excisura wide with acute, deep notch. Posterior region: flattened to irregular."
Setarches guenthari_Sp14_R (2).tif,fusiform to lancelolated,fusiform to lanceolated,"Type: Sagittal. Side: Right otolith. Shape: fusiform to lanceolated, sinuate dorsal and sinuate to lobed ventral margins. Sulcus acusticus: pseudo-archaesulcoid, ostial, median. Ostium: discoidal. Cauda: tubular, straight. Anterior region: angled to double-peaked, rostrum and antirostrum blunt, excisura wide with acute, deep notch. Posterior region: blunt to round.
Class detected:Setarches guentheri","Type: Sagittal, Side: Right otolith. Shape: fusiform to lancelolated. sinuate dorsal and sinuate to dentate  ventral margins. Sulcus acusticus: pseudo-archaesulcoid, ostial, median. Ostium: discoidal. Cauda: tubular, straight. Anterior region: angled to double peaked, rostrum and antirostrum blunt, excisura wide with acute, deep notch. Posterior region: flattened to irregular."
Setarches guenthari_Sp14_R (3).tif,fusiform to lancelolated,fusiform to lanceolated,"Type: Sagittal. Side: Right otolith. Shape: fusiform to lanceolated, sinuate to lobed dorsal and sinuate to crenate ventral margins. Sulcus acusticus: pseudo-archaesulcoid, ostial, median. Ostium: discoidal. Cauda: tubular, straight. Anterior region: angled to double-peaked, rostrum and antirostrum blunt, excisura wide with acute, deep notch. Posterior region: blunt to round.
Class detected:Setarches guentheri","Type: Sagittal, Side: Right otolith. Shape: fusiform to lancelolated. sinuate dorsal and sinuate to dentate  ventral margins. Sulcus acusticus: pseudo-archaesulcoid, ostial, median. Ostium: discoidal. Cauda: tubular, straight. Anterior region: angled to double peaked, rostrum and antirostrum blunt, excisura wide with acute, deep notch. Posterior region: flattened to irregular."
Setarches guenthari_Sp14_R (4).tif,fusiform to lancelolated,fusiform to lanceolated,"Type: Sagittal. Side: Right otolith. Shape: fusiform to lanceolated, entire to sinuate dorsal and sinuate to lobed ventral margins. Sulcus acusticus: pseudo-archaesulcoid, ostial, median. Ostium: discoidal. Cauda: tubular, straight. Anterior region: angled to double-peaked, rostrum and antirostrum blunt, excisura wide with acute, deep notch. Posterior region: blunt to round.
Class detected:Setarches guentheri","Type: Sagittal, Side: Right otolith. Shape: fusiform to lancelolated. sinuate dorsal and sinuate to dentate  ventral margins. Sulcus acusticus: pseudo-archaesulcoid, ostial, median. Ostium: discoidal. Cauda: tubular, straight. Anterior region: angled to double peaked, rostrum and antirostrum blunt, excisura wide with acute, deep notch. Posterior region: flattened to irregular."
Setarches guenthari_Sp14_R (5).tif,fusiform to lancelolated,fusiform to lanceolated,"Type: Sagittal. Side: Right otolith. Shape: fusiform to lanceolated, sinuate to lobed dorsal and sinuate to crenate ventral margins. Sulcus acusticus: pseudo-archaesulcoid, ostial, median. Ostium: discoidal. Cauda: tubular, straight. Anterior region: angled to double-peaked, rostrum and antirostrum blunt, excisura wide with acute, deep notch. Posterior region: blunt to round.
Class detected:Setarches guentheri","Type: Sagittal, Side: Right otolith. Shape: fusiform to lancelolated. sinuate dorsal and sinuate to dentate  ventral margins. Sulcus acusticus: pseudo-archaesulcoid, ostial, median. Ostium: discoidal. Cauda: tubular, straight. Anterior region: angled to double peaked, rostrum and antirostrum blunt, excisura wide with acute, deep notch. Posterior region: flattened to irregular."
Setarches guenthari_Sp14_R (6).tif,fusiform to lancelolated,fusiform to lanceolated,"Type: Sagittal. Side: Right otolith. Shape: fusiform to lanceolated, entire to sinuate dorsal and sinuate to lobed ventral margins. Sulcus acusticus: pseudo-archaesulcoid, ostial, median. Ostium: discoidal. Cauda: tubular, straight. Anterior region: angled to double-peaked, rostrum and antirostrum blunt, excisura wide with acute, deep notch. Posterior region: blunt.
Class detected:Setarches guentheri","Type: Sagittal, Side: Right otolith. Shape: fusiform to lancelolated. sinuate dorsal and sinuate to dentate  ventral margins. Sulcus acusticus: pseudo-archaesulcoid, ostial, median. Ostium: discoidal. Cauda: tubular, straight. Anterior region: angled to double peaked, rostrum and antirostrum blunt, excisura wide with acute, deep notch. Posterior region: flattened to irregular."
Setarches guenthari_Sp14_R (7).tif,fusiform to lancelolated,fusiform to lanceolated,"Type: Sagittal. Side: Right otolith. Shape: fusiform to lanceolated, entire to sinuate dorsal and sinuate to lobed ventral margins. Sulcus acusticus: pseudo-archaesulcoid, ostial, median. Ostium: discoidal. Cauda: tubular, straight. Anterior region: angled to double-peaked, rostrum and antirostrum blunt, excisura wide with acute, deep notch. Posterior region: blunt.
Class detected:Setarches guentheri","Type: Sagittal, Side: Right otolith. Shape: fusiform to lancelolated. sinuate dorsal and sinuate to dentate  ventral margins. Sulcus acusticus: pseudo-archaesulcoid, ostial, median. Ostium: discoidal. Cauda: tubular, straight. Anterior region: angled to double peaked, rostrum and antirostrum blunt, excisura wide with acute, deep notch. Posterior region: flattened to irregular."
Setarches guenthari_Sp15_L (1).tif,fusiform to lancelolated,fusiform to lanceolated,"Type: Sagittal. Side: Left otolith. Shape: fusiform to lanceolated, sinuate to irregular dorsal and sinuate to lobed ventral margins. Sulcus acusticus: pseudo-archaesulcoid, ostial, median. Ostium: discoidal. Cauda: tubular, straight. Anterior region: angled to double-peaked, rostrum and antirostrum blunt, excisura wide with acute, deep notch. Posterior region: blunt to round.
Class detected:Setarches guentheri","Type: Sagittal, Side: Left otolith. Shape: fusiform to lancelolated. sinuate to lobed dorsal and sinuate to lobed ventral margins. Sulcus acusticus: pseudo-archaesulcoid, ostial, median. Ostium: discoidal. Cauda: tubular, straight. Anterior region: angled to double peaked, rostrum and antirostrum blunt, excisura wide with acute, deep notch. Posterior region: blunt."
Setarches guenthari_Sp15_L (2).tif,fusiform to lancelolated,fusiform to lanceolated,"Type: Sagittal. Side: Left otolith. Shape: fusiform to lanceolated, sinuate to irregular dorsal and sinuate to lobed ventral margins. Sulcus acusticus: pseudo-archaesulcoid, ostial, median. Ostium: discoidal. Cauda: tubular, straight. Anterior region: angled to double-peaked, rostrum and antirostrum blunt, excisura wide with acute, deep notch. Posterior region: blunt to round.
Class detected:Setarches guentheri","Type: Sagittal, Side: Left otolith. Shape: fusiform to lancelolated. sinuate to lobed dorsal and sinuate to lobed ventral margins. Sulcus acusticus: pseudo-archaesulcoid, ostial, median. Ostium: discoidal. Cauda: tubular, straight. Anterior region: angled to double peaked, rostrum and antirostrum blunt, excisura wide with acute, deep notch. Posterior region: blunt."
Setarches guenthari_Sp15_L (3).tif,fusiform to lancelolated,fusiform to lanceolated,"Type: Sagittal. Side: Left otolith. Shape: fusiform to lanceolated, sinuate to irregular dorsal and sinuate to lobed ventral margins. Sulcus acusticus: pseudo-archaesulcoid, ostial, median. Ostium: discoidal. Cauda: tubular, straight. Anterior region: angled to double-peaked, rostrum and antirostrum blunt, excisura wide with acute, deep notch. Posterior region: blunt to round.
Class detected:Setarches guentheri","Type: Sagittal, Side: Left otolith. Shape: fusiform to lancelolated. sinuate to lobed dorsal and sinuate to lobed ventral margins. Sulcus acusticus: pseudo-archaesulcoid, ostial, median. Ostium: discoidal. Cauda: tubular, straight. Anterior region: angled to double peaked, rostrum and antirostrum blunt, excisura wide with acute, deep notch. Posterior region: blunt."
Setarches guenthari_Sp15_L (4).tif,fusiform to lancelolated,fusiform to lanceolated,"Type: Sagittal. Side: Left otolith. Shape: fusiform to lanceolated, sinuate to irregular dorsal and sinuate to lobed ventral margins. Sulcus acusticus: pseudo-archaesulcoid, ostial, median. Ostium: discoidal. Cauda: tubular, straight. Anterior region: angled to double-peaked, rostrum and antirostrum blunt, excisura wide with acute, deep notch. Posterior region: blunt to round.
Class detected:Setarches guentheri","Type: Sagittal, Side: Left otolith. Shape: fusiform to lancelolated. sinuate to lobed dorsal and sinuate to lobed ventral margins. Sulcus acusticus: pseudo-archaesulcoid, ostial, median. Ostium: discoidal. Cauda: tubular, straight. Anterior region: angled to double peaked, rostrum and antirostrum blunt, excisura wide with acute, deep notch. Posterior region: blunt."
Setarches guenthari_Sp15_L (5).tif,fusiform to lancelolated,fusiform to lanceolated,"Type: Sagittal. Side: Left otolith. Shape: fusiform to lanceolated, sinuate to lobed dorsal and sinuate to lobed ventral margins. Sulcus acusticus: pseudo-archaesulcoid, ostial, median. Ostium: discoidal. Cauda: tubular, straight. Anterior region: angled to double-peaked, rostrum and antirostrum blunt, excisura wide with acute, deep notch. Posterior region: blunt to round.
Class detected:Setarches guentheri","Type: Sagittal, Side: Left otolith. Shape: fusiform to lancelolated. sinuate to lobed dorsal and sinuate to lobed ventral margins. Sulcus acusticus: pseudo-archaesulcoid, ostial, median. Ostium: discoidal. Cauda: tubular, straight. Anterior region: angled to double peaked, rostrum and antirostrum blunt, excisura wide with acute, deep notch. Posterior region: blunt."
Setarches guenthari_Sp15_R (1).tif,fusiform to lancelolated,fusiform to lanceolated,"Type: Sagittal. Side: Right otolith. Shape: fusiform to lanceolated, sinuate dorsal and sinuate to lobed ventral margins. Sulcus acusticus: pseudo-archaesulcoid, ostial, median. Ostium: discoidal. Cauda: tubular, straight. Anterior region: angled to double-peaked, rostrum and antirostrum blunt, excisura wide with acute, deep notch. Posterior region: blunt to round.
Class detected:Setarches guentheri","Type: Sagittal, Side: Right otolith. Shape: fusiform to lancelolated. sinuate to irregular dorsal and sinuate to lobed ventral margins. Sulcus acusticus: pseudo-archaesulcoid, ostial, median. Ostium: discoidal. Cauda: tubular, straight. Anterior region: angled to double peaked, rostrum and antirostrum blunt, excisura wide with acute, deep notch. Posterior region: blunt to round."
Setarches guenthari_Sp15_R (2).tif,fusiform to lancelolated,fusiform to lanceolated,"Type: Sagittal. Side: Right otolith. Shape: fusiform to lanceolated, sinuate to irregular dorsal and sinuate to lobed ventral margins. Sulcus acusticus: pseudo-archaesulcoid, ostial, median. Ostium: discoidal. Cauda: tubular, straight. Anterior region: angled to double-peaked, rostrum and antirostrum blunt, excisura wide with acute, deep notch. Posterior region: blunt to round.
Class detected:Setarches guentheri","Type: Sagittal, Side: Right otolith. Shape: fusiform to lancelolated. sinuate to irregular dorsal and sinuate to lobed ventral margins. Sulcus acusticus: pseudo-archaesulcoid, ostial, median. Ostium: discoidal. Cauda: tubular, straight. Anterior region: angled to double peaked, rostrum and antirostrum blunt, excisura wide with acute, deep notch. Posterior region: blunt to round."
Setarches guenthari_Sp15_R (3).tif,fusiform to lancelolated,fusiform to lanceolated,"Type: Sagittal. Side: Right otolith. Shape: fusiform to lanceolated, sinuate dorsal and sinuate to lobed ventral margins. Sulcus acusticus: pseudo-archaesulcoid, ostial, median. Ostium: discoidal. Cauda: tubular, straight. Anterior region: angled to double-peaked, rostrum and antirostrum blunt, excisura wide with acute, deep notch. Posterior region: blunt to round.
Class detected:Setarches guentheri","Type: Sagittal, Side: Right otolith. Shape: fusiform to lancelolated. sinuate to irregular dorsal and sinuate to lobed ventral margins. Sulcus acusticus: pseudo-archaesulcoid, ostial, median. Ostium: discoidal. Cauda: tubular, straight. Anterior region: angled to double peaked, rostrum and antirostrum blunt, excisura wide with acute, deep notch. Posterior region: blunt to round."
Setarches guenthari_Sp15_R (4).tif,fusiform to lancelolated,fusiform to lanceolated,"Type: Sagittal. Side: Right otolith. Shape: fusiform to lanceolated, entire to sinuate dorsal and sinuate to lobed ventral margins. Sulcus acusticus: pseudo-archaesulcoid, ostial, median. Ostium: discoidal. Cauda: tubular, straight. Anterior region: angled to double-peaked, rostrum and antirostrum blunt, excisura wide with acute, deep notch. Posterior region: blunt to round.
Class detected:Setarches guentheri","Type: Sagittal, Side: Right otolith. Shape: fusiform to lancelolated. sinuate to irregular dorsal and sinuate to lobed ventral margins. Sulcus acusticus: pseudo-archaesulcoid, ostial, median. Ostium: discoidal. Cauda: tubular, straight. Anterior region: angled to double peaked, rostrum and antirostrum blunt, excisura wide with acute, deep notch. Posterior region: blunt to round."
Setarches guenthari_Sp15_R (5).tif,fusiform to lancelolated,fusiform to lanceolated,"Type: Sagittal. Side: Right otolith. Shape: fusiform to lanceolated, sinuate dorsal and sinuate to lobed ventral margins. Sulcus acusticus: pseudo-archaesulcoid, ostial, median. Ostium: discoidal. Cauda: tubular, straight. Anterior region: angled to double-peaked, rostrum and antirostrum blunt, excisura wide with acute, deep notch. Posterior region: blunt to round.
Class detected:Setarches guentheri","Type: Sagittal, Side: Right otolith. Shape: fusiform to lancelolated. sinuate to irregular dorsal and sinuate to lobed ventral margins. Sulcus acusticus: pseudo-archaesulcoid, ostial, median. Ostium: discoidal. Cauda: tubular, straight. Anterior region: angled to double peaked, rostrum and antirostrum blunt, excisura wide with acute, deep notch. Posterior region: blunt to round."
Setarches guenthari_Sp15_R (6).tif,fusiform to lancelolated,fusiform to lanceolated,"Type: Sagittal. Side: Right otolith. Shape: fusiform to lanceolated, sinuate to lobed dorsal and sinuate to crenate ventral margins. Sulcus acusticus: pseudo-archaesulcoid, ostial, median. Ostium: discoidal. Cauda: tubular, straight. Anterior region: angled to double-peaked, rostrum and antirostrum blunt, excisura wide with acute, deep notch. Posterior region: blunt to round.
Class detected:Setarches guentheri","Type: Sagittal, Side: Right otolith. Shape: fusiform to lancelolated. sinuate to irregular dorsal and sinuate to lobed ventral margins. Sulcus acusticus: pseudo-archaesulcoid, ostial, median. Ostium: discoidal. Cauda: tubular, straight. Anterior region: angled to double peaked, rostrum and antirostrum blunt, excisura wide with acute, deep notch. Posterior region: blunt to round."
Synagrops_japonicus_Sp10_L (1).tif,Oval,Rhomboidal,"Type: Sagittal. Side: Left otolith. Shape: Rhomboidal, crenate dorsal and entire ventral margins. Sulcus acusticus: heterosulcoid, median. Ostium: Funnel-like, shorter than cauda. Cauda: tubular, curled curved. Anterior region: peaked, rostrum antirostrum poorly developed, no excisura and no notch. Posterior region: irregular.
Class detected:Synagrops japonicus","Type: Sagittal, Side: Left otolith. Shape: Oval, entire dorsal and crenate to sinuate ventral margins. Sulcus acusticus: heterosulcoid, median. Ostium: Funnel-like, shorter than cauda. Cauda: tubular, markedly curved. Anterior region: peaked, rostrum antirostrum poorly developed, no excisura and no notch. Posterior region: irregular."
Synagrops_japonicus_Sp10_L (10).tif,Oval,Rhomboidal,"Type: Sagittal. Side: Left otolith. Shape: Rhomboidal, crenate dorsal and entire ventral margins. Sulcus acusticus: heterosulcoid, median. Ostium: Funnel-like, shorter than cauda. Cauda: tubular, curled curved. Anterior region: peaked, rostrum antirostrum poorly developed, no excisura and no notch. Posterior region: irregular.
Class detected:Synagrops japonicus","Type: Sagittal, Side: Left otolith. Shape: Oval, entire dorsal and crenate to sinuate ventral margins. Sulcus acusticus: heterosulcoid, median. Ostium: Funnel-like, shorter than cauda. Cauda: tubular, markedly curved. Anterior region: peaked, rostrum antirostrum poorly developed, no excisura and no notch. Posterior region: irregular."
Synagrops_japonicus_Sp10_L (11).tif,Oval,Rhomboidal,"Type: Sagittal. Side: Left otolith. Shape: Rhomboidal, crenate dorsal and entire ventral margins. Sulcus acusticus: heterosulcoid, median. Ostium: Funnel-like, shorter than cauda. Cauda: tubular, curled curved. Anterior region: peaked, rostrum antirostrum poorly developed, no excisura and no notch. Posterior region: irregular.
Class detected:Synagrops japonicus","Type: Sagittal, Side: Left otolith. Shape: Oval, entire dorsal and crenate to sinuate ventral margins. Sulcus acusticus: heterosulcoid, median. Ostium: Funnel-like, shorter than cauda. Cauda: tubular, markedly curved. Anterior region: peaked, rostrum antirostrum poorly developed, no excisura and no notch. Posterior region: irregular."
Synagrops_japonicus_Sp10_L (12).tif,Oval,Rhomboidal,"Type: Sagittal. Side: Left otolith. Shape: Rhomboidal, crenate dorsal and entire ventral margins. Sulcus acusticus: heterosulcoid, median. Ostium: Funnel-like, shorter than cauda. Cauda: tubular, curled curved. Anterior region: peaked, rostrum antirostrum poorly developed, no excisura and no notch. Posterior region: irregular.
Class detected:Synagrops japonicus","Type: Sagittal, Side: Left otolith. Shape: Oval, entire dorsal and crenate to sinuate ventral margins. Sulcus acusticus: heterosulcoid, median. Ostium: Funnel-like, shorter than cauda. Cauda: tubular, markedly curved. Anterior region: peaked, rostrum antirostrum poorly developed, no excisura and no notch. Posterior region: irregular."
Synagrops_japonicus_Sp10_L (13).tif,Oval,Rhomboidal,"Type: Sagittal. Side: Left otolith. Shape: Rhomboidal, crenate dorsal and entire ventral margins. Sulcus acusticus: heterosulcoid, median. Ostium: Funnel-like, shorter than cauda. Cauda: tubular, curled curved. Anterior region: peaked, rostrum antirostrum poorly developed, no excisura and no notch. Posterior region: irregular.
Class detected:Synagrops japonicus","Type: Sagittal, Side: Left otolith. Shape: Oval, entire dorsal and crenate to sinuate ventral margins. Sulcus acusticus: heterosulcoid, median. Ostium: Funnel-like, shorter than cauda. Cauda: tubular, markedly curved. Anterior region: peaked, rostrum antirostrum poorly developed, no excisura and no notch. Posterior region: irregular."
Synagrops_japonicus_Sp10_L (14).tif,Oval,Rhomboidal,"Type: Sagittal. Side: Left otolith. Shape: Rhomboidal, crenate dorsal and entire ventral margins. Sulcus acusticus: heterosulcoid, median. Ostium: Funnel-like, shorter than cauda. Cauda: tubular, curled curved. Anterior region: peaked, rostrum antirostrum poorly developed, no excisura and no notch. Posterior region: irregular.
Class detected:Synagrops japonicus","Type: Sagittal, Side: Left otolith. Shape: Oval, entire dorsal and crenate to sinuate ventral margins. Sulcus acusticus: heterosulcoid, median. Ostium: Funnel-like, shorter than cauda. Cauda: tubular, markedly curved. Anterior region: peaked, rostrum antirostrum poorly developed, no excisura and no notch. Posterior region: irregular."
Synagrops_japonicus_Sp10_L (15).tif,Oval,Rhomboidal,"Type: Sagittal. Side: Left otolith. Shape: Rhomboidal, crenate dorsal and entire ventral margins. Sulcus acusticus: heterosulcoid, median. Ostium: Funnel-like, shorter than cauda. Cauda: tubular, curled curved. Anterior region: peaked, rostrum antirostrum poorly developed, no excisura and no notch. Posterior region: irregular.
Class detected:Synagrops japonicus","Type: Sagittal, Side: Left otolith. Shape: Oval, entire dorsal and crenate to sinuate ventral margins. Sulcus acusticus: heterosulcoid, median. Ostium: Funnel-like, shorter than cauda. Cauda: tubular, markedly curved. Anterior region: peaked, rostrum antirostrum poorly developed, no excisura and no notch. Posterior region: irregular."
Synagrops_japonicus_Sp10_L (16).tif,Oval,Rhomboidal,"Type: Sagittal. Side: Left otolith. Shape: Rhomboidal, crenate dorsal and entire ventral margins. Sulcus acusticus: heterosulcoid, median. Ostium: Funnel-like, shorter than cauda. Cauda: tubular, curled curved. Anterior region: peaked, rostrum antirostrum poorly developed, no excisura and no notch. Posterior region: irregular.
Class detected:Synagrops japonicus","Type: Sagittal, Side: Left otolith. Shape: Oval, entire dorsal and crenate to sinuate ventral margins. Sulcus acusticus: heterosulcoid, median. Ostium: Funnel-like, shorter than cauda. Cauda: tubular, markedly curved. Anterior region: peaked, rostrum antirostrum poorly developed, no excisura and no notch. Posterior region: irregular."
Synagrops_japonicus_Sp10_L (17).tif,Oval,Rhomboidal,"Type: Sagittal. Side: Left otolith. Shape: Rhomboidal, crenate dorsal and entire ventral margins. Sulcus acusticus: heterosulcoid, median. Ostium: Funnel-like, shorter than cauda. Cauda: tubular, curled curved. Anterior region: peaked, rostrum antirostrum poorly developed, no excisura and no notch. Posterior region: irregular.
Class detected:Synagrops japonicus","Type: Sagittal, Side: Left otolith. Shape: Oval, entire dorsal and crenate to sinuate ventral margins. Sulcus acusticus: heterosulcoid, median. Ostium: Funnel-like, shorter than cauda. Cauda: tubular, markedly curved. Anterior region: peaked, rostrum antirostrum poorly developed, no excisura and no notch. Posterior region: irregular."
Synagrops_japonicus_Sp10_L (18).tif,Oval,Rhomboidal,"Type: Sagittal. Side: Left otolith. Shape: Rhomboidal, crenate dorsal and entire ventral margins. Sulcus acusticus: heterosulcoid, median. Ostium: Funnel-like, shorter than cauda. Cauda: tubular, curled curved. Anterior region: peaked, rostrum antirostrum poorly developed, no excisura and no notch. Posterior region: irregular.
Class detected:Synagrops japonicus","Type: Sagittal, Side: Left otolith. Shape: Oval, entire dorsal and crenate to sinuate ventral margins. Sulcus acusticus: heterosulcoid, median. Ostium: Funnel-like, shorter than cauda. Cauda: tubular, markedly curved. Anterior region: peaked, rostrum antirostrum poorly developed, no excisura and no notch. Posterior region: irregular."
Synagrops_japonicus_Sp10_L (19).tif,Oval,Rhomboidal,"Type: Sagittal. Side: Left otolith.Shape: Rhomboidal, crenate dorsal and entire ventral margins. Sulcus acusticus: heterosulcoid, median. Ostium: Funnel-like, shorter than cauda. Cauda: tubular, curled curved. Anterior region: peaked, rostrum antirostrum poorly developed, no excisura and no notch. Posterior region: irregular.
Class detected:Synagrops japonicus","Type: Sagittal, Side: Left otolith. Shape: Oval, entire dorsal and crenate to sinuate ventral margins. Sulcus acusticus: heterosulcoid, median. Ostium: Funnel-like, shorter than cauda. Cauda: tubular, markedly curved. Anterior region: peaked, rostrum antirostrum poorly developed, no excisura and no notch. Posterior region: irregular."
Synagrops_japonicus_Sp10_L (2).tif,Oval,Rhomboidal,"Type: Sagittal. Side: Left otolith.Shape: Rhomboidal, crenate dorsal and entire ventral margins. Sulcus acusticus: heterosulcoid, median. Ostium: Funnel-like, shorter than cauda. Cauda: tubular, curled curved. Anterior region: peaked, rostrum antirostrum poorly developed, no excisura and no notch. Posterior region: irregular.
Class detected:Synagrops japonicus","Type: Sagittal, Side: Left otolith. Shape: Oval, entire dorsal and crenate to sinuate ventral margins. Sulcus acusticus: heterosulcoid, median. Ostium: Funnel-like, shorter than cauda. Cauda: tubular, markedly curved. Anterior region: peaked, rostrum antirostrum poorly developed, no excisura and no notch. Posterior region: irregular."
Synagrops_japonicus_Sp10_L (20).tif,Oval,Rhomboidal,"Type: Sagittal. Side: Left otolith. Shape: Rhomboidal, crenate dorsal and entire ventral margins. Sulcus acusticus: heterosulcoid, median. Ostium: Funnel-like, shorter than cauda. Cauda: tubular, curled curved. Anterior region: peaked, rostrum antirostrum poorly developed, no excisura and no notch. Posterior region: irregular.
Class detected:Synagrops japonicus","Type: Sagittal, Side: Left otolith. Shape: Oval, entire dorsal and crenate to sinuate ventral margins. Sulcus acusticus: heterosulcoid, median. Ostium: Funnel-like, shorter than cauda. Cauda: tubular, markedly curved. Anterior region: peaked, rostrum antirostrum poorly developed, no excisura and no notch. Posterior region: irregular."
Synagrops_japonicus_Sp10_L (21).tif,Oval,Rhomboidal,"Type: Sagittal. Side: Left otolith. Shape: Rhomboidal, crenate dorsal and entire ventral margins. Sulcus acusticus: heterosulcoid, median. Ostium: Funnel-like, shorter than cauda. Cauda: tubular, curled curved. Anterior region: peaked, rostrum antirostrum poorly developed, no excisura and no notch. Posterior region: irregular.
Class detected:Synagrops japonicus","Type: Sagittal, Side: Left otolith. Shape: Oval, entire dorsal and crenate to sinuate ventral margins. Sulcus acusticus: heterosulcoid, median. Ostium: Funnel-like, shorter than cauda. Cauda: tubular, markedly curved. Anterior region: peaked, rostrum antirostrum poorly developed, no excisura and no notch. Posterior region: irregular."
Synagrops_japonicus_Sp10_L (22).tif,Oval,Rhomboidal,"Type: Sagittal. Side: Left otolith.Shape: Rhomboidal, crenate dorsal and entire ventral margins. Sulcus acusticus: heterosulcoid, median. Ostium: Funnel-like, shorter than cauda. Cauda: tubular, curled curved. Anterior region: peaked, rostrum antirostrum poorly developed, no excisura and no notch. Posterior region: irregular.
Class detected:Synagrops japonicus","Type: Sagittal, Side: Left otolith. Shape: Oval, entire dorsal and crenate to sinuate ventral margins. Sulcus acusticus: heterosulcoid, median. Ostium: Funnel-like, shorter than cauda. Cauda: tubular, markedly curved. Anterior region: peaked, rostrum antirostrum poorly developed, no excisura and no notch. Posterior region: irregular."
Synagrops_japonicus_Sp10_L (23).tif,Oval,Rhomboidal,"Type: Sagittal. Side: Left otolith. Shape: Rhomboidal, crenate dorsal and entire ventral margins. Sulcus acusticus: heterosulcoid, median. Ostium: Funnel-like, shorter than cauda. Cauda: tubular, curled curved. Anterior region: peaked, rostrum antirostrum poorly developed, no excisura and no notch. Posterior region: irregular.
Class detected:Synagrops japonicus","Type: Sagittal, Side: Left otolith. Shape: Oval, entire dorsal and crenate to sinuate ventral margins. Sulcus acusticus: heterosulcoid, median. Ostium: Funnel-like, shorter than cauda. Cauda: tubular, markedly curved. Anterior region: peaked, rostrum antirostrum poorly developed, no excisura and no notch. Posterior region: irregular."
Synagrops_japonicus_Sp10_L (24).tif,Oval,Rhomboidal,"Type: Sagittal. Side: Left otolith. Shape: Rhomboidal, crenate dorsal and entire ventral margins. Sulcus acusticus: heterosulcoid, median. Ostium: Funnel-like, shorter than cauda. Cauda: tubular, curled curved. Anterior region: peaked, rostrum antirostrum poorly developed, no excisura and no notch. Posterior region: irregular.
Class detected:Synagrops japonicus","Type: Sagittal, Side: Left otolith. Shape: Oval, entire dorsal and crenate to sinuate ventral margins. Sulcus acusticus: heterosulcoid, median. Ostium: Funnel-like, shorter than cauda. Cauda: tubular, markedly curved. Anterior region: peaked, rostrum antirostrum poorly developed, no excisura and no notch. Posterior region: irregular."
Synagrops_japonicus_Sp10_L (25).tif,Oval,Rhomboidal,"Type: Sagittal. Side: Left otolith. Shape: Rhomboidal, crenate dorsal and entire ventral margins. Sulcus acusticus: heterosulcoid, median. Ostium: Funnel-like, shorter than cauda. Cauda: tubular, curled curved. Anterior region: peaked, rostrum antirostrum poorly developed, no excisura and no notch. Posterior region: irregular.
Class detected:Synagrops japonicus","Type: Sagittal, Side: Left otolith. Shape: Oval, entire dorsal and crenate to sinuate ventral margins. Sulcus acusticus: heterosulcoid, median. Ostium: Funnel-like, shorter than cauda. Cauda: tubular, markedly curved. Anterior region: peaked, rostrum antirostrum poorly developed, no excisura and no notch. Posterior region: irregular."
Synagrops_japonicus_Sp10_L (26).tif,Oval,Rhomboidal,"Type: Sagittal. Side: Left otolith. Shape: Rhomboidal, crenate dorsal and entire ventral margins. Sulcus acusticus: heterosulcoid, median. Ostium: Funnel-like, shorter than cauda. Cauda: tubular, curled curved. Anterior region: peaked, rostrum antirostrum poorly developed, no excisura and no notch. Posterior region: irregular.
Class detected:Synagrops japonicus","Type: Sagittal, Side: Left otolith. Shape: Oval, entire dorsal and crenate to sinuate ventral margins. Sulcus acusticus: heterosulcoid, median. Ostium: Funnel-like, shorter than cauda. Cauda: tubular, markedly curved. Anterior region: peaked, rostrum antirostrum poorly developed, no excisura and no notch. Posterior region: irregular."
Synagrops_japonicus_Sp10_L (3).tif,Oval,Rhomboidal,"Type: Sagittal. Side: Left otolith. Shape: Rhomboidal, crenate dorsal and entire ventral margins. Sulcus acusticus: heterosulcoid, median. Ostium: Funnel-like, shorter than cauda. Cauda: tubular, curled curved. Anterior region: peaked, rostrum antirostrum poorly developed, no excisura and no notch. Posterior region: irregular.
Class detected:Synagrops japonicus","Type: Sagittal, Side: Left otolith. Shape: Oval, entire dorsal and crenate to sinuate ventral margins. Sulcus acusticus: heterosulcoid, median. Ostium: Funnel-like, shorter than cauda. Cauda: tubular, markedly curved. Anterior region: peaked, rostrum antirostrum poorly developed, no excisura and no notch. Posterior region: irregular."
Synagrops_japonicus_Sp10_L (4).tif,Oval,Rhomboidal,"Type: Sagittal. Side: Left otolith. Shape: Rhomboidal, crenate dorsal and entire ventral margins. Sulcus acusticus: heterosulcoid, median. Ostium: Funnel-like, shorter than cauda. Cauda: tubular, curled curved. Anterior region: peaked, rostrum antirostrum poorly developed, no excisura and no notch. Posterior region: irregular.
Class detected:Synagrops japonicus","Type: Sagittal, Side: Left otolith. Shape: Oval, entire dorsal and crenate to sinuate ventral margins. Sulcus acusticus: heterosulcoid, median. Ostium: Funnel-like, shorter than cauda. Cauda: tubular, markedly curved. Anterior region: peaked, rostrum antirostrum poorly developed, no excisura and no notch. Posterior region: irregular."
Synagrops_japonicus_Sp10_L (5).tif,Oval,Rhomboidal,"Type: Sagittal. Side: Left otolith. Shape: Rhomboidal, crenate dorsal and entire ventral margins. Sulcus acusticus: heterosulcoid, median. Ostium: Funnel-like, shorter than cauda. Cauda: tubular, curled curved. Anterior region: peaked, rostrum antirostrum poorly developed, no excisura and no notch. Posterior region: irregular.
Class detected:Synagrops japonicus","Type: Sagittal, Side: Left otolith. Shape: Oval, entire dorsal and crenate to sinuate ventral margins. Sulcus acusticus: heterosulcoid, median. Ostium: Funnel-like, shorter than cauda. Cauda: tubular, markedly curved. Anterior region: peaked, rostrum antirostrum poorly developed, no excisura and no notch. Posterior region: irregular."
Synagrops_japonicus_Sp10_L (6).tif,Oval,Rhomboidal,"Type: Sagittal. Side: Left otolith. Shape: Rhomboidal, crenate dorsal and entire ventral margins. Sulcus acusticus: heterosulcoid, median. Ostium: Funnel-like, shorter than cauda. Cauda: tubular, curled curved. Anterior region: peaked, rostrum antirostrum poorly developed, no excisura and no notch. Posterior region: irregular.
Class detected:Synagrops japonicus","Type: Sagittal, Side: Left otolith. Shape: Oval, entire dorsal and crenate to sinuate ventral margins. Sulcus acusticus: heterosulcoid, median. Ostium: Funnel-like, shorter than cauda. Cauda: tubular, markedly curved. Anterior region: peaked, rostrum antirostrum poorly developed, no excisura and no notch. Posterior region: irregular."
Synagrops_japonicus_Sp10_L (7).tif,Oval,Rhomboidal,"Type: Sagittal. Side: Left otolith. Shape: Rhomboidal, crenate dorsal and entire ventral margins. Sulcus acusticus: heterosulcoid, median. Ostium: Funnel-like, shorter than cauda. Cauda: tubular, curled curved. Anterior region: peaked, rostrum antirostrum poorly developed, no excisura and no notch. Posterior region: irregular.
Class detected:Synagrops japonicus","Type: Sagittal, Side: Left otolith. Shape: Oval, entire dorsal and crenate to sinuate ventral margins. Sulcus acusticus: heterosulcoid, median. Ostium: Funnel-like, shorter than cauda. Cauda: tubular, markedly curved. Anterior region: peaked, rostrum antirostrum poorly developed, no excisura and no notch. Posterior region: irregular."
Synagrops_japonicus_Sp10_L (8).tif,Oval,Rhomboidal,"Type: Sagittal. Side: Left otolith. Shape: Rhomboidal, crenate dorsal and entire ventral margins. Sulcus acusticus: heterosulcoid, median. Ostium: Funnel-like, shorter than cauda. Cauda: tubular, curled curved. Anterior region: peaked, rostrum antirostrum poorly developed, no excisura and no notch. Posterior region: irregular.
Class detected:Synagrops japonicus","Type: Sagittal, Side: Left otolith. Shape: Oval, entire dorsal and crenate to sinuate ventral margins. Sulcus acusticus: heterosulcoid, median. Ostium: Funnel-like, shorter than cauda. Cauda: tubular, markedly curved. Anterior region: peaked, rostrum antirostrum poorly developed, no excisura and no notch. Posterior region: irregular."
Synagrops_japonicus_Sp10_L (9).tif,Oval,Rhomboidal,"Type: Sagittal. Side: Left otolith. Shape: Rhomboidal, crenate dorsal and entire ventral margins. Sulcus acusticus: heterosulcoid, median. Ostium: Funnel-like, shorter than cauda. Cauda: tubular, curled curved. Anterior region: peaked, rostrum antirostrum poorly developed, no excisura and no notch. Posterior region: irregular.
Class detected:Synagrops japonicus","Type: Sagittal, Side: Left otolith. Shape: Oval, entire dorsal and crenate to sinuate ventral margins. Sulcus acusticus: heterosulcoid, median. Ostium: Funnel-like, shorter than cauda. Cauda: tubular, markedly curved. Anterior region: peaked, rostrum antirostrum poorly developed, no excisura and no notch. Posterior region: irregular."
Synagrops_japonicus_Sp10_R (1).tif,Oval,Rhomboidal,"Type: Sagittal. Side: Right otolith.Shape: Rhomboidal, crenate dorsal and entire ventral margins. Sulcus acusticus: heterosulcoid, median. Ostium: Funnel-like, shorter than cauda. Cauda: tubular, curled curved. Anterior region: peaked, rostrum antirostrum poorly developed, no excisura and no notch. Posterior region: Irregular to blunt.
Class detected:Synagrops japonicus","Type: Sagittal, Side: Right otolith. Shape: Oval, entire to sinuate dorsal and entire to sinuate ventral margins. Sulcus acusticus: heterosulcoid, median. Ostium: Funnel-like, shorter than cauda. Cauda: tubular, strongly curved. Anterior region: peaked, rostrum antirostrum poorly developed, no excisura and no notch. Posterior region: irregular."
Synagrops_japonicus_Sp10_R (10).tif,Oval,Rhomboidal,"Type: Sagittal. Side: Right otolith.Shape: Rhomboidal, crenate dorsal and entire ventral margins. Sulcus acusticus: heterosulcoid, median. Ostium: Funnel-like, shorter than cauda. Cauda: tubular, curled curved. Anterior region: peaked, rostrum antirostrum poorly developed, no excisura and no notch. Posterior region: irregular.
Class detected:Synagrops japonicus","Type: Sagittal, Side: Right otolith. Shape: Oval, entire to sinuate dorsal and entire to sinuate ventral margins. Sulcus acusticus: heterosulcoid, median. Ostium: Funnel-like, shorter than cauda. Cauda: tubular, strongly curved. Anterior region: peaked, rostrum antirostrum poorly developed, no excisura and no notch. Posterior region: irregular."
Synagrops_japonicus_Sp10_R (11).tif,Oval,Rhomboidal,"Type: Sagittal. Side: Right otolith.Shape: Rhomboidal, crenate dorsal and entire ventral margins. Sulcus acusticus: heterosulcoid, median. Ostium: Funnel-like, shorter than cauda. Cauda: tubular, curled curved. Anterior region: peaked, rostrum antirostrum poorly developed, no excisura and no notch. Posterior region: irregular.
Class detected:Synagrops japonicus","Type: Sagittal, Side: Right otolith. Shape: Oval, entire to sinuate dorsal and entire to sinuate ventral margins. Sulcus acusticus: heterosulcoid, median. Ostium: Funnel-like, shorter than cauda. Cauda: tubular, strongly curved. Anterior region: peaked, rostrum antirostrum poorly developed, no excisura and no notch. Posterior region: irregular."
Synagrops_japonicus_Sp10_R (12).tif,Oval,Rhomboidal,"Type: Sagittal. Side: Right otolith. Shape: Rhomboidal, crenate dorsal and entire ventral margins. Sulcus acusticus: heterosulcoid, median. Ostium: Funnel-like, shorter than cauda. Cauda: tubular, curled curved. Anterior region: peaked, rostrum antirostrum poorly developed, no excisura and no notch. Posterior region: irregular.
Class detected:Synagrops japonicus","Type: Sagittal, Side: Right otolith. Shape: Oval, entire to sinuate dorsal and entire to sinuate ventral margins. Sulcus acusticus: heterosulcoid, median. Ostium: Funnel-like, shorter than cauda. Cauda: tubular, strongly curved. Anterior region: peaked, rostrum antirostrum poorly developed, no excisura and no notch. Posterior region: irregular."
Synagrops_japonicus_Sp10_R (13).tif,Oval,Rhomboidal,"Type: Sagittal. Side: Right otolith.Shape: Rhomboidal, crenate dorsal and entire ventral margins. Sulcus acusticus: heterosulcoid, median. Ostium: Funnel-like, shorter than cauda. Cauda: tubular, curled curved. Anterior region: peaked, rostrum antirostrum poorly developed, no excisura and no notch. Posterior region: irregular.
Class detected:Synagrops japonicus","Type: Sagittal, Side: Right otolith. Shape: Oval, entire to sinuate dorsal and entire to sinuate ventral margins. Sulcus acusticus: heterosulcoid, median. Ostium: Funnel-like, shorter than cauda. Cauda: tubular, strongly curved. Anterior region: peaked, rostrum antirostrum poorly developed, no excisura and no notch. Posterior region: irregular."
Synagrops_japonicus_Sp10_R (14).tif,Oval,Rhomboidal,"Type: Sagittal. Side: Right otolith.Shape: Rhomboidal, crenate dorsal and entire ventral margins. Sulcus acusticus: heterosulcoid, median. Ostium: Funnel-like, shorter than cauda. Cauda: tubular, curled curved. Anterior region: peaked, rostrum antirostrum poorly developed, no excisura and no notch. Posterior region: irregular.
Class detected:Synagrops japonicus","Type: Sagittal, Side: Right otolith. Shape: Oval, entire to sinuate dorsal and entire to sinuate ventral margins. Sulcus acusticus: heterosulcoid, median. Ostium: Funnel-like, shorter than cauda. Cauda: tubular, strongly curved. Anterior region: peaked, rostrum antirostrum poorly developed, no excisura and no notch. Posterior region: irregular."
Synagrops_japonicus_Sp10_R (15).tif,Oval,Rhomboidal,"Type: Sagittal. Side: Right otolith. Shape: Rhomboidal, crenate dorsal and entire ventral margins. Sulcus acusticus: heterosulcoid, median. Ostium: Funnel-like, shorter than cauda. Cauda: tubular, curled curved. Anterior region: peaked, rostrum antirostrum poorly developed, no excisura and no notch. Posterior region: irregular.
Class detected:Synagrops japonicus","Type: Sagittal, Side: Right otolith. Shape: Oval, entire to sinuate dorsal and entire to sinuate ventral margins. Sulcus acusticus: heterosulcoid, median. Ostium: Funnel-like, shorter than cauda. Cauda: tubular, strongly curved. Anterior region: peaked, rostrum antirostrum poorly developed, no excisura and no notch. Posterior region: irregular."
Synagrops_japonicus_Sp10_R (16).tif,Oval,Rhomboidal,"Type: Sagittal. Side: Right otolith. Shape: Rhomboidal, crenate dorsal and entire ventral margins. Sulcus acusticus: heterosulcoid, median. Ostium: Funnel-like, shorter than cauda. Cauda: tubular, curled curved. Anterior region: peaked, rostrum antirostrum poorly developed, no excisura and no notch. Posterior region: irregular.
Class detected:Synagrops japonicus","Type: Sagittal, Side: Right otolith. Shape: Oval, entire to sinuate dorsal and entire to sinuate ventral margins. Sulcus acusticus: heterosulcoid, median. Ostium: Funnel-like, shorter than cauda. Cauda: tubular, strongly curved. Anterior region: peaked, rostrum antirostrum poorly developed, no excisura and no notch. Posterior region: irregular."
Synagrops_japonicus_Sp10_R (17).tif,Oval,Rhomboidal,"Type: Sagittal. Side: Right otolith.Shape: Rhomboidal, crenate dorsal and entire ventral margins. Sulcus acusticus: heterosulcoid, median. Ostium: Funnel-like, shorter than cauda. Cauda: tubular, curled curved. Anterior region: peaked, rostrum antirostrum poorly developed, no excisura and no notch. Posterior region: irregular.
Class detected:Synagrops japonicus","Type: Sagittal, Side: Right otolith. Shape: Oval, entire to sinuate dorsal and entire to sinuate ventral margins. Sulcus acusticus: heterosulcoid, median. Ostium: Funnel-like, shorter than cauda. Cauda: tubular, strongly curved. Anterior region: peaked, rostrum antirostrum poorly developed, no excisura and no notch. Posterior region: irregular."
Synagrops_japonicus_Sp10_R (18).tif,Oval,Rhomboidal,"Type: Sagittal. Side: Right otolith. Shape: Rhomboidal, sinuate to crenate dorsal and entire to sinuate ventral margins. Sulcus acusticus: heterosulcoid, median. Ostium: Funnel-like, shorter than cauda. Cauda: tubular, curled curved. Anterior region: peaked, rostrum antirostrum poorly developed, no excisura and no notch. Posterior region: irregular.
Class detected:Synagrops japonicus","Type: Sagittal, Side: Right otolith. Shape: Oval, entire to sinuate dorsal and entire to sinuate ventral margins. Sulcus acusticus: heterosulcoid, median. Ostium: Funnel-like, shorter than cauda. Cauda: tubular, strongly curved. Anterior region: peaked, rostrum antirostrum poorly developed, no excisura and no notch. Posterior region: irregular."
Synagrops_japonicus_Sp10_R (19).tif,Oval,Rhomboidal,"Type: Sagittal. Side: Right otolith.Shape: Rhomboidal, crenate dorsal and entire ventral margins. Sulcus acusticus: heterosulcoid, median. Ostium: Funnel-like, shorter than cauda. Cauda: tubular, curled curved. Anterior region: peaked, rostrum antirostrum poorly developed, no excisura and no notch. Posterior region: irregular.
Class detected:Synagrops japonicus","Type: Sagittal, Side: Right otolith. Shape: Oval, entire to sinuate dorsal and entire to sinuate ventral margins. Sulcus acusticus: heterosulcoid, median. Ostium: Funnel-like, shorter than cauda. Cauda: tubular, strongly curved. Anterior region: peaked, rostrum antirostrum poorly developed, no excisura and no notch. Posterior region: irregular."
Synagrops_japonicus_Sp10_R (2).tif,Oval,Rhomboidal,"Type: Sagittal. Side: Right otolith.Shape: Rhomboidal, crenate dorsal and entire ventral margins. Sulcus acusticus: heterosulcoid, median. Ostium: Funnel-like, shorter than cauda. Cauda: tubular, curled curved. Anterior region: peaked, rostrum antirostrum poorly developed, no excisura and no notch. Posterior region: Irregular to blunt.
Class detected:Synagrops japonicus","Type: Sagittal, Side: Right otolith. Shape: Oval, entire to sinuate dorsal and entire to sinuate ventral margins. Sulcus acusticus: heterosulcoid, median. Ostium: Funnel-like, shorter than cauda. Cauda: tubular, strongly curved. Anterior region: peaked, rostrum antirostrum poorly developed, no excisura and no notch. Posterior region: irregular."
Synagrops_japonicus_Sp10_R (20).tif,Oval,Rhomboidal,"Type: Sagittal. Side: Right otolith. Shape: Rhomboidal, crenate dorsal and entire ventral margins. Sulcus acusticus: heterosulcoid, median. Ostium: Funnel-like, shorter than cauda. Cauda: tubular, curled curved. Anterior region: peaked, rostrum antirostrum poorly developed, no excisura and no notch. Posterior region: irregular.
Class detected:Synagrops japonicus","Type: Sagittal, Side: Right otolith. Shape: Oval, entire to sinuate dorsal and entire to sinuate ventral margins. Sulcus acusticus: heterosulcoid, median. Ostium: Funnel-like, shorter than cauda. Cauda: tubular, strongly curved. Anterior region: peaked, rostrum antirostrum poorly developed, no excisura and no notch. Posterior region: irregular."
Synagrops_japonicus_Sp10_R (21).tif,Oval,Rhomboidal,"Type: Sagittal. Side: Right otolith.Shape: Rhomboidal, crenate dorsal and entire ventral margins. Sulcus acusticus: heterosulcoid, median. Ostium: Funnel-like, shorter than cauda. Cauda: tubular, curled curved. Anterior region: peaked, rostrum antirostrum poorly developed, no excisura and no notch. Posterior region: irregular.
Class detected:Synagrops japonicus","Type: Sagittal, Side: Right otolith. Shape: Oval, entire to sinuate dorsal and entire to sinuate ventral margins. Sulcus acusticus: heterosulcoid, median. Ostium: Funnel-like, shorter than cauda. Cauda: tubular, strongly curved. Anterior region: peaked, rostrum antirostrum poorly developed, no excisura and no notch. Posterior region: irregular."
Synagrops_japonicus_Sp10_R (22).tif,Oval,Rhomboidal,"Type: Sagittal. Side: Right otolith. Shape: Rhomboidal, crenate dorsal and entire ventral margins. Sulcus acusticus: heterosulcoid, median. Ostium: Funnel-like, shorter than cauda. Cauda: tubular, curled curved. Anterior region: peaked, rostrum antirostrum poorly developed, no excisura and no notch. Posterior region: irregular.
Class detected:Synagrops japonicus","Type: Sagittal, Side: Right otolith. Shape: Oval, entire to sinuate dorsal and entire to sinuate ventral margins. Sulcus acusticus: heterosulcoid, median. Ostium: Funnel-like, shorter than cauda. Cauda: tubular, strongly curved. Anterior region: peaked, rostrum antirostrum poorly developed, no excisura and no notch. Posterior region: irregular."
Synagrops_japonicus_Sp10_R (3).tif,Oval,Rhomboidal,"Type: Sagittal. Side: Right otolith.Shape: Rhomboidal, crenate dorsal and entire ventral margins. Sulcus acusticus: heterosulcoid, median. Ostium: Funnel-like, shorter than cauda. Cauda: tubular, curled curved. Anterior region: peaked, rostrum antirostrum poorly developed, no excisura and no notch. Posterior region: Irregular to blunt.
Class detected:Synagrops japonicus","Type: Sagittal, Side: Right otolith. Shape: Oval, entire to sinuate dorsal and entire to sinuate ventral margins. Sulcus acusticus: heterosulcoid, median. Ostium: Funnel-like, shorter than cauda. Cauda: tubular, strongly curved. Anterior region: peaked, rostrum antirostrum poorly developed, no excisura and no notch. Posterior region: irregular."
Synagrops_japonicus_Sp10_R (4).tif,Oval,Rhomboidal,"Type: Sagittal. Side: Right otolith.Shape: Rhomboidal, crenate dorsal and entire ventral margins. Sulcus acusticus: heterosulcoid, median. Ostium: Funnel-like, shorter than cauda. Cauda: tubular, curled curved. Anterior region: peaked, rostrum antirostrum poorly developed, no excisura and no notch. Posterior region: Irregular to blunt.
Class detected:Synagrops japonicus","Type: Sagittal, Side: Right otolith. Shape: Oval, entire to sinuate dorsal and entire to sinuate ventral margins. Sulcus acusticus: heterosulcoid, median. Ostium: Funnel-like, shorter than cauda. Cauda: tubular, strongly curved. Anterior region: peaked, rostrum antirostrum poorly developed, no excisura and no notch. Posterior region: irregular."
Synagrops_japonicus_Sp10_R (5).tif,Oval,Rhomboidal,"Type: Sagittal. Side: Right otolith.Shape: Rhomboidal, crenate dorsal and entire ventral margins. Sulcus acusticus: heterosulcoid, median. Ostium: Funnel-like, shorter than cauda. Cauda: tubular, curled curved. Anterior region: peaked, rostrum antirostrum poorly developed, no excisura and no notch. Posterior region: Irregular to blunt.
Class detected:Synagrops japonicus","Type: Sagittal, Side: Right otolith. Shape: Oval, entire to sinuate dorsal and entire to sinuate ventral margins. Sulcus acusticus: heterosulcoid, median. Ostium: Funnel-like, shorter than cauda. Cauda: tubular, strongly curved. Anterior region: peaked, rostrum antirostrum poorly developed, no excisura and no notch. Posterior region: irregular."
Synagrops_japonicus_Sp10_R (6).tif,Oval,Rhomboidal,"Type: Sagittal. Side: Right otolith.Shape: Rhomboidal, crenate dorsal and entire ventral margins. Sulcus acusticus: heterosulcoid, median. Ostium: Funnel-like, shorter than cauda. Cauda: tubular, curled curved. Anterior region: peaked, rostrum antirostrum poorly developed, no excisura and no notch. Posterior region: irregular.
Class detected:Synagrops japonicus","Type: Sagittal, Side: Right otolith. Shape: Oval, entire to sinuate dorsal and entire to sinuate ventral margins. Sulcus acusticus: heterosulcoid, median. Ostium: Funnel-like, shorter than cauda. Cauda: tubular, strongly curved. Anterior region: peaked, rostrum antirostrum poorly developed, no excisura and no notch. Posterior region: irregular."
Synagrops_japonicus_Sp10_R (7).tif,Oval,Rhomboidal,"Type: Sagittal. Side: Right otolith.Shape: Rhomboidal, crenate dorsal and entire ventral margins. Sulcus acusticus: heterosulcoid, median. Ostium: Funnel-like, shorter than cauda. Cauda: tubular, curled curved. Anterior region: peaked, rostrum antirostrum poorly developed, no excisura and no notch. Posterior region: Irregular to blunt.
Class detected:Synagrops japonicus","Type: Sagittal, Side: Right otolith. Shape: Oval, entire to sinuate dorsal and entire to sinuate ventral margins. Sulcus acusticus: heterosulcoid, median. Ostium: Funnel-like, shorter than cauda. Cauda: tubular, strongly curved. Anterior region: peaked, rostrum antirostrum poorly developed, no excisura and no notch. Posterior region: irregular."
Synagrops_japonicus_Sp10_R (8).tif,Oval,Rhomboidal,"Type: Sagittal. Side: Right otolith. Shape: Rhomboidal, crenate dorsal and entire ventral margins. Sulcus acusticus: heterosulcoid, median. Ostium: Funnel-like, shorter than cauda. Cauda: tubular, curled curved. Anterior region: peaked, rostrum antirostrum poorly developed, no excisura and no notch. Posterior region: Irregular to blunt.
Class detected:Synagrops japonicus","Type: Sagittal, Side: Right otolith. Shape: Oval, entire to sinuate dorsal and entire to sinuate ventral margins. Sulcus acusticus: heterosulcoid, median. Ostium: Funnel-like, shorter than cauda. Cauda: tubular, strongly curved. Anterior region: peaked, rostrum antirostrum poorly developed, no excisura and no notch. Posterior region: irregular."
Synagrops_japonicus_Sp10_R (9).tif,Oval,Rhomboidal,"Type: Sagittal. Side: Right otolith.Shape: Rhomboidal, crenate dorsal and entire ventral margins. Sulcus acusticus: heterosulcoid, median. Ostium: Funnel-like, shorter than cauda. Cauda: tubular, curled curved. Anterior region: peaked, rostrum antirostrum poorly developed, no excisura and no notch. Posterior region: irregular.
Class detected:Synagrops japonicus","Type: Sagittal, Side: Right otolith. Shape: Oval, entire to sinuate dorsal and entire to sinuate ventral margins. Sulcus acusticus: heterosulcoid, median. Ostium: Funnel-like, shorter than cauda. Cauda: tubular, strongly curved. Anterior region: peaked, rostrum antirostrum poorly developed, no excisura and no notch. Posterior region: irregular."
Synagrops_japonicus_Sp9_L (1).tif,Oval,Rhomboidal,"Type: Sagittal. Side: Left otolith. Shape: Rhomboidal, crenate dorsal and entire ventral margins. Sulcus acusticus: heterosulcoid, median. Ostium: Funnel-like, shorter than cauda. Cauda: tubular, curled curved. Anterior region: peaked, rostrum antirostrum poorly developed, no excisura and no notch. Posterior region: irregular.
Class detected:Synagrops japonicus","Type: Sagittal, Side: Left otolith. Shape: Oval, crenate dorsal and entire ventral margins. Sulcus acusticus: heterosulcoid, median. Ostium: Funnel-like, shorter than cauda. Cauda: tubular, markedly curved. Anterior region: peaked, rostrum antirostrum poorly developed, no excisura and no notch. Posterior region: irregular."
Synagrops_japonicus_Sp9_L (10).tif,Oval,Rhomboidal,"Type: Sagittal. Side: Left otolith. Shape: Rhomboidal, crenate dorsal and entire ventral margins. Sulcus acusticus: heterosulcoid, median. Ostium: Funnel-like, shorter than cauda. Cauda: tubular, curled curved. Anterior region: peaked, rostrum antirostrum poorly developed, no excisura and no notch. Posterior region: irregular.
Class detected:Synagrops japonicus","Type: Sagittal, Side: Left otolith. Shape: Oval, crenate dorsal and entire ventral margins. Sulcus acusticus: heterosulcoid, median. Ostium: Funnel-like, shorter than cauda. Cauda: tubular, markedly curved. Anterior region: peaked, rostrum antirostrum poorly developed, no excisura and no notch. Posterior region: irregular."
Synagrops_japonicus_Sp9_L (11).tif,Oval,Rhomboidal,"Type: Sagittal. Side: Left otolith. Shape: Rhomboidal, crenate dorsal and entire ventral margins. Sulcus acusticus: heterosulcoid, median. Ostium: Funnel-like, shorter than cauda. Cauda: tubular, curled curved. Anterior region: peaked, rostrum antirostrum poorly developed, no excisura and no notch. Posterior region: irregular.
Class detected:Synagrops japonicus","Type: Sagittal, Side: Left otolith. Shape: Oval, crenate dorsal and entire ventral margins. Sulcus acusticus: heterosulcoid, median. Ostium: Funnel-like, shorter than cauda. Cauda: tubular, markedly curved. Anterior region: peaked, rostrum antirostrum poorly developed, no excisura and no notch. Posterior region: irregular."
Synagrops_japonicus_Sp9_L (12).tif,Oval,Rhomboidal,"Type: Sagittal. Side: Left otolith. Shape: Rhomboidal, crenate dorsal and entire ventral margins. Sulcus acusticus: heterosulcoid, median. Ostium: Funnel-like, shorter than cauda. Cauda: tubular, curled curved. Anterior region: peaked, rostrum antirostrum poorly developed, no excisura and no notch. Posterior region: irregular.
Class detected:Synagrops japonicus","Type: Sagittal, Side: Left otolith. Shape: Oval, crenate dorsal and entire ventral margins. Sulcus acusticus: heterosulcoid, median. Ostium: Funnel-like, shorter than cauda. Cauda: tubular, markedly curved. Anterior region: peaked, rostrum antirostrum poorly developed, no excisura and no notch. Posterior region: irregular."
Synagrops_japonicus_Sp9_L (13).tif,Oval,Rhomboidal,"Type: Sagittal. Side: Left otolith. Shape: Rhomboidal, crenate dorsal and entire ventral margins. Sulcus acusticus: heterosulcoid, median. Ostium: Funnel-like, shorter than cauda. Cauda: tubular, curled curved. Anterior region: peaked, rostrum antirostrum poorly developed, no excisura and no notch. Posterior region: irregular.
Class detected:Synagrops japonicus","Type: Sagittal, Side: Left otolith. Shape: Oval, crenate dorsal and entire ventral margins. Sulcus acusticus: heterosulcoid, median. Ostium: Funnel-like, shorter than cauda. Cauda: tubular, markedly curved. Anterior region: peaked, rostrum antirostrum poorly developed, no excisura and no notch. Posterior region: irregular."
Synagrops_japonicus_Sp9_L (14).tif,Oval,Rhomboidal,"Type: Sagittal. Side: Left otolith. Shape: Rhomboidal, crenate dorsal and entire ventral margins. Sulcus acusticus: heterosulcoid, median. Ostium: Funnel-like, shorter than cauda. Cauda: tubular, curled curved. Anterior region: peaked, rostrum antirostrum poorly developed, no excisura and no notch. Posterior region: irregular.
Class detected:Synagrops japonicus","Type: Sagittal, Side: Left otolith. Shape: Oval, crenate dorsal and entire ventral margins. Sulcus acusticus: heterosulcoid, median. Ostium: Funnel-like, shorter than cauda. Cauda: tubular, markedly curved. Anterior region: peaked, rostrum antirostrum poorly developed, no excisura and no notch. Posterior region: irregular."
Synagrops_japonicus_Sp9_L (15).tif,Oval,Rhomboidal,"Type: Sagittal. Side: Left otolith. Shape: Rhomboidal, crenate dorsal and entire ventral margins. Sulcus acusticus: heterosulcoid, median. Ostium: Funnel-like, shorter than cauda. Cauda: tubular, curled curved. Anterior region: peaked, rostrum antirostrum poorly developed, no excisura and no notch. Posterior region: irregular.
Class detected:Synagrops japonicus","Type: Sagittal, Side: Left otolith. Shape: Oval, crenate dorsal and entire ventral margins. Sulcus acusticus: heterosulcoid, median. Ostium: Funnel-like, shorter than cauda. Cauda: tubular, markedly curved. Anterior region: peaked, rostrum antirostrum poorly developed, no excisura and no notch. Posterior region: irregular."
Synagrops_japonicus_Sp9_L (16).tif,Oval,Rhomboidal,"Type: Sagittal. Side: Left otolith. Shape: Rhomboidal, crenate dorsal and entire ventral margins. Sulcus acusticus: heterosulcoid, median. Ostium: Funnel-like, shorter than cauda. Cauda: tubular, curled curved. Anterior region: peaked, rostrum antirostrum poorly developed, no excisura and no notch. Posterior region: irregular.
Class detected:Synagrops japonicus","Type: Sagittal, Side: Left otolith. Shape: Oval, crenate dorsal and entire ventral margins. Sulcus acusticus: heterosulcoid, median. Ostium: Funnel-like, shorter than cauda. Cauda: tubular, markedly curved. Anterior region: peaked, rostrum antirostrum poorly developed, no excisura and no notch. Posterior region: irregular."
Synagrops_japonicus_Sp9_L (17).tif,Oval,Rhomboidal,"Type: Sagittal. Side: Left otolith. Shape: Rhomboidal, crenate dorsal and entire ventral margins. Sulcus acusticus: heterosulcoid, median. Ostium: Funnel-like, shorter than cauda. Cauda: tubular, curled curved. Anterior region: peaked, rostrum antirostrum poorly developed, no excisura and no notch. Posterior region: irregular.
Class detected:Synagrops japonicus","Type: Sagittal, Side: Left otolith. Shape: Oval, crenate dorsal and entire ventral margins. Sulcus acusticus: heterosulcoid, median. Ostium: Funnel-like, shorter than cauda. Cauda: tubular, markedly curved. Anterior region: peaked, rostrum antirostrum poorly developed, no excisura and no notch. Posterior region: irregular."
Synagrops_japonicus_Sp9_L (18).tif,Oval,Rhomboidal,"Type: Sagittal. Side: Left otolith. Shape: Rhomboidal, crenate dorsal and entire ventral margins. Sulcus acusticus: heterosulcoid, median. Ostium: Funnel-like, shorter than cauda. Cauda: tubular, curled curved. Anterior region: peaked, rostrum antirostrum poorly developed, no excisura and no notch. Posterior region: irregular.
Class detected:Synagrops japonicus","Type: Sagittal, Side: Left otolith. Shape: Oval, crenate dorsal and entire ventral margins. Sulcus acusticus: heterosulcoid, median. Ostium: Funnel-like, shorter than cauda. Cauda: tubular, markedly curved. Anterior region: peaked, rostrum antirostrum poorly developed, no excisura and no notch. Posterior region: irregular."
Synagrops_japonicus_Sp9_L (19).tif,Oval,Rhomboidal,"Type: Sagittal. Side: Left otolith. Shape: Rhomboidal, crenate dorsal and entire ventral margins. Sulcus acusticus: heterosulcoid, median. Ostium: Funnel-like, shorter than cauda. Cauda: tubular, curled curved. Anterior region: peaked, rostrum antirostrum poorly developed, no excisura and no notch. Posterior region: irregular.
Class detected:Synagrops japonicus","Type: Sagittal, Side: Left otolith. Shape: Oval, crenate dorsal and entire ventral margins. Sulcus acusticus: heterosulcoid, median. Ostium: Funnel-like, shorter than cauda. Cauda: tubular, markedly curved. Anterior region: peaked, rostrum antirostrum poorly developed, no excisura and no notch. Posterior region: irregular."
Synagrops_japonicus_Sp9_L (2).tif,Oval,Rhomboidal,"Type: Sagittal. Side: Left otolith. Shape: Rhomboidal, crenate dorsal and entire ventral margins. Sulcus acusticus: heterosulcoid, median. Ostium: Funnel-like, shorter than cauda. Cauda: tubular, curled curved. Anterior region: peaked, rostrum antirostrum poorly developed, no excisura and no notch. Posterior region: irregular.
Class detected:Synagrops japonicus","Type: Sagittal, Side: Left otolith. Shape: Oval, crenate dorsal and entire ventral margins. Sulcus acusticus: heterosulcoid, median. Ostium: Funnel-like, shorter than cauda. Cauda: tubular, markedly curved. Anterior region: peaked, rostrum antirostrum poorly developed, no excisura and no notch. Posterior region: irregular."
Synagrops_japonicus_Sp9_L (20).tif,Oval,Rhomboidal,"Type: Sagittal. Side: Left otolith. Shape: Rhomboidal, crenate dorsal and entire ventral margins. Sulcus acusticus: heterosulcoid, median. Ostium: Funnel-like, shorter than cauda. Cauda: tubular, curled curved. Anterior region: peaked, rostrum antirostrum poorly developed, no excisura and no notch. Posterior region: irregular.
Class detected:Synagrops japonicus","Type: Sagittal, Side: Left otolith. Shape: Oval, crenate dorsal and entire ventral margins. Sulcus acusticus: heterosulcoid, median. Ostium: Funnel-like, shorter than cauda. Cauda: tubular, markedly curved. Anterior region: peaked, rostrum antirostrum poorly developed, no excisura and no notch. Posterior region: irregular."
Synagrops_japonicus_Sp9_L (21).tif,Oval,Rhomboidal,"Type: Sagittal. Side: Left otolith. Shape: Rhomboidal, crenate dorsal and entire ventral margins. Sulcus acusticus: heterosulcoid, median. Ostium: Funnel-like, shorter than cauda. Cauda: tubular, curled curved. Anterior region: peaked, rostrum antirostrum poorly developed, no excisura and no notch. Posterior region: irregular.
Class detected:Synagrops japonicus","Type: Sagittal, Side: Left otolith. Shape: Oval, crenate dorsal and entire ventral margins. Sulcus acusticus: heterosulcoid, median. Ostium: Funnel-like, shorter than cauda. Cauda: tubular, markedly curved. Anterior region: peaked, rostrum antirostrum poorly developed, no excisura and no notch. Posterior region: irregular."
Synagrops_japonicus_Sp9_L (22).tif,Oval,Rhomboidal,"Type: Sagittal. Side: Left otolith. Shape: Rhomboidal, crenate dorsal and entire ventral margins. Sulcus acusticus: heterosulcoid, median. Ostium: Funnel-like, shorter than cauda. Cauda: tubular, curled curved. Anterior region: peaked, rostrum antirostrum poorly developed, no excisura and no notch. Posterior region: irregular.
Class detected:Synagrops japonicus","Type: Sagittal, Side: Left otolith. Shape: Oval, crenate dorsal and entire ventral margins. Sulcus acusticus: heterosulcoid, median. Ostium: Funnel-like, shorter than cauda. Cauda: tubular, markedly curved. Anterior region: peaked, rostrum antirostrum poorly developed, no excisura and no notch. Posterior region: irregular."
Synagrops_japonicus_Sp9_L (23).tif,Oval,Rhomboidal,"Type: Sagittal. Side: Left otolith. Shape: Rhomboidal, crenate dorsal and entire ventral margins. Sulcus acusticus: heterosulcoid, median. Ostium: Funnel-like, shorter than cauda. Cauda: tubular, curled curved. Anterior region: peaked, rostrum antirostrum poorly developed, no excisura and no notch. Posterior region: irregular.
Class detected:Synagrops japonicus","Type: Sagittal, Side: Left otolith. Shape: Oval, crenate dorsal and entire ventral margins. Sulcus acusticus: heterosulcoid, median. Ostium: Funnel-like, shorter than cauda. Cauda: tubular, markedly curved. Anterior region: peaked, rostrum antirostrum poorly developed, no excisura and no notch. Posterior region: irregular."
Synagrops_japonicus_Sp9_L (24).tif,Oval,Rhomboidal,"Type: Sagittal. Side: Left otolith. Shape: Rhomboidal, crenate dorsal and entire ventral margins. Sulcus acusticus: heterosulcoid, median. Ostium: Funnel-like, shorter than cauda. Cauda: tubular, curled curved. Anterior region: peaked, rostrum antirostrum poorly developed, no excisura and no notch. Posterior region: irregular.
Class detected:Synagrops japonicus","Type: Sagittal, Side: Left otolith. Shape: Oval, crenate dorsal and entire ventral margins. Sulcus acusticus: heterosulcoid, median. Ostium: Funnel-like, shorter than cauda. Cauda: tubular, markedly curved. Anterior region: peaked, rostrum antirostrum poorly developed, no excisura and no notch. Posterior region: irregular."
Synagrops_japonicus_Sp9_L (25).tif,Oval,Rhomboidal,"Type: Sagittal. Side: Left otolith. Shape: Rhomboidal, crenate dorsal and entire ventral margins. Sulcus acusticus: heterosulcoid, median. Ostium: Funnel-like, shorter than cauda. Cauda: tubular, curled curved. Anterior region: peaked, rostrum antirostrum poorly developed, no excisura and no notch. Posterior region: irregular.
Class detected:Synagrops japonicus","Type: Sagittal, Side: Left otolith. Shape: Oval, crenate dorsal and entire ventral margins. Sulcus acusticus: heterosulcoid, median. Ostium: Funnel-like, shorter than cauda. Cauda: tubular, markedly curved. Anterior region: peaked, rostrum antirostrum poorly developed, no excisura and no notch. Posterior region: irregular."
Synagrops_japonicus_Sp9_L (26).tif,Oval,Rhomboidal,"Type: Sagittal. Side: Left otolith. Shape: Rhomboidal, crenate dorsal and entire ventral margins. Sulcus acusticus: heterosulcoid, median. Ostium: Funnel-like, shorter than cauda. Cauda: tubular, curled curved. Anterior region: peaked, rostrum antirostrum poorly developed, no excisura and no notch. Posterior region: irregular.
Class detected:Synagrops japonicus","Type: Sagittal, Side: Left otolith. Shape: Oval, crenate dorsal and entire ventral margins. Sulcus acusticus: heterosulcoid, median. Ostium: Funnel-like, shorter than cauda. Cauda: tubular, markedly curved. Anterior region: peaked, rostrum antirostrum poorly developed, no excisura and no notch. Posterior region: irregular."
Synagrops_japonicus_Sp9_L (3).tif,Oval,Rhomboidal,"Type: Sagittal. Side: Left otolith. Shape: Rhomboidal, crenate dorsal and entire ventral margins. Sulcus acusticus: heterosulcoid, median. Ostium: Funnel-like, shorter than cauda. Cauda: tubular, curled curved. Anterior region: peaked, rostrum antirostrum poorly developed, no excisura and no notch. Posterior region: irregular.
Class detected:Synagrops japonicus","Type: Sagittal, Side: Left otolith. Shape: Oval, crenate dorsal and entire ventral margins. Sulcus acusticus: heterosulcoid, median. Ostium: Funnel-like, shorter than cauda. Cauda: tubular, markedly curved. Anterior region: peaked, rostrum antirostrum poorly developed, no excisura and no notch. Posterior region: irregular."
Synagrops_japonicus_Sp9_L (4).tif,Oval,Rhomboidal,"Type: Sagittal. Side: Left otolith. Shape: Rhomboidal, crenate dorsal and entire ventral margins. Sulcus acusticus: heterosulcoid, median. Ostium: Funnel-like, shorter than cauda. Cauda: tubular, curled curved. Anterior region: peaked, rostrum antirostrum poorly developed, no excisura and no notch. Posterior region: irregular.
Class detected:Synagrops japonicus","Type: Sagittal, Side: Left otolith. Shape: Oval, crenate dorsal and entire ventral margins. Sulcus acusticus: heterosulcoid, median. Ostium: Funnel-like, shorter than cauda. Cauda: tubular, markedly curved. Anterior region: peaked, rostrum antirostrum poorly developed, no excisura and no notch. Posterior region: irregular."
Synagrops_japonicus_Sp9_L (5).tif,Oval,Rhomboidal,"Type: Sagittal. Side: Left otolith. Shape: Rhomboidal, crenate dorsal and entire ventral margins. Sulcus acusticus: heterosulcoid, median. Ostium: Funnel-like, shorter than cauda. Cauda: tubular, curled curved. Anterior region: peaked, rostrum antirostrum poorly developed, no excisura and no notch. Posterior region: irregular.
Class detected:Synagrops japonicus","Type: Sagittal, Side: Left otolith. Shape: Oval, crenate dorsal and entire ventral margins. Sulcus acusticus: heterosulcoid, median. Ostium: Funnel-like, shorter than cauda. Cauda: tubular, markedly curved. Anterior region: peaked, rostrum antirostrum poorly developed, no excisura and no notch. Posterior region: irregular."
Synagrops_japonicus_Sp9_L (6).tif,Oval,Rhomboidal,"Type: Sagittal. Side: Left otolith. Shape: Rhomboidal, crenate dorsal and entire ventral margins. Sulcus acusticus: heterosulcoid, median. Ostium: Funnel-like, shorter than cauda. Cauda: tubular, curled curved. Anterior region: peaked, rostrum antirostrum poorly developed, no excisura and no notch. Posterior region: irregular.
Class detected:Synagrops japonicus","Type: Sagittal, Side: Left otolith. Shape: Oval, crenate dorsal and entire ventral margins. Sulcus acusticus: heterosulcoid, median. Ostium: Funnel-like, shorter than cauda. Cauda: tubular, markedly curved. Anterior region: peaked, rostrum antirostrum poorly developed, no excisura and no notch. Posterior region: irregular."
Synagrops_japonicus_Sp9_L (7).tif,Oval,Rhomboidal,"Type: Sagittal. Side: Left otolith. Shape: Rhomboidal, crenate dorsal and entire ventral margins. Sulcus acusticus: heterosulcoid, median. Ostium: Funnel-like, shorter than cauda. Cauda: tubular, curled curved. Anterior region: peaked, rostrum antirostrum poorly developed, no excisura and no notch. Posterior region: irregular.
Class detected:Synagrops japonicus","Type: Sagittal, Side: Left otolith. Shape: Oval, crenate dorsal and entire ventral margins. Sulcus acusticus: heterosulcoid, median. Ostium: Funnel-like, shorter than cauda. Cauda: tubular, markedly curved. Anterior region: peaked, rostrum antirostrum poorly developed, no excisura and no notch. Posterior region: irregular."
Synagrops_japonicus_Sp9_L (8).tif,Oval,Rhomboidal,"Type: Sagittal. Side: Left otolith. Shape: Rhomboidal, crenate dorsal and entire ventral margins. Sulcus acusticus: heterosulcoid, median. Ostium: Funnel-like, shorter than cauda. Cauda: tubular, curled curved. Anterior region: peaked, rostrum antirostrum poorly developed, no excisura and no notch. Posterior region: irregular.
Class detected:Synagrops japonicus","Type: Sagittal, Side: Left otolith. Shape: Oval, crenate dorsal and entire ventral margins. Sulcus acusticus: heterosulcoid, median. Ostium: Funnel-like, shorter than cauda. Cauda: tubular, markedly curved. Anterior region: peaked, rostrum antirostrum poorly developed, no excisura and no notch. Posterior region: irregular."
Synagrops_japonicus_Sp9_L (9).tif,Oval,Rhomboidal,"Type: Sagittal. Side: Left otolith. Shape: Rhomboidal, crenate dorsal and entire ventral margins. Sulcus acusticus: heterosulcoid, median. Ostium: Funnel-like, shorter than cauda. Cauda: tubular, curled curved. Anterior region: peaked, rostrum antirostrum poorly developed, no excisura and no notch. Posterior region: irregular.
Class detected:Synagrops japonicus","Type: Sagittal, Side: Left otolith. Shape: Oval, crenate dorsal and entire ventral margins. Sulcus acusticus: heterosulcoid, median. Ostium: Funnel-like, shorter than cauda. Cauda: tubular, markedly curved. Anterior region: peaked, rostrum antirostrum poorly developed, no excisura and no notch. Posterior region: irregular."
Synagrops_japonicus_Sp9_R (1).tif,Oval,Rhomboidal,"Type: Sagittal. Side: Right otolith. Shape: Rhomboidal, crenate dorsal and entire ventral margins. Sulcus acusticus: heterosulcoid, median. Ostium: Funnel-like, shorter than cauda. Cauda: tubular, curled curved. Anterior region: peaked, rostrum antirostrum poorly developed, no excisura and no notch. Posterior region: irregular.
Class detected:Synagrops japonicus","Type: Sagittal, Side: Right otolith. Shape: Oval, entire to sinuate dorsal and entire to sinuate ventral margins. Sulcus acusticus: heterosulcoid, median. Ostium: Funnel-like, shorter than cauda. Cauda: tubular, strongly curved. Anterior region: peaked, rostrum antirostrum poorly developed, no excisura and no notch. Posterior region: peaked or irregular."
Synagrops_japonicus_Sp9_R (10).tif,Oval,Rhomboidal,"Type: Sagittal. Side: Right otolith. Shape: Rhomboidal, sinuate to crenate dorsal and entire to sinuate ventral margins. Sulcus acusticus: heterosulcoid, median. Ostium: Funnel-like, shorter than cauda. Cauda: tubular, curled curved. Anterior region: peaked, rostrum antirostrum poorly developed, no excisura and no notch. Posterior region: irregular.
Class detected:Synagrops japonicus","Type: Sagittal, Side: Right otolith. Shape: Oval, entire to sinuate dorsal and entire to sinuate ventral margins. Sulcus acusticus: heterosulcoid, median. Ostium: Funnel-like, shorter than cauda. Cauda: tubular, strongly curved. Anterior region: peaked, rostrum antirostrum poorly developed, no excisura and no notch. Posterior region: peaked or irregular."
Synagrops_japonicus_Sp9_R (11).tif,Oval,Rhomboidal,"Type: Sagittal. Side: Right otolith. Shape: Rhomboidal, crenate dorsal and entire ventral margins. Sulcus acusticus: heterosulcoid, median. Ostium: Funnel-like, shorter than cauda. Cauda: tubular, curled curved. Anterior region: peaked, rostrum antirostrum poorly developed, no excisura and no notch. Posterior region: irregular.
Class detected:Synagrops japonicus","Type: Sagittal, Side: Right otolith. Shape: Oval, entire to sinuate dorsal and entire to sinuate ventral margins. Sulcus acusticus: heterosulcoid, median. Ostium: Funnel-like, shorter than cauda. Cauda: tubular, strongly curved. Anterior region: peaked, rostrum antirostrum poorly developed, no excisura and no notch. Posterior region: peaked or irregular."
Synagrops_japonicus_Sp9_R (12).tif,Oval,Rhomboidal,"Type: Sagittal. Side: Right otolith. Shape: Rhomboidal, sinuate to crenate dorsal and entire to sinuate ventral margins. Sulcus acusticus: heterosulcoid, median. Ostium: Funnel-like, shorter than cauda. Cauda: tubular, curled curved. Anterior region: peaked, rostrum antirostrum poorly developed, no excisura and no notch. Posterior region: irregular.
Class detected:Synagrops japonicus","Type: Sagittal, Side: Right otolith. Shape: Oval, entire to sinuate dorsal and entire to sinuate ventral margins. Sulcus acusticus: heterosulcoid, median. Ostium: Funnel-like, shorter than cauda. Cauda: tubular, strongly curved. Anterior region: peaked, rostrum antirostrum poorly developed, no excisura and no notch. Posterior region: peaked or irregular."
Synagrops_japonicus_Sp9_R (13).tif,Oval,Rhomboidal,"Type: Sagittal. Side: Right otolith. Shape: Rhomboidal, sinuate to crenate dorsal and entire to sinuate ventral margins. Sulcus acusticus: heterosulcoid, median. Ostium: Funnel-like, shorter than cauda. Cauda: tubular, curled curved. Anterior region: peaked, rostrum antirostrum poorly developed, no excisura and no notch. Posterior region: irregular.
Class detected:Synagrops japonicus","Type: Sagittal, Side: Right otolith. Shape: Oval, entire to sinuate dorsal and entire to sinuate ventral margins. Sulcus acusticus: heterosulcoid, median. Ostium: Funnel-like, shorter than cauda. Cauda: tubular, strongly curved. Anterior region: peaked, rostrum antirostrum poorly developed, no excisura and no notch. Posterior region: peaked or irregular."
Synagrops_japonicus_Sp9_R (14).tif,Oval,Rhomboidal,"Type: Sagittal. Side: Right otolith. Shape: Rhomboidal, sinuate to crenate dorsal and entire to sinuate ventral margins. Sulcus acusticus: heterosulcoid, median. Ostium: Funnel-like, shorter than cauda. Cauda: tubular, curled curved. Anterior region: peaked, rostrum antirostrum poorly developed, no excisura and no notch. Posterior region: irregular.
Class detected:Synagrops japonicus","Type: Sagittal, Side: Right otolith. Shape: Oval, entire to sinuate dorsal and entire to sinuate ventral margins. Sulcus acusticus: heterosulcoid, median. Ostium: Funnel-like, shorter than cauda. Cauda: tubular, strongly curved. Anterior region: peaked, rostrum antirostrum poorly developed, no excisura and no notch. Posterior region: peaked or irregular."
Synagrops_japonicus_Sp9_R (15).tif,Oval,Rhomboidal,"Type: Sagittal. Side: Right otolith. Shape: Rhomboidal, sinuate to crenate dorsal and entire to sinuate ventral margins. Sulcus acusticus: heterosulcoid, median. Ostium: Funnel-like, shorter than cauda. Cauda: tubular, curled curved. Anterior region: peaked, rostrum antirostrum poorly developed, no excisura and no notch. Posterior region: irregular.
Class detected:Synagrops japonicus","Type: Sagittal, Side: Right otolith. Shape: Oval, entire to sinuate dorsal and entire to sinuate ventral margins. Sulcus acusticus: heterosulcoid, median. Ostium: Funnel-like, shorter than cauda. Cauda: tubular, strongly curved. Anterior region: peaked, rostrum antirostrum poorly developed, no excisura and no notch. Posterior region: peaked or irregular."
Synagrops_japonicus_Sp9_R (16).tif,Oval,Rhomboidal,"Type: Sagittal. Side: Right otolith. Shape: Rhomboidal, sinuate to crenate dorsal and entire to sinuate ventral margins. Sulcus acusticus: heterosulcoid, median. Ostium: Funnel-like, shorter than cauda. Cauda: tubular, curled curved. Anterior region: peaked, rostrum antirostrum poorly developed, no excisura and no notch. Posterior region: irregular.
Class detected:Synagrops japonicus","Type: Sagittal, Side: Right otolith. Shape: Oval, entire to sinuate dorsal and entire to sinuate ventral margins. Sulcus acusticus: heterosulcoid, median. Ostium: Funnel-like, shorter than cauda. Cauda: tubular, strongly curved. Anterior region: peaked, rostrum antirostrum poorly developed, no excisura and no notch. Posterior region: peaked or irregular."
Synagrops_japonicus_Sp9_R (17).tif,Oval,Rhomboidal,"Type: Sagittal. Side: Right otolith. Shape: Rhomboidal, sinuate to crenate dorsal and entire to sinuate ventral margins. Sulcus acusticus: heterosulcoid, median. Ostium: Funnel-like, shorter than cauda. Cauda: tubular, curled curved. Anterior region: peaked, rostrum antirostrum poorly developed, no excisura and no notch. Posterior region: irregular.
Class detected:Synagrops japonicus","Type: Sagittal, Side: Right otolith. Shape: Oval, entire to sinuate dorsal and entire to sinuate ventral margins. Sulcus acusticus: heterosulcoid, median. Ostium: Funnel-like, shorter than cauda. Cauda: tubular, strongly curved. Anterior region: peaked, rostrum antirostrum poorly developed, no excisura and no notch. Posterior region: peaked or irregular."
Synagrops_japonicus_Sp9_R (18).tif,Oval,Rhomboidal,"Type: Sagittal. Side: Right otolith. Shape: Rhomboidal, sinuate to crenate dorsal and entire to sinuate ventral margins. Sulcus acusticus: heterosulcoid, median. Ostium: Funnel-like, shorter than cauda. Cauda: tubular, curled curved. Anterior region: peaked, rostrum antirostrum poorly developed, no excisura and no notch. Posterior region: irregular.
Class detected:Synagrops japonicus","Type: Sagittal, Side: Right otolith. Shape: Oval, entire to sinuate dorsal and entire to sinuate ventral margins. Sulcus acusticus: heterosulcoid, median. Ostium: Funnel-like, shorter than cauda. Cauda: tubular, strongly curved. Anterior region: peaked, rostrum antirostrum poorly developed, no excisura and no notch. Posterior region: peaked or irregular."
Synagrops_japonicus_Sp9_R (19).tif,Oval,Rhomboidal,"Type: Sagittal. Side: Right otolith. Shape: Rhomboidal, sinuate to crenate dorsal and entire to sinuate ventral margins. Sulcus acusticus: heterosulcoid, median. Ostium: Funnel-like, shorter than cauda. Cauda: tubular, curled curved. Anterior region: peaked, rostrum antirostrum poorly developed, no excisura and no notch. Posterior region: irregular.
Class detected:Synagrops japonicus","Type: Sagittal, Side: Right otolith. Shape: Oval, entire to sinuate dorsal and entire to sinuate ventral margins. Sulcus acusticus: heterosulcoid, median. Ostium: Funnel-like, shorter than cauda. Cauda: tubular, strongly curved. Anterior region: peaked, rostrum antirostrum poorly developed, no excisura and no notch. Posterior region: peaked or irregular."
Synagrops_japonicus_Sp9_R (2).tif,Oval,Rhomboidal,"Type: Sagittal. Side: Right otolith. Shape: Rhomboidal, crenate dorsal and entire ventral margins. Sulcus acusticus: heterosulcoid, median. Ostium: Funnel-like, shorter than cauda. Cauda: tubular, curled curved. Anterior region: peaked, rostrum antirostrum poorly developed, no excisura and no notch. Posterior region: irregular.
Class detected:Synagrops japonicus","Type: Sagittal, Side: Right otolith. Shape: Oval, entire to sinuate dorsal and entire to sinuate ventral margins. Sulcus acusticus: heterosulcoid, median. Ostium: Funnel-like, shorter than cauda. Cauda: tubular, strongly curved. Anterior region: peaked, rostrum antirostrum poorly developed, no excisura and no notch. Posterior region: peaked or irregular."
Synagrops_japonicus_Sp9_R (20).tif,Oval,Rhomboidal,"Type: Sagittal. Side: Right otolith. Shape: Rhomboidal, crenate dorsal and entire ventral margins. Sulcus acusticus: heterosulcoid, median. Ostium: Funnel-like, shorter than cauda. Cauda: tubular, curled curved. Anterior region: peaked, rostrum antirostrum poorly developed, no excisura and no notch. Posterior region: irregular.
Class detected:Synagrops japonicus","Type: Sagittal, Side: Right otolith. Shape: Oval, entire to sinuate dorsal and entire to sinuate ventral margins. Sulcus acusticus: heterosulcoid, median. Ostium: Funnel-like, shorter than cauda. Cauda: tubular, strongly curved. Anterior region: peaked, rostrum antirostrum poorly developed, no excisura and no notch. Posterior region: peaked or irregular."
Synagrops_japonicus_Sp9_R (21).tif,Oval,Rhomboidal,"Type: Sagittal. Side: Right otolith. Shape: Rhomboidal, sinuate to crenate dorsal and entire to sinuate ventral margins. Sulcus acusticus: heterosulcoid, median. Ostium: Funnel-like, shorter than cauda. Cauda: tubular, curled curved. Anterior region: peaked, rostrum antirostrum poorly developed, no excisura and no notch. Posterior region: irregular.
Class detected:Synagrops japonicus","Type: Sagittal, Side: Right otolith. Shape: Oval, entire to sinuate dorsal and entire to sinuate ventral margins. Sulcus acusticus: heterosulcoid, median. Ostium: Funnel-like, shorter than cauda. Cauda: tubular, strongly curved. Anterior region: peaked, rostrum antirostrum poorly developed, no excisura and no notch. Posterior region: peaked or irregular."
Synagrops_japonicus_Sp9_R (22).tif,Oval,Rhomboidal,"Type: Sagittal. Side: Right otolith. Shape: Rhomboidal, sinuate to crenate dorsal and entire to sinuate ventral margins. Sulcus acusticus: heterosulcoid, median. Ostium: Funnel-like, shorter than cauda. Cauda: tubular, curled curved. Anterior region: peaked, rostrum antirostrum poorly developed, no excisura and no notch. Posterior region: irregular.
Class detected:Synagrops japonicus","Type: Sagittal, Side: Right otolith. Shape: Oval, entire to sinuate dorsal and entire to sinuate ventral margins. Sulcus acusticus: heterosulcoid, median. Ostium: Funnel-like, shorter than cauda. Cauda: tubular, strongly curved. Anterior region: peaked, rostrum antirostrum poorly developed, no excisura and no notch. Posterior region: peaked or irregular."
Synagrops_japonicus_Sp9_R (23).tif,Oval,Rhomboidal,"Type: Sagittal. Side: Right otolith. Shape: Rhomboidal, sinuate to crenate dorsal and entire to sinuate ventral margins. Sulcus acusticus: heterosulcoid, median. Ostium: Funnel-like, shorter than cauda. Cauda: tubular, curled curved. Anterior region: peaked, rostrum antirostrum poorly developed, no excisura and no notch. Posterior region: irregular.
Class detected:Synagrops japonicus","Type: Sagittal, Side: Right otolith. Shape: Oval, entire to sinuate dorsal and entire to sinuate ventral margins. Sulcus acusticus: heterosulcoid, median. Ostium: Funnel-like, shorter than cauda. Cauda: tubular, strongly curved. Anterior region: peaked, rostrum antirostrum poorly developed, no excisura and no notch. Posterior region: peaked or irregular."
Synagrops_japonicus_Sp9_R (24).tif,Oval,Rhomboidal,"Type: Sagittal. Side: Right otolith. Shape: Rhomboidal, sinuate to crenate dorsal and entire to sinuate ventral margins. Sulcus acusticus: heterosulcoid, median. Ostium: Funnel-like, shorter than cauda. Cauda: tubular, curled curved. Anterior region: peaked, rostrum antirostrum poorly developed, no excisura and no notch. Posterior region: irregular.
Class detected:Synagrops japonicus","Type: Sagittal, Side: Right otolith. Shape: Oval, entire to sinuate dorsal and entire to sinuate ventral margins. Sulcus acusticus: heterosulcoid, median. Ostium: Funnel-like, shorter than cauda. Cauda: tubular, strongly curved. Anterior region: peaked, rostrum antirostrum poorly developed, no excisura and no notch. Posterior region: peaked or irregular."
Synagrops_japonicus_Sp9_R (25).tif,Oval,Rhomboidal,"Type: Sagittal. Side: Right otolith. Shape: Rhomboidal, sinuate to crenate dorsal and entire to sinuate ventral margins. Sulcus acusticus: heterosulcoid, median. Ostium: Funnel-like, shorter than cauda. Cauda: tubular, curled curved. Anterior region: peaked, rostrum antirostrum poorly developed, no excisura and no notch. Posterior region: irregular.
Class detected:Synagrops japonicus","Type: Sagittal, Side: Right otolith. Shape: Oval, entire to sinuate dorsal and entire to sinuate ventral margins. Sulcus acusticus: heterosulcoid, median. Ostium: Funnel-like, shorter than cauda. Cauda: tubular, strongly curved. Anterior region: peaked, rostrum antirostrum poorly developed, no excisura and no notch. Posterior region: peaked or irregular."
Synagrops_japonicus_Sp9_R (3).tif,Oval,Rhomboidal,"Type: Sagittal. Side: Right otolith. Shape: Rhomboidal, sinuate to crenate dorsal and entire to sinuate ventral margins. Sulcus acusticus: heterosulcoid, median. Ostium: Funnel-like, shorter than cauda. Cauda: tubular, curled curved. Anterior region: peaked, rostrum antirostrum poorly developed, no excisura and no notch. Posterior region: irregular.
Class detected:Synagrops japonicus","Type: Sagittal, Side: Right otolith. Shape: Oval, entire to sinuate dorsal and entire to sinuate ventral margins. Sulcus acusticus: heterosulcoid, median. Ostium: Funnel-like, shorter than cauda. Cauda: tubular, strongly curved. Anterior region: peaked, rostrum antirostrum poorly developed, no excisura and no notch. Posterior region: peaked or irregular."
Synagrops_japonicus_Sp9_R (4).tif,Oval,Rhomboidal,"Type: Sagittal. Side: Right otolith. Shape: Rhomboidal, sinuate to crenate dorsal and entire to sinuate ventral margins. Sulcus acusticus: heterosulcoid, median. Ostium: Funnel-like, shorter than cauda. Cauda: tubular, curled curved. Anterior region: peaked, rostrum antirostrum poorly developed, no excisura and no notch. Posterior region: irregular.
Class detected:Synagrops japonicus","Type: Sagittal, Side: Right otolith. Shape: Oval, entire to sinuate dorsal and entire to sinuate ventral margins. Sulcus acusticus: heterosulcoid, median. Ostium: Funnel-like, shorter than cauda. Cauda: tubular, strongly curved. Anterior region: peaked, rostrum antirostrum poorly developed, no excisura and no notch. Posterior region: peaked or irregular."
Synagrops_japonicus_Sp9_R (5).tif,Oval,Rhomboidal,"Type: Sagittal. Side: Right otolith. Shape: Rhomboidal, crenate dorsal and entire ventral margins. Sulcus acusticus: heterosulcoid, median. Ostium: Funnel-like, shorter than cauda. Cauda: tubular, curled curved. Anterior region: peaked, rostrum antirostrum poorly developed, no excisura and no notch. Posterior region: irregular.
Class detected:Synagrops japonicus","Type: Sagittal, Side: Right otolith. Shape: Oval, entire to sinuate dorsal and entire to sinuate ventral margins. Sulcus acusticus: heterosulcoid, median. Ostium: Funnel-like, shorter than cauda. Cauda: tubular, strongly curved. Anterior region: peaked, rostrum antirostrum poorly developed, no excisura and no notch. Posterior region: peaked or irregular."
Synagrops_japonicus_Sp9_R (6).tif,Oval,Rhomboidal,"Type: Sagittal. Side: Right otolith. Shape: Rhomboidal, crenate dorsal and entire ventral margins. Sulcus acusticus: heterosulcoid, median. Ostium: Funnel-like, shorter than cauda. Cauda: tubular, curled curved. Anterior region: peaked, rostrum antirostrum poorly developed, no excisura and no notch. Posterior region: irregular.
Class detected:Synagrops japonicus","Type: Sagittal, Side: Right otolith. Shape: Oval, entire to sinuate dorsal and entire to sinuate ventral margins. Sulcus acusticus: heterosulcoid, median. Ostium: Funnel-like, shorter than cauda. Cauda: tubular, strongly curved. Anterior region: peaked, rostrum antirostrum poorly developed, no excisura and no notch. Posterior region: peaked or irregular."
Synagrops_japonicus_Sp9_R (7).tif,Oval,Rhomboidal,"Type: Sagittal. Side: Right otolith. Shape: Rhomboidal, crenate dorsal and entire ventral margins. Sulcus acusticus: heterosulcoid, median. Ostium: Funnel-like, shorter than cauda. Cauda: tubular, curled curved. Anterior region: peaked, rostrum antirostrum poorly developed, no excisura and no notch. Posterior region: irregular.
Class detected:Synagrops japonicus","Type: Sagittal, Side: Right otolith. Shape: Oval, entire to sinuate dorsal and entire to sinuate ventral margins. Sulcus acusticus: heterosulcoid, median. Ostium: Funnel-like, shorter than cauda. Cauda: tubular, strongly curved. Anterior region: peaked, rostrum antirostrum poorly developed, no excisura and no notch. Posterior region: peaked or irregular."
Synagrops_japonicus_Sp9_R (8).tif,Oval,Rhomboidal,"Type: Sagittal. Side: Right otolith. Shape: Rhomboidal, sinuate to crenate dorsal and entire to sinuate ventral margins. Sulcus acusticus: heterosulcoid, median. Ostium: Funnel-like, shorter than cauda. Cauda: tubular, curled curved. Anterior region: peaked, rostrum antirostrum poorly developed, no excisura and no notch. Posterior region: irregular.
Class detected:Synagrops japonicus","Type: Sagittal, Side: Right otolith. Shape: Oval, entire to sinuate dorsal and entire to sinuate ventral margins. Sulcus acusticus: heterosulcoid, median. Ostium: Funnel-like, shorter than cauda. Cauda: tubular, strongly curved. Anterior region: peaked, rostrum antirostrum poorly developed, no excisura and no notch. Posterior region: peaked or irregular."
Synagrops_japonicus_Sp9_R (9).tif,Oval,Rhomboidal,"Type: Sagittal. Side: Right otolith. Shape: Rhomboidal, sinuate to crenate dorsal and entire to sinuate ventral margins. Sulcus acusticus: heterosulcoid, median. Ostium: Funnel-like, shorter than cauda. Cauda: tubular, curled curved. Anterior region: peaked, rostrum antirostrum poorly developed, no excisura and no notch. Posterior region: irregular.
Class detected:Synagrops japonicus","Type: Sagittal, Side: Right otolith. Shape: Oval, entire to sinuate dorsal and entire to sinuate ventral margins. Sulcus acusticus: heterosulcoid, median. Ostium: Funnel-like, shorter than cauda. Cauda: tubular, strongly curved. Anterior region: peaked, rostrum antirostrum poorly developed, no excisura and no notch. Posterior region: peaked or irregular."
