tag,label,image_path,dim
ID,Alepocephalus bicolor,/home/reshma/Otolith/otolith_Final/model_data/test/Alepocephalus bicolor/ab3980512.tif,2560.0
ID,Alepocephalus bicolor,/home/reshma/Otolith/otolith_Final/model_data/test/Alepocephalus bicolor/ab3980518.tif,2560.0
ID,Alepocephalus bicolor,/home/reshma/Otolith/otolith_Final/model_data/test/Alepocephalus bicolor/ab3980520.tif,2560.0
ID,Apistus carinatus,/home/reshma/Otolith/otolith_Final/model_data/test/Apistus carinatus/Api 3 dorsal1.6x3.tif,2560.0
ID,Apistus carinatus,/home/reshma/Otolith/otolith_Final/model_data/test/Apistus carinatus/Api dorsal 1.6x.tif,2560.0
ID,Brachypterois serrulata,/home/reshma/Otolith/otolith_Final/model_data/test/Brachypterois serrulata/Brachypterois serrulata_Sp4_L (1).tif,2560.0
ID,Brachypterois serrulata,/home/reshma/Otolith/otolith_Final/model_data/test/Brachypterois serrulata/Brachypterois serrulata_Sp4_L (10).tif,2560.0
ID,Brachypterois serrulata,/home/reshma/Otolith/otolith_Final/model_data/test/Brachypterois serrulata/Brachypterois serrulata_Sp4_L (100).tif,2560.0
ID,Brachypterois serrulata,/home/reshma/Otolith/otolith_Final/model_data/test/Brachypterois serrulata/Brachypterois serrulata_Sp4_L (101).tif,2560.0
ID,Brachypterois serrulata,/home/reshma/Otolith/otolith_Final/model_data/test/Brachypterois serrulata/Brachypterois serrulata_Sp4_L (102).tif,2560.0
ID,Brachypterois serrulata,/home/reshma/Otolith/otolith_Final/model_data/test/Brachypterois serrulata/Brachypterois serrulata_Sp4_L (103).tif,2560.0
ID,Brachypterois serrulata,/home/reshma/Otolith/otolith_Final/model_data/test/Brachypterois serrulata/Brachypterois serrulata_Sp4_L (104).tif,2560.0
ID,Brachypterois serrulata,/home/reshma/Otolith/otolith_Final/model_data/test/Brachypterois serrulata/Brachypterois serrulata_Sp4_L (105).tif,2560.0
ID,Brachypterois serrulata,/home/reshma/Otolith/otolith_Final/model_data/test/Brachypterois serrulata/Brachypterois serrulata_Sp4_L (106).tif,2560.0
ID,Brachypterois serrulata,/home/reshma/Otolith/otolith_Final/model_data/test/Brachypterois serrulata/Brachypterois serrulata_Sp4_L (107).tif,2560.0
ID,Brachypterois serrulata,/home/reshma/Otolith/otolith_Final/model_data/test/Brachypterois serrulata/Brachypterois serrulata_Sp4_L (108).tif,2560.0
ID,Brachypterois serrulata,/home/reshma/Otolith/otolith_Final/model_data/test/Brachypterois serrulata/Brachypterois serrulata_Sp4_L (109).tif,2560.0
ID,Brachypterois serrulata,/home/reshma/Otolith/otolith_Final/model_data/test/Brachypterois serrulata/Brachypterois serrulata_Sp4_L (11).tif,2560.0
ID,Brachypterois serrulata,/home/reshma/Otolith/otolith_Final/model_data/test/Brachypterois serrulata/Brachypterois serrulata_Sp4_L (110).tif,2560.0
ID,Brachypterois serrulata,/home/reshma/Otolith/otolith_Final/model_data/test/Brachypterois serrulata/Brachypterois serrulata_Sp4_L (111).tif,2560.0
ID,Brachypterois serrulata,/home/reshma/Otolith/otolith_Final/model_data/test/Brachypterois serrulata/Brachypterois serrulata_Sp4_L (112).tif,2560.0
ID,Brachypterois serrulata,/home/reshma/Otolith/otolith_Final/model_data/test/Brachypterois serrulata/Brachypterois serrulata_Sp4_L (113).tif,2560.0
ID,Brachypterois serrulata,/home/reshma/Otolith/otolith_Final/model_data/test/Brachypterois serrulata/Brachypterois serrulata_Sp4_L (114).tif,2560.0
ID,Brachypterois serrulata,/home/reshma/Otolith/otolith_Final/model_data/test/Brachypterois serrulata/Brachypterois serrulata_Sp4_L (115).tif,2560.0
ID,Brachypterois serrulata,/home/reshma/Otolith/otolith_Final/model_data/test/Brachypterois serrulata/Brachypterois serrulata_Sp4_L (116).tif,2560.0
ID,Brachypterois serrulata,/home/reshma/Otolith/otolith_Final/model_data/test/Brachypterois serrulata/Brachypterois serrulata_Sp4_L (12).tif,2560.0
ID,Brachypterois serrulata,/home/reshma/Otolith/otolith_Final/model_data/test/Brachypterois serrulata/Brachypterois serrulata_Sp4_L (13).tif,2560.0
ID,Brachypterois serrulata,/home/reshma/Otolith/otolith_Final/model_data/test/Brachypterois serrulata/Brachypterois serrulata_Sp4_L (14).tif,2560.0
ID,Brachypterois serrulata,/home/reshma/Otolith/otolith_Final/model_data/test/Brachypterois serrulata/Brachypterois serrulata_Sp4_L (15).tif,2560.0
ID,Brachypterois serrulata,/home/reshma/Otolith/otolith_Final/model_data/test/Brachypterois serrulata/Brachypterois serrulata_Sp4_L (16).tif,2560.0
ID,Brachypterois serrulata,/home/reshma/Otolith/otolith_Final/model_data/test/Brachypterois serrulata/Brachypterois serrulata_Sp4_L (17).tif,2560.0
ID,Brachypterois serrulata,/home/reshma/Otolith/otolith_Final/model_data/test/Brachypterois serrulata/Brachypterois serrulata_Sp4_L (18).tif,2560.0
ID,Brachypterois serrulata,/home/reshma/Otolith/otolith_Final/model_data/test/Brachypterois serrulata/Brachypterois serrulata_Sp4_L (19).tif,2560.0
ID,Brachypterois serrulata,/home/reshma/Otolith/otolith_Final/model_data/test/Brachypterois serrulata/Brachypterois serrulata_Sp4_L (2).tif,2560.0
ID,Brachypterois serrulata,/home/reshma/Otolith/otolith_Final/model_data/test/Brachypterois serrulata/Brachypterois serrulata_Sp4_L (20).tif,2560.0
ID,Brachypterois serrulata,/home/reshma/Otolith/otolith_Final/model_data/test/Brachypterois serrulata/Brachypterois serrulata_Sp4_L (21).tif,2560.0
ID,Brachypterois serrulata,/home/reshma/Otolith/otolith_Final/model_data/test/Brachypterois serrulata/Brachypterois serrulata_Sp4_L (22).tif,2560.0
ID,Brachypterois serrulata,/home/reshma/Otolith/otolith_Final/model_data/test/Brachypterois serrulata/Brachypterois serrulata_Sp4_L (23).tif,2560.0
ID,Brachypterois serrulata,/home/reshma/Otolith/otolith_Final/model_data/test/Brachypterois serrulata/Brachypterois serrulata_Sp4_L (24).tif,2560.0
ID,Brachypterois serrulata,/home/reshma/Otolith/otolith_Final/model_data/test/Brachypterois serrulata/Brachypterois serrulata_Sp4_L (25).tif,2560.0
ID,Brachypterois serrulata,/home/reshma/Otolith/otolith_Final/model_data/test/Brachypterois serrulata/Brachypterois serrulata_Sp4_L (26).tif,2560.0
ID,Brachypterois serrulata,/home/reshma/Otolith/otolith_Final/model_data/test/Brachypterois serrulata/Brachypterois serrulata_Sp4_L (27).tif,2560.0
ID,Brachypterois serrulata,/home/reshma/Otolith/otolith_Final/model_data/test/Brachypterois serrulata/Brachypterois serrulata_Sp4_L (28).tif,2560.0
ID,Brachypterois serrulata,/home/reshma/Otolith/otolith_Final/model_data/test/Brachypterois serrulata/Brachypterois serrulata_Sp4_L (29).tif,2560.0
ID,Brachypterois serrulata,/home/reshma/Otolith/otolith_Final/model_data/test/Brachypterois serrulata/Brachypterois serrulata_Sp4_L (3).tif,2560.0
ID,Brachypterois serrulata,/home/reshma/Otolith/otolith_Final/model_data/test/Brachypterois serrulata/Brachypterois serrulata_Sp4_L (30).tif,2560.0
ID,Brachypterois serrulata,/home/reshma/Otolith/otolith_Final/model_data/test/Brachypterois serrulata/Brachypterois serrulata_Sp4_L (31).tif,2560.0
ID,Brachypterois serrulata,/home/reshma/Otolith/otolith_Final/model_data/test/Brachypterois serrulata/Brachypterois serrulata_Sp4_L (32).tif,2560.0
ID,Brachypterois serrulata,/home/reshma/Otolith/otolith_Final/model_data/test/Brachypterois serrulata/Brachypterois serrulata_Sp4_L (33).tif,2560.0
ID,Brachypterois serrulata,/home/reshma/Otolith/otolith_Final/model_data/test/Brachypterois serrulata/Brachypterois serrulata_Sp4_L (34).tif,2560.0
ID,Brachypterois serrulata,/home/reshma/Otolith/otolith_Final/model_data/test/Brachypterois serrulata/Brachypterois serrulata_Sp4_L (35).tif,2560.0
ID,Brachypterois serrulata,/home/reshma/Otolith/otolith_Final/model_data/test/Brachypterois serrulata/Brachypterois serrulata_Sp4_L (36).tif,2560.0
ID,Brachypterois serrulata,/home/reshma/Otolith/otolith_Final/model_data/test/Brachypterois serrulata/Brachypterois serrulata_Sp4_L (37).tif,2560.0
ID,Brachypterois serrulata,/home/reshma/Otolith/otolith_Final/model_data/test/Brachypterois serrulata/Brachypterois serrulata_Sp4_L (38).tif,2560.0
ID,Brachypterois serrulata,/home/reshma/Otolith/otolith_Final/model_data/test/Brachypterois serrulata/Brachypterois serrulata_Sp4_L (39).tif,2560.0
ID,Brachypterois serrulata,/home/reshma/Otolith/otolith_Final/model_data/test/Brachypterois serrulata/Brachypterois serrulata_Sp4_L (4).tif,2560.0
ID,Brachypterois serrulata,/home/reshma/Otolith/otolith_Final/model_data/test/Brachypterois serrulata/Brachypterois serrulata_Sp4_L (40).tif,2560.0
ID,Brachypterois serrulata,/home/reshma/Otolith/otolith_Final/model_data/test/Brachypterois serrulata/Brachypterois serrulata_Sp4_L (41).tif,2560.0
ID,Brachypterois serrulata,/home/reshma/Otolith/otolith_Final/model_data/test/Brachypterois serrulata/Brachypterois serrulata_Sp4_L (42).tif,2560.0
ID,Brachypterois serrulata,/home/reshma/Otolith/otolith_Final/model_data/test/Brachypterois serrulata/Brachypterois serrulata_Sp4_L (43).tif,2560.0
ID,Brachypterois serrulata,/home/reshma/Otolith/otolith_Final/model_data/test/Brachypterois serrulata/Brachypterois serrulata_Sp4_L (44).tif,2560.0
ID,Brachypterois serrulata,/home/reshma/Otolith/otolith_Final/model_data/test/Brachypterois serrulata/Brachypterois serrulata_Sp4_L (45).tif,2560.0
ID,Brachypterois serrulata,/home/reshma/Otolith/otolith_Final/model_data/test/Brachypterois serrulata/Brachypterois serrulata_Sp4_L (46).tif,2560.0
ID,Brachypterois serrulata,/home/reshma/Otolith/otolith_Final/model_data/test/Brachypterois serrulata/Brachypterois serrulata_Sp4_L (47).tif,2560.0
ID,Brachypterois serrulata,/home/reshma/Otolith/otolith_Final/model_data/test/Brachypterois serrulata/Brachypterois serrulata_Sp4_L (48).tif,2560.0
ID,Brachypterois serrulata,/home/reshma/Otolith/otolith_Final/model_data/test/Brachypterois serrulata/Brachypterois serrulata_Sp4_L (49).tif,2560.0
ID,Brachypterois serrulata,/home/reshma/Otolith/otolith_Final/model_data/test/Brachypterois serrulata/Brachypterois serrulata_Sp4_L (5).tif,2560.0
ID,Brachypterois serrulata,/home/reshma/Otolith/otolith_Final/model_data/test/Brachypterois serrulata/Brachypterois serrulata_Sp4_L (50).tif,2560.0
ID,Brachypterois serrulata,/home/reshma/Otolith/otolith_Final/model_data/test/Brachypterois serrulata/Brachypterois serrulata_Sp4_L (51).tif,2560.0
ID,Brachypterois serrulata,/home/reshma/Otolith/otolith_Final/model_data/test/Brachypterois serrulata/Brachypterois serrulata_Sp4_L (52).tif,2560.0
ID,Brachypterois serrulata,/home/reshma/Otolith/otolith_Final/model_data/test/Brachypterois serrulata/Brachypterois serrulata_Sp4_L (53).tif,2560.0
ID,Brachypterois serrulata,/home/reshma/Otolith/otolith_Final/model_data/test/Brachypterois serrulata/Brachypterois serrulata_Sp4_L (54).tif,2560.0
ID,Brachypterois serrulata,/home/reshma/Otolith/otolith_Final/model_data/test/Brachypterois serrulata/Brachypterois serrulata_Sp4_L (55).tif,2560.0
ID,Brachypterois serrulata,/home/reshma/Otolith/otolith_Final/model_data/test/Brachypterois serrulata/Brachypterois serrulata_Sp4_L (56).tif,2560.0
ID,Brachypterois serrulata,/home/reshma/Otolith/otolith_Final/model_data/test/Brachypterois serrulata/Brachypterois serrulata_Sp4_L (57).tif,2560.0
ID,Brachypterois serrulata,/home/reshma/Otolith/otolith_Final/model_data/test/Brachypterois serrulata/Brachypterois serrulata_Sp4_L (58).tif,2560.0
ID,Brachypterois serrulata,/home/reshma/Otolith/otolith_Final/model_data/test/Brachypterois serrulata/Brachypterois serrulata_Sp4_L (59).tif,2560.0
ID,Brachypterois serrulata,/home/reshma/Otolith/otolith_Final/model_data/test/Brachypterois serrulata/Brachypterois serrulata_Sp4_L (6).tif,2560.0
ID,Brachypterois serrulata,/home/reshma/Otolith/otolith_Final/model_data/test/Brachypterois serrulata/Brachypterois serrulata_Sp4_L (60).tif,2560.0
ID,Brachypterois serrulata,/home/reshma/Otolith/otolith_Final/model_data/test/Brachypterois serrulata/Brachypterois serrulata_Sp4_L (61).tif,2560.0
ID,Brachypterois serrulata,/home/reshma/Otolith/otolith_Final/model_data/test/Brachypterois serrulata/Brachypterois serrulata_Sp4_L (62).tif,2560.0
ID,Brachypterois serrulata,/home/reshma/Otolith/otolith_Final/model_data/test/Brachypterois serrulata/Brachypterois serrulata_Sp4_L (63).tif,2560.0
ID,Brachypterois serrulata,/home/reshma/Otolith/otolith_Final/model_data/test/Brachypterois serrulata/Brachypterois serrulata_Sp4_L (64).tif,2560.0
ID,Brachypterois serrulata,/home/reshma/Otolith/otolith_Final/model_data/test/Brachypterois serrulata/Brachypterois serrulata_Sp4_L (65).tif,2560.0
ID,Brachypterois serrulata,/home/reshma/Otolith/otolith_Final/model_data/test/Brachypterois serrulata/Brachypterois serrulata_Sp4_L (66).tif,2560.0
ID,Brachypterois serrulata,/home/reshma/Otolith/otolith_Final/model_data/test/Brachypterois serrulata/Brachypterois serrulata_Sp4_L (67).tif,2560.0
ID,Brachypterois serrulata,/home/reshma/Otolith/otolith_Final/model_data/test/Brachypterois serrulata/Brachypterois serrulata_Sp4_L (68).tif,2560.0
ID,Brachypterois serrulata,/home/reshma/Otolith/otolith_Final/model_data/test/Brachypterois serrulata/Brachypterois serrulata_Sp4_L (69).tif,2560.0
ID,Brachypterois serrulata,/home/reshma/Otolith/otolith_Final/model_data/test/Brachypterois serrulata/Brachypterois serrulata_Sp4_L (7).tif,2560.0
ID,Brachypterois serrulata,/home/reshma/Otolith/otolith_Final/model_data/test/Brachypterois serrulata/Brachypterois serrulata_Sp4_L (70).tif,2560.0
ID,Brachypterois serrulata,/home/reshma/Otolith/otolith_Final/model_data/test/Brachypterois serrulata/Brachypterois serrulata_Sp4_L (71).tif,2560.0
ID,Brachypterois serrulata,/home/reshma/Otolith/otolith_Final/model_data/test/Brachypterois serrulata/Brachypterois serrulata_Sp4_L (72).tif,2560.0
ID,Brachypterois serrulata,/home/reshma/Otolith/otolith_Final/model_data/test/Brachypterois serrulata/Brachypterois serrulata_Sp4_L (73).tif,2560.0
ID,Brachypterois serrulata,/home/reshma/Otolith/otolith_Final/model_data/test/Brachypterois serrulata/Brachypterois serrulata_Sp4_L (74).tif,2560.0
ID,Brachypterois serrulata,/home/reshma/Otolith/otolith_Final/model_data/test/Brachypterois serrulata/Brachypterois serrulata_Sp4_L (75).tif,2560.0
ID,Brachypterois serrulata,/home/reshma/Otolith/otolith_Final/model_data/test/Brachypterois serrulata/Brachypterois serrulata_Sp4_L (76).tif,2560.0
ID,Brachypterois serrulata,/home/reshma/Otolith/otolith_Final/model_data/test/Brachypterois serrulata/Brachypterois serrulata_Sp4_L (77).tif,2560.0
ID,Brachypterois serrulata,/home/reshma/Otolith/otolith_Final/model_data/test/Brachypterois serrulata/Brachypterois serrulata_Sp4_L (78).tif,2560.0
ID,Brachypterois serrulata,/home/reshma/Otolith/otolith_Final/model_data/test/Brachypterois serrulata/Brachypterois serrulata_Sp4_L (79).tif,2560.0
ID,Brachypterois serrulata,/home/reshma/Otolith/otolith_Final/model_data/test/Brachypterois serrulata/Brachypterois serrulata_Sp4_L (8).tif,2560.0
ID,Brachypterois serrulata,/home/reshma/Otolith/otolith_Final/model_data/test/Brachypterois serrulata/Brachypterois serrulata_Sp4_L (80).tif,2560.0
ID,Brachypterois serrulata,/home/reshma/Otolith/otolith_Final/model_data/test/Brachypterois serrulata/Brachypterois serrulata_Sp4_L (81).tif,2560.0
ID,Brachypterois serrulata,/home/reshma/Otolith/otolith_Final/model_data/test/Brachypterois serrulata/Brachypterois serrulata_Sp4_L (82).tif,2560.0
ID,Brachypterois serrulata,/home/reshma/Otolith/otolith_Final/model_data/test/Brachypterois serrulata/Brachypterois serrulata_Sp4_L (83).tif,2560.0
ID,Brachypterois serrulata,/home/reshma/Otolith/otolith_Final/model_data/test/Brachypterois serrulata/Brachypterois serrulata_Sp4_L (84).tif,2560.0
ID,Brachypterois serrulata,/home/reshma/Otolith/otolith_Final/model_data/test/Brachypterois serrulata/Brachypterois serrulata_Sp4_L (85).tif,2560.0
ID,Brachypterois serrulata,/home/reshma/Otolith/otolith_Final/model_data/test/Brachypterois serrulata/Brachypterois serrulata_Sp4_L (86).tif,2560.0
ID,Brachypterois serrulata,/home/reshma/Otolith/otolith_Final/model_data/test/Brachypterois serrulata/Brachypterois serrulata_Sp4_L (87).tif,2560.0
ID,Brachypterois serrulata,/home/reshma/Otolith/otolith_Final/model_data/test/Brachypterois serrulata/Brachypterois serrulata_Sp4_L (88).tif,2560.0
ID,Brachypterois serrulata,/home/reshma/Otolith/otolith_Final/model_data/test/Brachypterois serrulata/Brachypterois serrulata_Sp4_L (89).tif,2560.0
ID,Brachypterois serrulata,/home/reshma/Otolith/otolith_Final/model_data/test/Brachypterois serrulata/Brachypterois serrulata_Sp4_L (9).tif,2560.0
ID,Brachypterois serrulata,/home/reshma/Otolith/otolith_Final/model_data/test/Brachypterois serrulata/Brachypterois serrulata_Sp4_L (90).tif,2560.0
ID,Brachypterois serrulata,/home/reshma/Otolith/otolith_Final/model_data/test/Brachypterois serrulata/Brachypterois serrulata_Sp4_L (91).tif,2560.0
ID,Brachypterois serrulata,/home/reshma/Otolith/otolith_Final/model_data/test/Brachypterois serrulata/Brachypterois serrulata_Sp4_L (92).tif,2560.0
ID,Brachypterois serrulata,/home/reshma/Otolith/otolith_Final/model_data/test/Brachypterois serrulata/Brachypterois serrulata_Sp4_L (93).tif,2560.0
ID,Brachypterois serrulata,/home/reshma/Otolith/otolith_Final/model_data/test/Brachypterois serrulata/Brachypterois serrulata_Sp4_L (94).tif,2560.0
ID,Brachypterois serrulata,/home/reshma/Otolith/otolith_Final/model_data/test/Brachypterois serrulata/Brachypterois serrulata_Sp4_L (95).tif,2560.0
ID,Brachypterois serrulata,/home/reshma/Otolith/otolith_Final/model_data/test/Brachypterois serrulata/Brachypterois serrulata_Sp4_L (96).tif,2560.0
ID,Brachypterois serrulata,/home/reshma/Otolith/otolith_Final/model_data/test/Brachypterois serrulata/Brachypterois serrulata_Sp4_L (97).tif,2560.0
ID,Brachypterois serrulata,/home/reshma/Otolith/otolith_Final/model_data/test/Brachypterois serrulata/Brachypterois serrulata_Sp4_L (98).tif,2560.0
ID,Brachypterois serrulata,/home/reshma/Otolith/otolith_Final/model_data/test/Brachypterois serrulata/Brachypterois serrulata_Sp4_L (99).tif,2560.0
ID,Brachypterois serrulata,/home/reshma/Otolith/otolith_Final/model_data/test/Brachypterois serrulata/Brachypterois serrulata_Sp4_R (1).tif,2560.0
ID,Brachypterois serrulata,/home/reshma/Otolith/otolith_Final/model_data/test/Brachypterois serrulata/Brachypterois serrulata_Sp4_R (10).tif,2560.0
ID,Brachypterois serrulata,/home/reshma/Otolith/otolith_Final/model_data/test/Brachypterois serrulata/Brachypterois serrulata_Sp4_R (11).tif,2560.0
ID,Brachypterois serrulata,/home/reshma/Otolith/otolith_Final/model_data/test/Brachypterois serrulata/Brachypterois serrulata_Sp4_R (12).tif,2560.0
ID,Brachypterois serrulata,/home/reshma/Otolith/otolith_Final/model_data/test/Brachypterois serrulata/Brachypterois serrulata_Sp4_R (13).tif,2560.0
ID,Brachypterois serrulata,/home/reshma/Otolith/otolith_Final/model_data/test/Brachypterois serrulata/Brachypterois serrulata_Sp4_R (14).tif,2560.0
ID,Brachypterois serrulata,/home/reshma/Otolith/otolith_Final/model_data/test/Brachypterois serrulata/Brachypterois serrulata_Sp4_R (15).tif,2560.0
ID,Brachypterois serrulata,/home/reshma/Otolith/otolith_Final/model_data/test/Brachypterois serrulata/Brachypterois serrulata_Sp4_R (16).tif,2560.0
ID,Brachypterois serrulata,/home/reshma/Otolith/otolith_Final/model_data/test/Brachypterois serrulata/Brachypterois serrulata_Sp4_R (17).tif,2560.0
ID,Brachypterois serrulata,/home/reshma/Otolith/otolith_Final/model_data/test/Brachypterois serrulata/Brachypterois serrulata_Sp4_R (18).tif,2560.0
ID,Brachypterois serrulata,/home/reshma/Otolith/otolith_Final/model_data/test/Brachypterois serrulata/Brachypterois serrulata_Sp4_R (19).tif,2560.0
ID,Brachypterois serrulata,/home/reshma/Otolith/otolith_Final/model_data/test/Brachypterois serrulata/Brachypterois serrulata_Sp4_R (2).tif,2560.0
ID,Brachypterois serrulata,/home/reshma/Otolith/otolith_Final/model_data/test/Brachypterois serrulata/Brachypterois serrulata_Sp4_R (20).tif,2560.0
ID,Brachypterois serrulata,/home/reshma/Otolith/otolith_Final/model_data/test/Brachypterois serrulata/Brachypterois serrulata_Sp4_R (21).tif,2560.0
ID,Brachypterois serrulata,/home/reshma/Otolith/otolith_Final/model_data/test/Brachypterois serrulata/Brachypterois serrulata_Sp4_R (22).tif,2560.0
ID,Brachypterois serrulata,/home/reshma/Otolith/otolith_Final/model_data/test/Brachypterois serrulata/Brachypterois serrulata_Sp4_R (23).tif,2560.0
ID,Brachypterois serrulata,/home/reshma/Otolith/otolith_Final/model_data/test/Brachypterois serrulata/Brachypterois serrulata_Sp4_R (24).tif,2560.0
ID,Brachypterois serrulata,/home/reshma/Otolith/otolith_Final/model_data/test/Brachypterois serrulata/Brachypterois serrulata_Sp4_R (25).tif,2560.0
ID,Brachypterois serrulata,/home/reshma/Otolith/otolith_Final/model_data/test/Brachypterois serrulata/Brachypterois serrulata_Sp4_R (26).tif,2560.0
ID,Brachypterois serrulata,/home/reshma/Otolith/otolith_Final/model_data/test/Brachypterois serrulata/Brachypterois serrulata_Sp4_R (27).tif,2560.0
ID,Brachypterois serrulata,/home/reshma/Otolith/otolith_Final/model_data/test/Brachypterois serrulata/Brachypterois serrulata_Sp4_R (28).tif,2560.0
ID,Brachypterois serrulata,/home/reshma/Otolith/otolith_Final/model_data/test/Brachypterois serrulata/Brachypterois serrulata_Sp4_R (29).tif,2560.0
ID,Brachypterois serrulata,/home/reshma/Otolith/otolith_Final/model_data/test/Brachypterois serrulata/Brachypterois serrulata_Sp4_R (3).tif,2560.0
ID,Brachypterois serrulata,/home/reshma/Otolith/otolith_Final/model_data/test/Brachypterois serrulata/Brachypterois serrulata_Sp4_R (30).tif,2560.0
ID,Brachypterois serrulata,/home/reshma/Otolith/otolith_Final/model_data/test/Brachypterois serrulata/Brachypterois serrulata_Sp4_R (31).tif,2560.0
ID,Brachypterois serrulata,/home/reshma/Otolith/otolith_Final/model_data/test/Brachypterois serrulata/Brachypterois serrulata_Sp4_R (32).tif,2560.0
ID,Brachypterois serrulata,/home/reshma/Otolith/otolith_Final/model_data/test/Brachypterois serrulata/Brachypterois serrulata_Sp4_R (33).tif,2560.0
ID,Brachypterois serrulata,/home/reshma/Otolith/otolith_Final/model_data/test/Brachypterois serrulata/Brachypterois serrulata_Sp4_R (34).tif,2560.0
ID,Brachypterois serrulata,/home/reshma/Otolith/otolith_Final/model_data/test/Brachypterois serrulata/Brachypterois serrulata_Sp4_R (35).tif,2560.0
ID,Brachypterois serrulata,/home/reshma/Otolith/otolith_Final/model_data/test/Brachypterois serrulata/Brachypterois serrulata_Sp4_R (36).tif,2560.0
ID,Brachypterois serrulata,/home/reshma/Otolith/otolith_Final/model_data/test/Brachypterois serrulata/Brachypterois serrulata_Sp4_R (37).tif,2560.0
ID,Brachypterois serrulata,/home/reshma/Otolith/otolith_Final/model_data/test/Brachypterois serrulata/Brachypterois serrulata_Sp4_R (38).tif,2560.0
ID,Brachypterois serrulata,/home/reshma/Otolith/otolith_Final/model_data/test/Brachypterois serrulata/Brachypterois serrulata_Sp4_R (39).tif,2560.0
ID,Brachypterois serrulata,/home/reshma/Otolith/otolith_Final/model_data/test/Brachypterois serrulata/Brachypterois serrulata_Sp4_R (4).tif,2560.0
ID,Brachypterois serrulata,/home/reshma/Otolith/otolith_Final/model_data/test/Brachypterois serrulata/Brachypterois serrulata_Sp4_R (40).tif,2560.0
ID,Brachypterois serrulata,/home/reshma/Otolith/otolith_Final/model_data/test/Brachypterois serrulata/Brachypterois serrulata_Sp4_R (41).tif,2560.0
ID,Brachypterois serrulata,/home/reshma/Otolith/otolith_Final/model_data/test/Brachypterois serrulata/Brachypterois serrulata_Sp4_R (42).tif,2560.0
ID,Brachypterois serrulata,/home/reshma/Otolith/otolith_Final/model_data/test/Brachypterois serrulata/Brachypterois serrulata_Sp4_R (43).tif,2560.0
ID,Brachypterois serrulata,/home/reshma/Otolith/otolith_Final/model_data/test/Brachypterois serrulata/Brachypterois serrulata_Sp4_R (44).tif,2560.0
ID,Brachypterois serrulata,/home/reshma/Otolith/otolith_Final/model_data/test/Brachypterois serrulata/Brachypterois serrulata_Sp4_R (45).tif,2560.0
ID,Brachypterois serrulata,/home/reshma/Otolith/otolith_Final/model_data/test/Brachypterois serrulata/Brachypterois serrulata_Sp4_R (46).tif,2560.0
ID,Brachypterois serrulata,/home/reshma/Otolith/otolith_Final/model_data/test/Brachypterois serrulata/Brachypterois serrulata_Sp4_R (47).tif,2560.0
ID,Brachypterois serrulata,/home/reshma/Otolith/otolith_Final/model_data/test/Brachypterois serrulata/Brachypterois serrulata_Sp4_R (48).tif,2560.0
ID,Brachypterois serrulata,/home/reshma/Otolith/otolith_Final/model_data/test/Brachypterois serrulata/Brachypterois serrulata_Sp4_R (49).tif,2560.0
ID,Brachypterois serrulata,/home/reshma/Otolith/otolith_Final/model_data/test/Brachypterois serrulata/Brachypterois serrulata_Sp4_R (5).tif,2560.0
ID,Brachypterois serrulata,/home/reshma/Otolith/otolith_Final/model_data/test/Brachypterois serrulata/Brachypterois serrulata_Sp4_R (50).tif,2560.0
ID,Brachypterois serrulata,/home/reshma/Otolith/otolith_Final/model_data/test/Brachypterois serrulata/Brachypterois serrulata_Sp4_R (51).tif,2560.0
ID,Brachypterois serrulata,/home/reshma/Otolith/otolith_Final/model_data/test/Brachypterois serrulata/Brachypterois serrulata_Sp4_R (52).tif,2560.0
ID,Brachypterois serrulata,/home/reshma/Otolith/otolith_Final/model_data/test/Brachypterois serrulata/Brachypterois serrulata_Sp4_R (53).tif,2560.0
ID,Brachypterois serrulata,/home/reshma/Otolith/otolith_Final/model_data/test/Brachypterois serrulata/Brachypterois serrulata_Sp4_R (54).tif,2560.0
ID,Brachypterois serrulata,/home/reshma/Otolith/otolith_Final/model_data/test/Brachypterois serrulata/Brachypterois serrulata_Sp4_R (55).tif,2560.0
ID,Brachypterois serrulata,/home/reshma/Otolith/otolith_Final/model_data/test/Brachypterois serrulata/Brachypterois serrulata_Sp4_R (56).tif,2560.0
ID,Brachypterois serrulata,/home/reshma/Otolith/otolith_Final/model_data/test/Brachypterois serrulata/Brachypterois serrulata_Sp4_R (57).tif,2560.0
ID,Brachypterois serrulata,/home/reshma/Otolith/otolith_Final/model_data/test/Brachypterois serrulata/Brachypterois serrulata_Sp4_R (58).tif,2560.0
ID,Brachypterois serrulata,/home/reshma/Otolith/otolith_Final/model_data/test/Brachypterois serrulata/Brachypterois serrulata_Sp4_R (59).tif,2560.0
ID,Brachypterois serrulata,/home/reshma/Otolith/otolith_Final/model_data/test/Brachypterois serrulata/Brachypterois serrulata_Sp4_R (6).tif,2560.0
ID,Brachypterois serrulata,/home/reshma/Otolith/otolith_Final/model_data/test/Brachypterois serrulata/Brachypterois serrulata_Sp4_R (60).tif,2560.0
ID,Brachypterois serrulata,/home/reshma/Otolith/otolith_Final/model_data/test/Brachypterois serrulata/Brachypterois serrulata_Sp4_R (61).tif,2560.0
ID,Brachypterois serrulata,/home/reshma/Otolith/otolith_Final/model_data/test/Brachypterois serrulata/Brachypterois serrulata_Sp4_R (62).tif,2560.0
ID,Brachypterois serrulata,/home/reshma/Otolith/otolith_Final/model_data/test/Brachypterois serrulata/Brachypterois serrulata_Sp4_R (63).tif,2560.0
ID,Brachypterois serrulata,/home/reshma/Otolith/otolith_Final/model_data/test/Brachypterois serrulata/Brachypterois serrulata_Sp4_R (64).tif,2560.0
ID,Brachypterois serrulata,/home/reshma/Otolith/otolith_Final/model_data/test/Brachypterois serrulata/Brachypterois serrulata_Sp4_R (65).tif,2560.0
ID,Brachypterois serrulata,/home/reshma/Otolith/otolith_Final/model_data/test/Brachypterois serrulata/Brachypterois serrulata_Sp4_R (66).tif,2560.0
ID,Brachypterois serrulata,/home/reshma/Otolith/otolith_Final/model_data/test/Brachypterois serrulata/Brachypterois serrulata_Sp4_R (67).tif,2560.0
ID,Brachypterois serrulata,/home/reshma/Otolith/otolith_Final/model_data/test/Brachypterois serrulata/Brachypterois serrulata_Sp4_R (68).tif,2560.0
ID,Brachypterois serrulata,/home/reshma/Otolith/otolith_Final/model_data/test/Brachypterois serrulata/Brachypterois serrulata_Sp4_R (69).tif,2560.0
ID,Brachypterois serrulata,/home/reshma/Otolith/otolith_Final/model_data/test/Brachypterois serrulata/Brachypterois serrulata_Sp4_R (7).tif,2560.0
ID,Brachypterois serrulata,/home/reshma/Otolith/otolith_Final/model_data/test/Brachypterois serrulata/Brachypterois serrulata_Sp4_R (70).tif,2560.0
ID,Brachypterois serrulata,/home/reshma/Otolith/otolith_Final/model_data/test/Brachypterois serrulata/Brachypterois serrulata_Sp4_R (71).tif,2560.0
ID,Brachypterois serrulata,/home/reshma/Otolith/otolith_Final/model_data/test/Brachypterois serrulata/Brachypterois serrulata_Sp4_R (72).tif,2560.0
ID,Brachypterois serrulata,/home/reshma/Otolith/otolith_Final/model_data/test/Brachypterois serrulata/Brachypterois serrulata_Sp4_R (73).tif,2560.0
ID,Brachypterois serrulata,/home/reshma/Otolith/otolith_Final/model_data/test/Brachypterois serrulata/Brachypterois serrulata_Sp4_R (74).tif,2560.0
ID,Brachypterois serrulata,/home/reshma/Otolith/otolith_Final/model_data/test/Brachypterois serrulata/Brachypterois serrulata_Sp4_R (75).tif,2560.0
ID,Brachypterois serrulata,/home/reshma/Otolith/otolith_Final/model_data/test/Brachypterois serrulata/Brachypterois serrulata_Sp4_R (76).tif,2560.0
ID,Brachypterois serrulata,/home/reshma/Otolith/otolith_Final/model_data/test/Brachypterois serrulata/Brachypterois serrulata_Sp4_R (77).tif,2560.0
ID,Brachypterois serrulata,/home/reshma/Otolith/otolith_Final/model_data/test/Brachypterois serrulata/Brachypterois serrulata_Sp4_R (78).tif,2560.0
ID,Brachypterois serrulata,/home/reshma/Otolith/otolith_Final/model_data/test/Brachypterois serrulata/Brachypterois serrulata_Sp4_R (79).tif,2560.0
ID,Brachypterois serrulata,/home/reshma/Otolith/otolith_Final/model_data/test/Brachypterois serrulata/Brachypterois serrulata_Sp4_R (8).tif,2560.0
ID,Brachypterois serrulata,/home/reshma/Otolith/otolith_Final/model_data/test/Brachypterois serrulata/Brachypterois serrulata_Sp4_R (80).tif,2560.0
ID,Brachypterois serrulata,/home/reshma/Otolith/otolith_Final/model_data/test/Brachypterois serrulata/Brachypterois serrulata_Sp4_R (81).tif,2560.0
ID,Brachypterois serrulata,/home/reshma/Otolith/otolith_Final/model_data/test/Brachypterois serrulata/Brachypterois serrulata_Sp4_R (82).tif,2560.0
ID,Brachypterois serrulata,/home/reshma/Otolith/otolith_Final/model_data/test/Brachypterois serrulata/Brachypterois serrulata_Sp4_R (83).tif,2560.0
ID,Brachypterois serrulata,/home/reshma/Otolith/otolith_Final/model_data/test/Brachypterois serrulata/Brachypterois serrulata_Sp4_R (84).tif,2560.0
ID,Brachypterois serrulata,/home/reshma/Otolith/otolith_Final/model_data/test/Brachypterois serrulata/Brachypterois serrulata_Sp4_R (85).tif,2560.0
ID,Brachypterois serrulata,/home/reshma/Otolith/otolith_Final/model_data/test/Brachypterois serrulata/Brachypterois serrulata_Sp4_R (86).tif,2560.0
ID,Brachypterois serrulata,/home/reshma/Otolith/otolith_Final/model_data/test/Brachypterois serrulata/Brachypterois serrulata_Sp4_R (87).tif,2560.0
ID,Brachypterois serrulata,/home/reshma/Otolith/otolith_Final/model_data/test/Brachypterois serrulata/Brachypterois serrulata_Sp4_R (88).tif,2560.0
ID,Brachypterois serrulata,/home/reshma/Otolith/otolith_Final/model_data/test/Brachypterois serrulata/Brachypterois serrulata_Sp4_R (9).tif,2560.0
ID,Chlorophthalmus acutifrons,/home/reshma/Otolith/otolith_Final/model_data/test/Chlorophthalmus acutifrons/Chlorophthalmus acutifrons_L_sp9(1).tif,2560.0
ID,Chlorophthalmus acutifrons,/home/reshma/Otolith/otolith_Final/model_data/test/Chlorophthalmus acutifrons/Chlorophthalmus acutifrons_L_sp9(10).tif,2560.0
ID,Chlorophthalmus acutifrons,/home/reshma/Otolith/otolith_Final/model_data/test/Chlorophthalmus acutifrons/Chlorophthalmus acutifrons_L_sp9(11).tif,2560.0
ID,Chlorophthalmus acutifrons,/home/reshma/Otolith/otolith_Final/model_data/test/Chlorophthalmus acutifrons/Chlorophthalmus acutifrons_L_sp9(12).tif,2560.0
ID,Chlorophthalmus acutifrons,/home/reshma/Otolith/otolith_Final/model_data/test/Chlorophthalmus acutifrons/Chlorophthalmus acutifrons_L_sp9(13).tif,2560.0
ID,Chlorophthalmus acutifrons,/home/reshma/Otolith/otolith_Final/model_data/test/Chlorophthalmus acutifrons/Chlorophthalmus acutifrons_L_sp9(14).tif,2560.0
ID,Chlorophthalmus acutifrons,/home/reshma/Otolith/otolith_Final/model_data/test/Chlorophthalmus acutifrons/Chlorophthalmus acutifrons_L_sp9(15).tif,2560.0
ID,Chlorophthalmus acutifrons,/home/reshma/Otolith/otolith_Final/model_data/test/Chlorophthalmus acutifrons/Chlorophthalmus acutifrons_L_sp9(16).tif,2560.0
ID,Chlorophthalmus acutifrons,/home/reshma/Otolith/otolith_Final/model_data/test/Chlorophthalmus acutifrons/Chlorophthalmus acutifrons_L_sp9(17).tif,2560.0
ID,Chlorophthalmus acutifrons,/home/reshma/Otolith/otolith_Final/model_data/test/Chlorophthalmus acutifrons/Chlorophthalmus acutifrons_L_sp9(18).tif,2560.0
ID,Chlorophthalmus acutifrons,/home/reshma/Otolith/otolith_Final/model_data/test/Chlorophthalmus acutifrons/Chlorophthalmus acutifrons_L_sp9(19).tif,2560.0
ID,Chlorophthalmus acutifrons,/home/reshma/Otolith/otolith_Final/model_data/test/Chlorophthalmus acutifrons/Chlorophthalmus acutifrons_L_sp9(2).tif,2560.0
ID,Chlorophthalmus acutifrons,/home/reshma/Otolith/otolith_Final/model_data/test/Chlorophthalmus acutifrons/Chlorophthalmus acutifrons_L_sp9(20).tif,2560.0
ID,Chlorophthalmus acutifrons,/home/reshma/Otolith/otolith_Final/model_data/test/Chlorophthalmus acutifrons/Chlorophthalmus acutifrons_L_sp9(21).tif,2560.0
ID,Chlorophthalmus acutifrons,/home/reshma/Otolith/otolith_Final/model_data/test/Chlorophthalmus acutifrons/Chlorophthalmus acutifrons_L_sp9(3).tif,2560.0
ID,Chlorophthalmus acutifrons,/home/reshma/Otolith/otolith_Final/model_data/test/Chlorophthalmus acutifrons/Chlorophthalmus acutifrons_L_sp9(4).tif,2560.0
ID,Chlorophthalmus acutifrons,/home/reshma/Otolith/otolith_Final/model_data/test/Chlorophthalmus acutifrons/Chlorophthalmus acutifrons_L_sp9(5).tif,2560.0
ID,Chlorophthalmus acutifrons,/home/reshma/Otolith/otolith_Final/model_data/test/Chlorophthalmus acutifrons/Chlorophthalmus acutifrons_L_sp9(6).tif,2560.0
ID,Chlorophthalmus acutifrons,/home/reshma/Otolith/otolith_Final/model_data/test/Chlorophthalmus acutifrons/Chlorophthalmus acutifrons_L_sp9(7).tif,2560.0
ID,Chlorophthalmus acutifrons,/home/reshma/Otolith/otolith_Final/model_data/test/Chlorophthalmus acutifrons/Chlorophthalmus acutifrons_L_sp9(8).tif,2560.0
ID,Chlorophthalmus acutifrons,/home/reshma/Otolith/otolith_Final/model_data/test/Chlorophthalmus acutifrons/Chlorophthalmus acutifrons_L_sp9(9).tif,2560.0
ID,Chlorophthalmus acutifrons,/home/reshma/Otolith/otolith_Final/model_data/test/Chlorophthalmus acutifrons/Chlorophthalmus acutifrons_R_sp9(1).tif,2560.0
ID,Chlorophthalmus acutifrons,/home/reshma/Otolith/otolith_Final/model_data/test/Chlorophthalmus acutifrons/Chlorophthalmus acutifrons_R_sp9(10).tif,2560.0
ID,Chlorophthalmus acutifrons,/home/reshma/Otolith/otolith_Final/model_data/test/Chlorophthalmus acutifrons/Chlorophthalmus acutifrons_R_sp9(11).tif,2560.0
ID,Chlorophthalmus acutifrons,/home/reshma/Otolith/otolith_Final/model_data/test/Chlorophthalmus acutifrons/Chlorophthalmus acutifrons_R_sp9(12).tif,2560.0
ID,Chlorophthalmus acutifrons,/home/reshma/Otolith/otolith_Final/model_data/test/Chlorophthalmus acutifrons/Chlorophthalmus acutifrons_R_sp9(13).tif,2560.0
ID,Chlorophthalmus acutifrons,/home/reshma/Otolith/otolith_Final/model_data/test/Chlorophthalmus acutifrons/Chlorophthalmus acutifrons_R_sp9(14).tif,2560.0
ID,Chlorophthalmus acutifrons,/home/reshma/Otolith/otolith_Final/model_data/test/Chlorophthalmus acutifrons/Chlorophthalmus acutifrons_R_sp9(15).tif,2560.0
ID,Chlorophthalmus acutifrons,/home/reshma/Otolith/otolith_Final/model_data/test/Chlorophthalmus acutifrons/Chlorophthalmus acutifrons_R_sp9(16).tif,2560.0
ID,Chlorophthalmus acutifrons,/home/reshma/Otolith/otolith_Final/model_data/test/Chlorophthalmus acutifrons/Chlorophthalmus acutifrons_R_sp9(17).tif,2560.0
ID,Chlorophthalmus acutifrons,/home/reshma/Otolith/otolith_Final/model_data/test/Chlorophthalmus acutifrons/Chlorophthalmus acutifrons_R_sp9(18).tif,2560.0
ID,Chlorophthalmus acutifrons,/home/reshma/Otolith/otolith_Final/model_data/test/Chlorophthalmus acutifrons/Chlorophthalmus acutifrons_R_sp9(19).tif,2560.0
ID,Chlorophthalmus acutifrons,/home/reshma/Otolith/otolith_Final/model_data/test/Chlorophthalmus acutifrons/Chlorophthalmus acutifrons_R_sp9(2).tif,2560.0
ID,Chlorophthalmus acutifrons,/home/reshma/Otolith/otolith_Final/model_data/test/Chlorophthalmus acutifrons/Chlorophthalmus acutifrons_R_sp9(20).tif,2560.0
ID,Chlorophthalmus acutifrons,/home/reshma/Otolith/otolith_Final/model_data/test/Chlorophthalmus acutifrons/Chlorophthalmus acutifrons_R_sp9(21).tif,2560.0
ID,Chlorophthalmus acutifrons,/home/reshma/Otolith/otolith_Final/model_data/test/Chlorophthalmus acutifrons/Chlorophthalmus acutifrons_R_sp9(22).tif,2560.0
ID,Chlorophthalmus acutifrons,/home/reshma/Otolith/otolith_Final/model_data/test/Chlorophthalmus acutifrons/Chlorophthalmus acutifrons_R_sp9(23).tif,2560.0
ID,Chlorophthalmus acutifrons,/home/reshma/Otolith/otolith_Final/model_data/test/Chlorophthalmus acutifrons/Chlorophthalmus acutifrons_R_sp9(24).tif,2560.0
ID,Chlorophthalmus acutifrons,/home/reshma/Otolith/otolith_Final/model_data/test/Chlorophthalmus acutifrons/Chlorophthalmus acutifrons_R_sp9(3).tif,2560.0
ID,Chlorophthalmus acutifrons,/home/reshma/Otolith/otolith_Final/model_data/test/Chlorophthalmus acutifrons/Chlorophthalmus acutifrons_R_sp9(4).tif,2560.0
ID,Chlorophthalmus acutifrons,/home/reshma/Otolith/otolith_Final/model_data/test/Chlorophthalmus acutifrons/Chlorophthalmus acutifrons_R_sp9(5).tif,2560.0
ID,Chlorophthalmus acutifrons,/home/reshma/Otolith/otolith_Final/model_data/test/Chlorophthalmus acutifrons/Chlorophthalmus acutifrons_R_sp9(6).tif,2560.0
ID,Chlorophthalmus acutifrons,/home/reshma/Otolith/otolith_Final/model_data/test/Chlorophthalmus acutifrons/Chlorophthalmus acutifrons_R_sp9(7).tif,2560.0
ID,Chlorophthalmus acutifrons,/home/reshma/Otolith/otolith_Final/model_data/test/Chlorophthalmus acutifrons/Chlorophthalmus acutifrons_R_sp9(8).tif,2560.0
ID,Chlorophthalmus acutifrons,/home/reshma/Otolith/otolith_Final/model_data/test/Chlorophthalmus acutifrons/Chlorophthalmus acutifrons_R_sp9(9).tif,2560.0
ID,Choridactylus multibarbus,/home/reshma/Otolith/otolith_Final/model_data/test/Choridactylus multibarbus/ChM C 2.0X DORSAL1.tif,2560.0
ID,Choridactylus multibarbus,/home/reshma/Otolith/otolith_Final/model_data/test/Choridactylus multibarbus/ChM C 2.0X DORSAL2.tif,2560.0
ID,Coryphaenoides sp,/home/reshma/Otolith/otolith_Final/model_data/test/Coryphaenoides sp/Coryphaenoides sp_Sp10_L (1).tif,2560.0
ID,Coryphaenoides sp,/home/reshma/Otolith/otolith_Final/model_data/test/Coryphaenoides sp/Coryphaenoides sp_Sp10_L (10).tif,2560.0
ID,Coryphaenoides sp,/home/reshma/Otolith/otolith_Final/model_data/test/Coryphaenoides sp/Coryphaenoides sp_Sp10_L (11).tif,2560.0
ID,Coryphaenoides sp,/home/reshma/Otolith/otolith_Final/model_data/test/Coryphaenoides sp/Coryphaenoides sp_Sp10_L (12).tif,2560.0
ID,Coryphaenoides sp,/home/reshma/Otolith/otolith_Final/model_data/test/Coryphaenoides sp/Coryphaenoides sp_Sp10_L (13).tif,2560.0
ID,Coryphaenoides sp,/home/reshma/Otolith/otolith_Final/model_data/test/Coryphaenoides sp/Coryphaenoides sp_Sp10_L (14).tif,2560.0
ID,Coryphaenoides sp,/home/reshma/Otolith/otolith_Final/model_data/test/Coryphaenoides sp/Coryphaenoides sp_Sp10_L (15).tif,2560.0
ID,Coryphaenoides sp,/home/reshma/Otolith/otolith_Final/model_data/test/Coryphaenoides sp/Coryphaenoides sp_Sp10_L (16).tif,2560.0
ID,Coryphaenoides sp,/home/reshma/Otolith/otolith_Final/model_data/test/Coryphaenoides sp/Coryphaenoides sp_Sp10_L (17).tif,2560.0
ID,Coryphaenoides sp,/home/reshma/Otolith/otolith_Final/model_data/test/Coryphaenoides sp/Coryphaenoides sp_Sp10_L (18).tif,2560.0
ID,Coryphaenoides sp,/home/reshma/Otolith/otolith_Final/model_data/test/Coryphaenoides sp/Coryphaenoides sp_Sp10_L (19).tif,2560.0
ID,Coryphaenoides sp,/home/reshma/Otolith/otolith_Final/model_data/test/Coryphaenoides sp/Coryphaenoides sp_Sp10_L (2).tif,2560.0
ID,Coryphaenoides sp,/home/reshma/Otolith/otolith_Final/model_data/test/Coryphaenoides sp/Coryphaenoides sp_Sp10_L (20).tif,2560.0
ID,Coryphaenoides sp,/home/reshma/Otolith/otolith_Final/model_data/test/Coryphaenoides sp/Coryphaenoides sp_Sp10_L (21).tif,2560.0
ID,Coryphaenoides sp,/home/reshma/Otolith/otolith_Final/model_data/test/Coryphaenoides sp/Coryphaenoides sp_Sp10_L (22).tif,2560.0
ID,Coryphaenoides sp,/home/reshma/Otolith/otolith_Final/model_data/test/Coryphaenoides sp/Coryphaenoides sp_Sp10_L (23).tif,2560.0
ID,Coryphaenoides sp,/home/reshma/Otolith/otolith_Final/model_data/test/Coryphaenoides sp/Coryphaenoides sp_Sp10_L (24).tif,2560.0
ID,Coryphaenoides sp,/home/reshma/Otolith/otolith_Final/model_data/test/Coryphaenoides sp/Coryphaenoides sp_Sp10_L (25).tif,2560.0
ID,Coryphaenoides sp,/home/reshma/Otolith/otolith_Final/model_data/test/Coryphaenoides sp/Coryphaenoides sp_Sp10_L (26).tif,2560.0
ID,Coryphaenoides sp,/home/reshma/Otolith/otolith_Final/model_data/test/Coryphaenoides sp/Coryphaenoides sp_Sp10_L (27).tif,2560.0
ID,Coryphaenoides sp,/home/reshma/Otolith/otolith_Final/model_data/test/Coryphaenoides sp/Coryphaenoides sp_Sp10_L (28).tif,2560.0
ID,Coryphaenoides sp,/home/reshma/Otolith/otolith_Final/model_data/test/Coryphaenoides sp/Coryphaenoides sp_Sp10_L (29).tif,2560.0
ID,Coryphaenoides sp,/home/reshma/Otolith/otolith_Final/model_data/test/Coryphaenoides sp/Coryphaenoides sp_Sp10_L (3).tif,2560.0
ID,Coryphaenoides sp,/home/reshma/Otolith/otolith_Final/model_data/test/Coryphaenoides sp/Coryphaenoides sp_Sp10_L (4).tif,2560.0
ID,Coryphaenoides sp,/home/reshma/Otolith/otolith_Final/model_data/test/Coryphaenoides sp/Coryphaenoides sp_Sp10_L (5).tif,2560.0
ID,Coryphaenoides sp,/home/reshma/Otolith/otolith_Final/model_data/test/Coryphaenoides sp/Coryphaenoides sp_Sp10_L (6).tif,2560.0
ID,Coryphaenoides sp,/home/reshma/Otolith/otolith_Final/model_data/test/Coryphaenoides sp/Coryphaenoides sp_Sp10_L (7).tif,2560.0
ID,Coryphaenoides sp,/home/reshma/Otolith/otolith_Final/model_data/test/Coryphaenoides sp/Coryphaenoides sp_Sp10_L (8).tif,2560.0
ID,Coryphaenoides sp,/home/reshma/Otolith/otolith_Final/model_data/test/Coryphaenoides sp/Coryphaenoides sp_Sp10_L (9).tif,2560.0
ID,Cubiceps baxteri,/home/reshma/Otolith/otolith_Final/model_data/test/Cubiceps baxteri/Cubiceps baxteri_Sp_10_L (1).tif,2560.0
ID,Cubiceps baxteri,/home/reshma/Otolith/otolith_Final/model_data/test/Cubiceps baxteri/Cubiceps baxteri_Sp_10_L (10).tif,2560.0
ID,Cubiceps baxteri,/home/reshma/Otolith/otolith_Final/model_data/test/Cubiceps baxteri/Cubiceps baxteri_Sp_10_L (11).tif,2560.0
ID,Cubiceps baxteri,/home/reshma/Otolith/otolith_Final/model_data/test/Cubiceps baxteri/Cubiceps baxteri_Sp_10_L (12).tif,2560.0
ID,Cubiceps baxteri,/home/reshma/Otolith/otolith_Final/model_data/test/Cubiceps baxteri/Cubiceps baxteri_Sp_10_L (13).tif,2560.0
ID,Cubiceps baxteri,/home/reshma/Otolith/otolith_Final/model_data/test/Cubiceps baxteri/Cubiceps baxteri_Sp_10_L (14).tif,2560.0
ID,Cubiceps baxteri,/home/reshma/Otolith/otolith_Final/model_data/test/Cubiceps baxteri/Cubiceps baxteri_Sp_10_L (15).tif,2560.0
ID,Cubiceps baxteri,/home/reshma/Otolith/otolith_Final/model_data/test/Cubiceps baxteri/Cubiceps baxteri_Sp_10_L (16).tif,2560.0
ID,Cubiceps baxteri,/home/reshma/Otolith/otolith_Final/model_data/test/Cubiceps baxteri/Cubiceps baxteri_Sp_10_L (17).tif,2560.0
ID,Cubiceps baxteri,/home/reshma/Otolith/otolith_Final/model_data/test/Cubiceps baxteri/Cubiceps baxteri_Sp_10_L (18).tif,2560.0
ID,Cubiceps baxteri,/home/reshma/Otolith/otolith_Final/model_data/test/Cubiceps baxteri/Cubiceps baxteri_Sp_10_L (19).tif,2560.0
ID,Cubiceps baxteri,/home/reshma/Otolith/otolith_Final/model_data/test/Cubiceps baxteri/Cubiceps baxteri_Sp_10_L (2).tif,2560.0
ID,Cubiceps baxteri,/home/reshma/Otolith/otolith_Final/model_data/test/Cubiceps baxteri/Cubiceps baxteri_Sp_10_L (20).tif,2560.0
ID,Cubiceps baxteri,/home/reshma/Otolith/otolith_Final/model_data/test/Cubiceps baxteri/Cubiceps baxteri_Sp_10_L (21).tif,2560.0
ID,Cubiceps baxteri,/home/reshma/Otolith/otolith_Final/model_data/test/Cubiceps baxteri/Cubiceps baxteri_Sp_10_L (22).tif,2560.0
ID,Cubiceps baxteri,/home/reshma/Otolith/otolith_Final/model_data/test/Cubiceps baxteri/Cubiceps baxteri_Sp_10_L (23).tif,2560.0
ID,Cubiceps baxteri,/home/reshma/Otolith/otolith_Final/model_data/test/Cubiceps baxteri/Cubiceps baxteri_Sp_10_L (24).tif,2560.0
ID,Cubiceps baxteri,/home/reshma/Otolith/otolith_Final/model_data/test/Cubiceps baxteri/Cubiceps baxteri_Sp_10_L (25).tif,2560.0
ID,Cubiceps baxteri,/home/reshma/Otolith/otolith_Final/model_data/test/Cubiceps baxteri/Cubiceps baxteri_Sp_10_L (26).tif,2560.0
ID,Cubiceps baxteri,/home/reshma/Otolith/otolith_Final/model_data/test/Cubiceps baxteri/Cubiceps baxteri_Sp_10_L (27).tif,2560.0
ID,Cubiceps baxteri,/home/reshma/Otolith/otolith_Final/model_data/test/Cubiceps baxteri/Cubiceps baxteri_Sp_10_L (28).tif,2560.0
ID,Cubiceps baxteri,/home/reshma/Otolith/otolith_Final/model_data/test/Cubiceps baxteri/Cubiceps baxteri_Sp_10_L (29).tif,2560.0
ID,Cubiceps baxteri,/home/reshma/Otolith/otolith_Final/model_data/test/Cubiceps baxteri/Cubiceps baxteri_Sp_10_L (3).tif,2560.0
ID,Cubiceps baxteri,/home/reshma/Otolith/otolith_Final/model_data/test/Cubiceps baxteri/Cubiceps baxteri_Sp_10_L (30).tif,2560.0
ID,Cubiceps baxteri,/home/reshma/Otolith/otolith_Final/model_data/test/Cubiceps baxteri/Cubiceps baxteri_Sp_10_L (31).tif,2560.0
ID,Cubiceps baxteri,/home/reshma/Otolith/otolith_Final/model_data/test/Cubiceps baxteri/Cubiceps baxteri_Sp_10_L (32).tif,2560.0
ID,Cubiceps baxteri,/home/reshma/Otolith/otolith_Final/model_data/test/Cubiceps baxteri/Cubiceps baxteri_Sp_10_L (33).tif,2560.0
ID,Cubiceps baxteri,/home/reshma/Otolith/otolith_Final/model_data/test/Cubiceps baxteri/Cubiceps baxteri_Sp_10_L (34).tif,2560.0
ID,Cubiceps baxteri,/home/reshma/Otolith/otolith_Final/model_data/test/Cubiceps baxteri/Cubiceps baxteri_Sp_10_L (35).tif,2560.0
ID,Cubiceps baxteri,/home/reshma/Otolith/otolith_Final/model_data/test/Cubiceps baxteri/Cubiceps baxteri_Sp_10_L (36).tif,2560.0
ID,Cubiceps baxteri,/home/reshma/Otolith/otolith_Final/model_data/test/Cubiceps baxteri/Cubiceps baxteri_Sp_10_L (4).tif,2560.0
ID,Cubiceps baxteri,/home/reshma/Otolith/otolith_Final/model_data/test/Cubiceps baxteri/Cubiceps baxteri_Sp_10_L (5).tif,2560.0
ID,Cubiceps baxteri,/home/reshma/Otolith/otolith_Final/model_data/test/Cubiceps baxteri/Cubiceps baxteri_Sp_10_L (6).tif,2560.0
ID,Cubiceps baxteri,/home/reshma/Otolith/otolith_Final/model_data/test/Cubiceps baxteri/Cubiceps baxteri_Sp_10_L (7).tif,2560.0
ID,Cubiceps baxteri,/home/reshma/Otolith/otolith_Final/model_data/test/Cubiceps baxteri/Cubiceps baxteri_Sp_10_L (8).tif,2560.0
ID,Cubiceps baxteri,/home/reshma/Otolith/otolith_Final/model_data/test/Cubiceps baxteri/Cubiceps baxteri_Sp_10_L (9).tif,2560.0
ID,Cubiceps baxteri,/home/reshma/Otolith/otolith_Final/model_data/test/Cubiceps baxteri/Cubiceps baxteri_Sp_10_R (1).tif,2560.0
ID,Cubiceps baxteri,/home/reshma/Otolith/otolith_Final/model_data/test/Cubiceps baxteri/Cubiceps baxteri_Sp_10_R (10).tif,2560.0
ID,Cubiceps baxteri,/home/reshma/Otolith/otolith_Final/model_data/test/Cubiceps baxteri/Cubiceps baxteri_Sp_10_R (11).tif,2560.0
ID,Cubiceps baxteri,/home/reshma/Otolith/otolith_Final/model_data/test/Cubiceps baxteri/Cubiceps baxteri_Sp_10_R (12).tif,2560.0
ID,Cubiceps baxteri,/home/reshma/Otolith/otolith_Final/model_data/test/Cubiceps baxteri/Cubiceps baxteri_Sp_10_R (13).tif,2560.0
ID,Cubiceps baxteri,/home/reshma/Otolith/otolith_Final/model_data/test/Cubiceps baxteri/Cubiceps baxteri_Sp_10_R (14).tif,2560.0
ID,Cubiceps baxteri,/home/reshma/Otolith/otolith_Final/model_data/test/Cubiceps baxteri/Cubiceps baxteri_Sp_10_R (15).tif,2560.0
ID,Cubiceps baxteri,/home/reshma/Otolith/otolith_Final/model_data/test/Cubiceps baxteri/Cubiceps baxteri_Sp_10_R (16).tif,2560.0
ID,Cubiceps baxteri,/home/reshma/Otolith/otolith_Final/model_data/test/Cubiceps baxteri/Cubiceps baxteri_Sp_10_R (17).tif,2560.0
ID,Cubiceps baxteri,/home/reshma/Otolith/otolith_Final/model_data/test/Cubiceps baxteri/Cubiceps baxteri_Sp_10_R (18).tif,2560.0
ID,Cubiceps baxteri,/home/reshma/Otolith/otolith_Final/model_data/test/Cubiceps baxteri/Cubiceps baxteri_Sp_10_R (19).tif,2560.0
ID,Cubiceps baxteri,/home/reshma/Otolith/otolith_Final/model_data/test/Cubiceps baxteri/Cubiceps baxteri_Sp_10_R (2).tif,2560.0
ID,Cubiceps baxteri,/home/reshma/Otolith/otolith_Final/model_data/test/Cubiceps baxteri/Cubiceps baxteri_Sp_10_R (20).tif,2560.0
ID,Cubiceps baxteri,/home/reshma/Otolith/otolith_Final/model_data/test/Cubiceps baxteri/Cubiceps baxteri_Sp_10_R (21).tif,2560.0
ID,Cubiceps baxteri,/home/reshma/Otolith/otolith_Final/model_data/test/Cubiceps baxteri/Cubiceps baxteri_Sp_10_R (22).tif,2560.0
ID,Cubiceps baxteri,/home/reshma/Otolith/otolith_Final/model_data/test/Cubiceps baxteri/Cubiceps baxteri_Sp_10_R (23).tif,2560.0
ID,Cubiceps baxteri,/home/reshma/Otolith/otolith_Final/model_data/test/Cubiceps baxteri/Cubiceps baxteri_Sp_10_R (24).tif,2560.0
ID,Cubiceps baxteri,/home/reshma/Otolith/otolith_Final/model_data/test/Cubiceps baxteri/Cubiceps baxteri_Sp_10_R (25).tif,2560.0
ID,Cubiceps baxteri,/home/reshma/Otolith/otolith_Final/model_data/test/Cubiceps baxteri/Cubiceps baxteri_Sp_10_R (26).tif,2560.0
ID,Cubiceps baxteri,/home/reshma/Otolith/otolith_Final/model_data/test/Cubiceps baxteri/Cubiceps baxteri_Sp_10_R (27).tif,2560.0
ID,Cubiceps baxteri,/home/reshma/Otolith/otolith_Final/model_data/test/Cubiceps baxteri/Cubiceps baxteri_Sp_10_R (28).tif,2560.0
ID,Cubiceps baxteri,/home/reshma/Otolith/otolith_Final/model_data/test/Cubiceps baxteri/Cubiceps baxteri_Sp_10_R (29).tif,2560.0
ID,Cubiceps baxteri,/home/reshma/Otolith/otolith_Final/model_data/test/Cubiceps baxteri/Cubiceps baxteri_Sp_10_R (3).tif,2560.0
ID,Cubiceps baxteri,/home/reshma/Otolith/otolith_Final/model_data/test/Cubiceps baxteri/Cubiceps baxteri_Sp_10_R (30).tif,2560.0
ID,Cubiceps baxteri,/home/reshma/Otolith/otolith_Final/model_data/test/Cubiceps baxteri/Cubiceps baxteri_Sp_10_R (31).tif,2560.0
ID,Cubiceps baxteri,/home/reshma/Otolith/otolith_Final/model_data/test/Cubiceps baxteri/Cubiceps baxteri_Sp_10_R (32).tif,2560.0
ID,Cubiceps baxteri,/home/reshma/Otolith/otolith_Final/model_data/test/Cubiceps baxteri/Cubiceps baxteri_Sp_10_R (33).tif,2560.0
ID,Cubiceps baxteri,/home/reshma/Otolith/otolith_Final/model_data/test/Cubiceps baxteri/Cubiceps baxteri_Sp_10_R (34).tif,2560.0
ID,Cubiceps baxteri,/home/reshma/Otolith/otolith_Final/model_data/test/Cubiceps baxteri/Cubiceps baxteri_Sp_10_R (35).tif,2560.0
ID,Cubiceps baxteri,/home/reshma/Otolith/otolith_Final/model_data/test/Cubiceps baxteri/Cubiceps baxteri_Sp_10_R (36).tif,2560.0
ID,Cubiceps baxteri,/home/reshma/Otolith/otolith_Final/model_data/test/Cubiceps baxteri/Cubiceps baxteri_Sp_10_R (37).tif,2560.0
ID,Cubiceps baxteri,/home/reshma/Otolith/otolith_Final/model_data/test/Cubiceps baxteri/Cubiceps baxteri_Sp_10_R (4).tif,2560.0
ID,Cubiceps baxteri,/home/reshma/Otolith/otolith_Final/model_data/test/Cubiceps baxteri/Cubiceps baxteri_Sp_10_R (5).tif,2560.0
ID,Cubiceps baxteri,/home/reshma/Otolith/otolith_Final/model_data/test/Cubiceps baxteri/Cubiceps baxteri_Sp_10_R (6).tif,2560.0
ID,Cubiceps baxteri,/home/reshma/Otolith/otolith_Final/model_data/test/Cubiceps baxteri/Cubiceps baxteri_Sp_10_R (7).tif,2560.0
ID,Cubiceps baxteri,/home/reshma/Otolith/otolith_Final/model_data/test/Cubiceps baxteri/Cubiceps baxteri_Sp_10_R (8).tif,2560.0
ID,Cubiceps baxteri,/home/reshma/Otolith/otolith_Final/model_data/test/Cubiceps baxteri/Cubiceps baxteri_Sp_10_R (9).tif,2560.0
ID,Cubiceps baxteri,/home/reshma/Otolith/otolith_Final/model_data/test/Cubiceps baxteri/Cubiceps baxteri_Sp_9_L (1).tif,2560.0
ID,Cubiceps baxteri,/home/reshma/Otolith/otolith_Final/model_data/test/Cubiceps baxteri/Cubiceps baxteri_Sp_9_L (10).tif,2560.0
ID,Cubiceps baxteri,/home/reshma/Otolith/otolith_Final/model_data/test/Cubiceps baxteri/Cubiceps baxteri_Sp_9_L (11).tif,2560.0
ID,Cubiceps baxteri,/home/reshma/Otolith/otolith_Final/model_data/test/Cubiceps baxteri/Cubiceps baxteri_Sp_9_L (12).tif,2560.0
ID,Cubiceps baxteri,/home/reshma/Otolith/otolith_Final/model_data/test/Cubiceps baxteri/Cubiceps baxteri_Sp_9_L (13).tif,2560.0
ID,Cubiceps baxteri,/home/reshma/Otolith/otolith_Final/model_data/test/Cubiceps baxteri/Cubiceps baxteri_Sp_9_L (14).tif,2560.0
ID,Cubiceps baxteri,/home/reshma/Otolith/otolith_Final/model_data/test/Cubiceps baxteri/Cubiceps baxteri_Sp_9_L (15).tif,2560.0
ID,Cubiceps baxteri,/home/reshma/Otolith/otolith_Final/model_data/test/Cubiceps baxteri/Cubiceps baxteri_Sp_9_L (16).tif,2560.0
ID,Cubiceps baxteri,/home/reshma/Otolith/otolith_Final/model_data/test/Cubiceps baxteri/Cubiceps baxteri_Sp_9_L (17).tif,2560.0
ID,Cubiceps baxteri,/home/reshma/Otolith/otolith_Final/model_data/test/Cubiceps baxteri/Cubiceps baxteri_Sp_9_L (18).tif,2560.0
ID,Cubiceps baxteri,/home/reshma/Otolith/otolith_Final/model_data/test/Cubiceps baxteri/Cubiceps baxteri_Sp_9_L (19).tif,2560.0
ID,Cubiceps baxteri,/home/reshma/Otolith/otolith_Final/model_data/test/Cubiceps baxteri/Cubiceps baxteri_Sp_9_L (2).tif,2560.0
ID,Cubiceps baxteri,/home/reshma/Otolith/otolith_Final/model_data/test/Cubiceps baxteri/Cubiceps baxteri_Sp_9_L (20).tif,2560.0
ID,Cubiceps baxteri,/home/reshma/Otolith/otolith_Final/model_data/test/Cubiceps baxteri/Cubiceps baxteri_Sp_9_L (21).tif,2560.0
ID,Cubiceps baxteri,/home/reshma/Otolith/otolith_Final/model_data/test/Cubiceps baxteri/Cubiceps baxteri_Sp_9_L (22).tif,2560.0
ID,Cubiceps baxteri,/home/reshma/Otolith/otolith_Final/model_data/test/Cubiceps baxteri/Cubiceps baxteri_Sp_9_L (23).tif,2560.0
ID,Cubiceps baxteri,/home/reshma/Otolith/otolith_Final/model_data/test/Cubiceps baxteri/Cubiceps baxteri_Sp_9_L (24).tif,2560.0
ID,Cubiceps baxteri,/home/reshma/Otolith/otolith_Final/model_data/test/Cubiceps baxteri/Cubiceps baxteri_Sp_9_L (25).tif,2560.0
ID,Cubiceps baxteri,/home/reshma/Otolith/otolith_Final/model_data/test/Cubiceps baxteri/Cubiceps baxteri_Sp_9_L (26).tif,2560.0
ID,Cubiceps baxteri,/home/reshma/Otolith/otolith_Final/model_data/test/Cubiceps baxteri/Cubiceps baxteri_Sp_9_L (27).tif,2560.0
ID,Cubiceps baxteri,/home/reshma/Otolith/otolith_Final/model_data/test/Cubiceps baxteri/Cubiceps baxteri_Sp_9_L (28).tif,2560.0
ID,Cubiceps baxteri,/home/reshma/Otolith/otolith_Final/model_data/test/Cubiceps baxteri/Cubiceps baxteri_Sp_9_L (29).tif,2560.0
ID,Cubiceps baxteri,/home/reshma/Otolith/otolith_Final/model_data/test/Cubiceps baxteri/Cubiceps baxteri_Sp_9_L (3).tif,2560.0
ID,Cubiceps baxteri,/home/reshma/Otolith/otolith_Final/model_data/test/Cubiceps baxteri/Cubiceps baxteri_Sp_9_L (30).tif,2560.0
ID,Cubiceps baxteri,/home/reshma/Otolith/otolith_Final/model_data/test/Cubiceps baxteri/Cubiceps baxteri_Sp_9_L (4).tif,2560.0
ID,Cubiceps baxteri,/home/reshma/Otolith/otolith_Final/model_data/test/Cubiceps baxteri/Cubiceps baxteri_Sp_9_L (5).tif,2560.0
ID,Cubiceps baxteri,/home/reshma/Otolith/otolith_Final/model_data/test/Cubiceps baxteri/Cubiceps baxteri_Sp_9_L (6).tif,2560.0
ID,Cubiceps baxteri,/home/reshma/Otolith/otolith_Final/model_data/test/Cubiceps baxteri/Cubiceps baxteri_Sp_9_L (7).tif,2560.0
ID,Cubiceps baxteri,/home/reshma/Otolith/otolith_Final/model_data/test/Cubiceps baxteri/Cubiceps baxteri_Sp_9_L (8).tif,2560.0
ID,Cubiceps baxteri,/home/reshma/Otolith/otolith_Final/model_data/test/Cubiceps baxteri/Cubiceps baxteri_Sp_9_L (9).tif,2560.0
ID,Cubiceps baxteri,/home/reshma/Otolith/otolith_Final/model_data/test/Cubiceps baxteri/Cubiceps baxteri_Sp_9_R (1).tif,2560.0
ID,Cubiceps baxteri,/home/reshma/Otolith/otolith_Final/model_data/test/Cubiceps baxteri/Cubiceps baxteri_Sp_9_R (10).tif,2560.0
ID,Cubiceps baxteri,/home/reshma/Otolith/otolith_Final/model_data/test/Cubiceps baxteri/Cubiceps baxteri_Sp_9_R (11).tif,2560.0
ID,Cubiceps baxteri,/home/reshma/Otolith/otolith_Final/model_data/test/Cubiceps baxteri/Cubiceps baxteri_Sp_9_R (12).tif,2560.0
ID,Cubiceps baxteri,/home/reshma/Otolith/otolith_Final/model_data/test/Cubiceps baxteri/Cubiceps baxteri_Sp_9_R (13).tif,2560.0
ID,Cubiceps baxteri,/home/reshma/Otolith/otolith_Final/model_data/test/Cubiceps baxteri/Cubiceps baxteri_Sp_9_R (14).tif,2560.0
ID,Cubiceps baxteri,/home/reshma/Otolith/otolith_Final/model_data/test/Cubiceps baxteri/Cubiceps baxteri_Sp_9_R (15).tif,2560.0
ID,Cubiceps baxteri,/home/reshma/Otolith/otolith_Final/model_data/test/Cubiceps baxteri/Cubiceps baxteri_Sp_9_R (16).tif,2560.0
ID,Cubiceps baxteri,/home/reshma/Otolith/otolith_Final/model_data/test/Cubiceps baxteri/Cubiceps baxteri_Sp_9_R (17).tif,2560.0
ID,Cubiceps baxteri,/home/reshma/Otolith/otolith_Final/model_data/test/Cubiceps baxteri/Cubiceps baxteri_Sp_9_R (18).tif,2560.0
ID,Cubiceps baxteri,/home/reshma/Otolith/otolith_Final/model_data/test/Cubiceps baxteri/Cubiceps baxteri_Sp_9_R (19).tif,2560.0
ID,Cubiceps baxteri,/home/reshma/Otolith/otolith_Final/model_data/test/Cubiceps baxteri/Cubiceps baxteri_Sp_9_R (2).tif,2560.0
ID,Cubiceps baxteri,/home/reshma/Otolith/otolith_Final/model_data/test/Cubiceps baxteri/Cubiceps baxteri_Sp_9_R (20).tif,2560.0
ID,Cubiceps baxteri,/home/reshma/Otolith/otolith_Final/model_data/test/Cubiceps baxteri/Cubiceps baxteri_Sp_9_R (21).tif,2560.0
ID,Cubiceps baxteri,/home/reshma/Otolith/otolith_Final/model_data/test/Cubiceps baxteri/Cubiceps baxteri_Sp_9_R (22).tif,2560.0
ID,Cubiceps baxteri,/home/reshma/Otolith/otolith_Final/model_data/test/Cubiceps baxteri/Cubiceps baxteri_Sp_9_R (23).tif,2560.0
ID,Cubiceps baxteri,/home/reshma/Otolith/otolith_Final/model_data/test/Cubiceps baxteri/Cubiceps baxteri_Sp_9_R (24).tif,2560.0
ID,Cubiceps baxteri,/home/reshma/Otolith/otolith_Final/model_data/test/Cubiceps baxteri/Cubiceps baxteri_Sp_9_R (25).tif,2560.0
ID,Cubiceps baxteri,/home/reshma/Otolith/otolith_Final/model_data/test/Cubiceps baxteri/Cubiceps baxteri_Sp_9_R (26).tif,2560.0
ID,Cubiceps baxteri,/home/reshma/Otolith/otolith_Final/model_data/test/Cubiceps baxteri/Cubiceps baxteri_Sp_9_R (27).tif,2560.0
ID,Cubiceps baxteri,/home/reshma/Otolith/otolith_Final/model_data/test/Cubiceps baxteri/Cubiceps baxteri_Sp_9_R (28).tif,2560.0
ID,Cubiceps baxteri,/home/reshma/Otolith/otolith_Final/model_data/test/Cubiceps baxteri/Cubiceps baxteri_Sp_9_R (29).tif,2560.0
ID,Cubiceps baxteri,/home/reshma/Otolith/otolith_Final/model_data/test/Cubiceps baxteri/Cubiceps baxteri_Sp_9_R (3).tif,2560.0
ID,Cubiceps baxteri,/home/reshma/Otolith/otolith_Final/model_data/test/Cubiceps baxteri/Cubiceps baxteri_Sp_9_R (30).tif,2560.0
ID,Cubiceps baxteri,/home/reshma/Otolith/otolith_Final/model_data/test/Cubiceps baxteri/Cubiceps baxteri_Sp_9_R (31).tif,2560.0
ID,Cubiceps baxteri,/home/reshma/Otolith/otolith_Final/model_data/test/Cubiceps baxteri/Cubiceps baxteri_Sp_9_R (4).tif,2560.0
ID,Cubiceps baxteri,/home/reshma/Otolith/otolith_Final/model_data/test/Cubiceps baxteri/Cubiceps baxteri_Sp_9_R (5).tif,2560.0
ID,Cubiceps baxteri,/home/reshma/Otolith/otolith_Final/model_data/test/Cubiceps baxteri/Cubiceps baxteri_Sp_9_R (6).tif,2560.0
ID,Cubiceps baxteri,/home/reshma/Otolith/otolith_Final/model_data/test/Cubiceps baxteri/Cubiceps baxteri_Sp_9_R (7).tif,2560.0
ID,Cubiceps baxteri,/home/reshma/Otolith/otolith_Final/model_data/test/Cubiceps baxteri/Cubiceps baxteri_Sp_9_R (8).tif,2560.0
ID,Cubiceps baxteri,/home/reshma/Otolith/otolith_Final/model_data/test/Cubiceps baxteri/Cubiceps baxteri_Sp_9_R (9).tif,2560.0
ID,Dactyloptena orientalis,/home/reshma/Otolith/otolith_Final/model_data/test/Dactyloptena orientalis/Dactyloptena orientalis_Sp10_L (1).tif,2560.0
ID,Dactyloptena orientalis,/home/reshma/Otolith/otolith_Final/model_data/test/Dactyloptena orientalis/Dactyloptena orientalis_Sp10_L (10).tif,2560.0
ID,Dactyloptena orientalis,/home/reshma/Otolith/otolith_Final/model_data/test/Dactyloptena orientalis/Dactyloptena orientalis_Sp10_L (11).tif,2560.0
ID,Dactyloptena orientalis,/home/reshma/Otolith/otolith_Final/model_data/test/Dactyloptena orientalis/Dactyloptena orientalis_Sp10_L (2).tif,2560.0
ID,Dactyloptena orientalis,/home/reshma/Otolith/otolith_Final/model_data/test/Dactyloptena orientalis/Dactyloptena orientalis_Sp10_L (3).tif,2560.0
ID,Dactyloptena orientalis,/home/reshma/Otolith/otolith_Final/model_data/test/Dactyloptena orientalis/Dactyloptena orientalis_Sp10_L (4).tif,2560.0
ID,Dactyloptena orientalis,/home/reshma/Otolith/otolith_Final/model_data/test/Dactyloptena orientalis/Dactyloptena orientalis_Sp10_L (5).tif,2560.0
ID,Dactyloptena orientalis,/home/reshma/Otolith/otolith_Final/model_data/test/Dactyloptena orientalis/Dactyloptena orientalis_Sp10_L (6).tif,2560.0
ID,Dactyloptena orientalis,/home/reshma/Otolith/otolith_Final/model_data/test/Dactyloptena orientalis/Dactyloptena orientalis_Sp10_L (7).tif,2560.0
ID,Dactyloptena orientalis,/home/reshma/Otolith/otolith_Final/model_data/test/Dactyloptena orientalis/Dactyloptena orientalis_Sp10_L (8).tif,2560.0
ID,Dactyloptena orientalis,/home/reshma/Otolith/otolith_Final/model_data/test/Dactyloptena orientalis/Dactyloptena orientalis_Sp10_L (9).tif,2560.0
ID,Dactyloptena orientalis,/home/reshma/Otolith/otolith_Final/model_data/test/Dactyloptena orientalis/Dactyloptena orientalis_Sp10_R (1).tif,2560.0
ID,Dactyloptena orientalis,/home/reshma/Otolith/otolith_Final/model_data/test/Dactyloptena orientalis/Dactyloptena orientalis_Sp10_R (10).tif,2560.0
ID,Dactyloptena orientalis,/home/reshma/Otolith/otolith_Final/model_data/test/Dactyloptena orientalis/Dactyloptena orientalis_Sp10_R (11).tif,2560.0
ID,Dactyloptena orientalis,/home/reshma/Otolith/otolith_Final/model_data/test/Dactyloptena orientalis/Dactyloptena orientalis_Sp10_R (12).tif,2560.0
ID,Dactyloptena orientalis,/home/reshma/Otolith/otolith_Final/model_data/test/Dactyloptena orientalis/Dactyloptena orientalis_Sp10_R (13).tif,2560.0
ID,Dactyloptena orientalis,/home/reshma/Otolith/otolith_Final/model_data/test/Dactyloptena orientalis/Dactyloptena orientalis_Sp10_R (2).tif,2560.0
ID,Dactyloptena orientalis,/home/reshma/Otolith/otolith_Final/model_data/test/Dactyloptena orientalis/Dactyloptena orientalis_Sp10_R (3).tif,2560.0
ID,Dactyloptena orientalis,/home/reshma/Otolith/otolith_Final/model_data/test/Dactyloptena orientalis/Dactyloptena orientalis_Sp10_R (4).tif,2560.0
ID,Dactyloptena orientalis,/home/reshma/Otolith/otolith_Final/model_data/test/Dactyloptena orientalis/Dactyloptena orientalis_Sp10_R (5).tif,2560.0
ID,Dactyloptena orientalis,/home/reshma/Otolith/otolith_Final/model_data/test/Dactyloptena orientalis/Dactyloptena orientalis_Sp10_R (6).tif,2560.0
ID,Dactyloptena orientalis,/home/reshma/Otolith/otolith_Final/model_data/test/Dactyloptena orientalis/Dactyloptena orientalis_Sp10_R (7).tif,2560.0
ID,Dactyloptena orientalis,/home/reshma/Otolith/otolith_Final/model_data/test/Dactyloptena orientalis/Dactyloptena orientalis_Sp10_R (8).tif,2560.0
ID,Dactyloptena orientalis,/home/reshma/Otolith/otolith_Final/model_data/test/Dactyloptena orientalis/Dactyloptena orientalis_Sp10_R (9).tif,2560.0
ID,Dactyloptena orientalis,/home/reshma/Otolith/otolith_Final/model_data/test/Dactyloptena orientalis/Dactyloptena orientalis_Sp9_L (1).tif,2560.0
ID,Dactyloptena orientalis,/home/reshma/Otolith/otolith_Final/model_data/test/Dactyloptena orientalis/Dactyloptena orientalis_Sp9_L (2).tif,2560.0
ID,Dactyloptena orientalis,/home/reshma/Otolith/otolith_Final/model_data/test/Dactyloptena orientalis/Dactyloptena orientalis_Sp9_L (3).tif,2560.0
ID,Dactyloptena orientalis,/home/reshma/Otolith/otolith_Final/model_data/test/Dactyloptena orientalis/Dactyloptena orientalis_Sp9_L (4).tif,2560.0
ID,Dactyloptena orientalis,/home/reshma/Otolith/otolith_Final/model_data/test/Dactyloptena orientalis/Dactyloptena orientalis_Sp9_L (5).tif,2560.0
ID,Dactyloptena orientalis,/home/reshma/Otolith/otolith_Final/model_data/test/Dactyloptena orientalis/Dactyloptena orientalis_Sp9_L (6).tif,2560.0
ID,Dactyloptena orientalis,/home/reshma/Otolith/otolith_Final/model_data/test/Dactyloptena orientalis/Dactyloptena orientalis_Sp9_L (7).tif,2560.0
ID,Dactyloptena orientalis,/home/reshma/Otolith/otolith_Final/model_data/test/Dactyloptena orientalis/Dactyloptena orientalis_Sp9_L (8).tif,2560.0
ID,Dactyloptena orientalis,/home/reshma/Otolith/otolith_Final/model_data/test/Dactyloptena orientalis/Dactyloptena orientalis_Sp9_L (9).tif,2560.0
ID,Dactyloptena orientalis,/home/reshma/Otolith/otolith_Final/model_data/test/Dactyloptena orientalis/Dactyloptena orientalis_Sp9_R (1).tif,2560.0
ID,Dactyloptena orientalis,/home/reshma/Otolith/otolith_Final/model_data/test/Dactyloptena orientalis/Dactyloptena orientalis_Sp9_R (10).tif,2560.0
ID,Dactyloptena orientalis,/home/reshma/Otolith/otolith_Final/model_data/test/Dactyloptena orientalis/Dactyloptena orientalis_Sp9_R (11).tif,2560.0
ID,Dactyloptena orientalis,/home/reshma/Otolith/otolith_Final/model_data/test/Dactyloptena orientalis/Dactyloptena orientalis_Sp9_R (12).tif,2560.0
ID,Dactyloptena orientalis,/home/reshma/Otolith/otolith_Final/model_data/test/Dactyloptena orientalis/Dactyloptena orientalis_Sp9_R (13).tif,2560.0
ID,Dactyloptena orientalis,/home/reshma/Otolith/otolith_Final/model_data/test/Dactyloptena orientalis/Dactyloptena orientalis_Sp9_R (2).tif,2560.0
ID,Dactyloptena orientalis,/home/reshma/Otolith/otolith_Final/model_data/test/Dactyloptena orientalis/Dactyloptena orientalis_Sp9_R (3).tif,2560.0
ID,Dactyloptena orientalis,/home/reshma/Otolith/otolith_Final/model_data/test/Dactyloptena orientalis/Dactyloptena orientalis_Sp9_R (4).tif,2560.0
ID,Dactyloptena orientalis,/home/reshma/Otolith/otolith_Final/model_data/test/Dactyloptena orientalis/Dactyloptena orientalis_Sp9_R (5).tif,2560.0
ID,Dactyloptena orientalis,/home/reshma/Otolith/otolith_Final/model_data/test/Dactyloptena orientalis/Dactyloptena orientalis_Sp9_R (6).tif,2560.0
ID,Dactyloptena orientalis,/home/reshma/Otolith/otolith_Final/model_data/test/Dactyloptena orientalis/Dactyloptena orientalis_Sp9_R (7).tif,2560.0
ID,Dactyloptena orientalis,/home/reshma/Otolith/otolith_Final/model_data/test/Dactyloptena orientalis/Dactyloptena orientalis_Sp9_R (8).tif,2560.0
ID,Dactyloptena orientalis,/home/reshma/Otolith/otolith_Final/model_data/test/Dactyloptena orientalis/Dactyloptena orientalis_Sp9_R (9).tif,2560.0
ID,Dactyloptena papilio,/home/reshma/Otolith/otolith_Final/model_data/test/Dactyloptena papilio/AG16R 1.6X.tif,2560.0
ID,Dactyloptena papilio,/home/reshma/Otolith/otolith_Final/model_data/test/Dactyloptena papilio/AG34R 1.6X.tif,2560.0
ID,Dactyloptena papilio,/home/reshma/Otolith/otolith_Final/model_data/test/Dactyloptena papilio/AG37R 1.6X.tif,2560.0
ID,Dactyloptena papilio,/home/reshma/Otolith/otolith_Final/model_data/test/Dactyloptena papilio/AG39R 1.6X.tif,2560.0
ID,Dactyloptena papilio,/home/reshma/Otolith/otolith_Final/model_data/test/Dactyloptena papilio/AG56R 1.6X.tif,2560.0
ID,Dactyloptena papilio,/home/reshma/Otolith/otolith_Final/model_data/test/Dactyloptena papilio/AG60R 1.6X.tif,2560.0
ID,Dactyloptena papilio,/home/reshma/Otolith/otolith_Final/model_data/test/Dactyloptena papilio/AG61R 1.6X.tif,2560.0
ID,Dactyloptena papilio,/home/reshma/Otolith/otolith_Final/model_data/test/Dactyloptena papilio/AG8L 1.6X.tif,2560.0
ID,Dactyloptena papilio,/home/reshma/Otolith/otolith_Final/model_data/test/Dactyloptena papilio/AG8R 1.6X.tif,2560.0
ID,Dactyloptena tiltoni,/home/reshma/Otolith/otolith_Final/model_data/test/Dactyloptena tiltoni/DTR09.tif,2560.0
ID,Dactyloptena tiltoni,/home/reshma/Otolith/otolith_Final/model_data/test/Dactyloptena tiltoni/DTR13.tif,2560.0
ID,Dactyloptena tiltoni,/home/reshma/Otolith/otolith_Final/model_data/test/Dactyloptena tiltoni/DTR16.tif,2560.0
ID,Dactyloptena tiltoni,/home/reshma/Otolith/otolith_Final/model_data/test/Dactyloptena tiltoni/DTR27.tif,2560.0
ID,Dactyloptena tiltoni,/home/reshma/Otolith/otolith_Final/model_data/test/Dactyloptena tiltoni/DTR32.tif,2560.0
ID,Dactyloptena tiltoni,/home/reshma/Otolith/otolith_Final/model_data/test/Dactyloptena tiltoni/DTR41.tif,2560.0
ID,Dactyloptena tiltoni,/home/reshma/Otolith/otolith_Final/model_data/test/Dactyloptena tiltoni/DTR47.tif,2560.0
ID,Dactyloptena tiltoni,/home/reshma/Otolith/otolith_Final/model_data/test/Dactyloptena tiltoni/DTR56.tif,2560.0
ID,Dactyloptena tiltoni,/home/reshma/Otolith/otolith_Final/model_data/test/Dactyloptena tiltoni/DTR69.tif,2560.0
ID,Ectreposbastes imus,/home/reshma/Otolith/otolith_Final/model_data/test/Ectreposbastes imus/Ectreposbastes imus_Sp2_L (1).tif,2560.0
ID,Ectreposbastes imus,/home/reshma/Otolith/otolith_Final/model_data/test/Ectreposbastes imus/Ectreposbastes imus_Sp2_L (15).tif,2560.0
ID,Ectreposbastes imus,/home/reshma/Otolith/otolith_Final/model_data/test/Ectreposbastes imus/Ectreposbastes imus_Sp2_L (16).tif,2560.0
ID,Ectreposbastes imus,/home/reshma/Otolith/otolith_Final/model_data/test/Ectreposbastes imus/Ectreposbastes imus_Sp2_L (17).tif,2560.0
ID,Ectreposbastes imus,/home/reshma/Otolith/otolith_Final/model_data/test/Ectreposbastes imus/Ectreposbastes imus_Sp2_L (18).tif,2560.0
ID,Ectreposbastes imus,/home/reshma/Otolith/otolith_Final/model_data/test/Ectreposbastes imus/Ectreposbastes imus_Sp2_L (19).tif,2560.0
ID,Ectreposbastes imus,/home/reshma/Otolith/otolith_Final/model_data/test/Ectreposbastes imus/Ectreposbastes imus_Sp2_L (20).tif,2560.0
ID,Ectreposbastes imus,/home/reshma/Otolith/otolith_Final/model_data/test/Ectreposbastes imus/Ectreposbastes imus_Sp2_L (21).tif,2560.0
ID,Ectreposbastes imus,/home/reshma/Otolith/otolith_Final/model_data/test/Ectreposbastes imus/Ectreposbastes imus_Sp2_L (22).tif,2560.0
ID,Ectreposbastes imus,/home/reshma/Otolith/otolith_Final/model_data/test/Ectreposbastes imus/Ectreposbastes imus_Sp2_L (23).tif,2560.0
ID,Ectreposbastes imus,/home/reshma/Otolith/otolith_Final/model_data/test/Ectreposbastes imus/Ectreposbastes imus_Sp2_L (24).tif,2560.0
ID,Ectreposbastes imus,/home/reshma/Otolith/otolith_Final/model_data/test/Ectreposbastes imus/Ectreposbastes imus_Sp2_L (25).tif,2560.0
ID,Ectreposbastes imus,/home/reshma/Otolith/otolith_Final/model_data/test/Ectreposbastes imus/Ectreposbastes imus_Sp2_L (26).tif,2560.0
ID,Ectreposbastes imus,/home/reshma/Otolith/otolith_Final/model_data/test/Ectreposbastes imus/Ectreposbastes imus_Sp2_L (27).tif,2560.0
ID,Ectreposbastes imus,/home/reshma/Otolith/otolith_Final/model_data/test/Ectreposbastes imus/Ectreposbastes imus_Sp2_L (28).tif,2560.0
ID,Ectreposbastes imus,/home/reshma/Otolith/otolith_Final/model_data/test/Ectreposbastes imus/Ectreposbastes imus_Sp2_L (29).tif,2560.0
ID,Ectreposbastes imus,/home/reshma/Otolith/otolith_Final/model_data/test/Ectreposbastes imus/Ectreposbastes imus_Sp2_L (30).tif,2560.0
ID,Ectreposbastes imus,/home/reshma/Otolith/otolith_Final/model_data/test/Ectreposbastes imus/Ectreposbastes imus_Sp2_L (31).tif,2560.0
ID,Ectreposbastes imus,/home/reshma/Otolith/otolith_Final/model_data/test/Ectreposbastes imus/Ectreposbastes imus_Sp2_L (32).tif,2560.0
ID,Ectreposbastes imus,/home/reshma/Otolith/otolith_Final/model_data/test/Ectreposbastes imus/Ectreposbastes imus_Sp2_L (33).tif,2560.0
ID,Ectreposbastes imus,/home/reshma/Otolith/otolith_Final/model_data/test/Ectreposbastes imus/Ectreposbastes imus_Sp2_L (34).tif,2560.0
ID,Ectreposbastes imus,/home/reshma/Otolith/otolith_Final/model_data/test/Ectreposbastes imus/Ectreposbastes imus_Sp2_L (35).tif,2560.0
ID,Ectreposbastes imus,/home/reshma/Otolith/otolith_Final/model_data/test/Ectreposbastes imus/Ectreposbastes imus_Sp2_L (36).tif,2560.0
ID,Ectreposbastes imus,/home/reshma/Otolith/otolith_Final/model_data/test/Ectreposbastes imus/Ectreposbastes imus_Sp2_L (37).tif,2560.0
ID,Ectreposbastes imus,/home/reshma/Otolith/otolith_Final/model_data/test/Ectreposbastes imus/Ectreposbastes imus_Sp2_L (38).tif,2560.0
ID,Ectreposbastes imus,/home/reshma/Otolith/otolith_Final/model_data/test/Ectreposbastes imus/Ectreposbastes imus_Sp2_L (39).tif,2560.0
ID,Ectreposbastes imus,/home/reshma/Otolith/otolith_Final/model_data/test/Ectreposbastes imus/Ectreposbastes imus_Sp2_L (40).tif,2560.0
ID,Ectreposbastes imus,/home/reshma/Otolith/otolith_Final/model_data/test/Ectreposbastes imus/Ectreposbastes imus_Sp2_L (41).tif,2560.0
ID,Ectreposbastes imus,/home/reshma/Otolith/otolith_Final/model_data/test/Ectreposbastes imus/Ectreposbastes imus_Sp2_L (42).tif,2560.0
ID,Ectreposbastes imus,/home/reshma/Otolith/otolith_Final/model_data/test/Ectreposbastes imus/Ectreposbastes imus_Sp2_L (43).tif,2560.0
ID,Ectreposbastes imus,/home/reshma/Otolith/otolith_Final/model_data/test/Ectreposbastes imus/Ectreposbastes imus_Sp2_L (44).tif,2560.0
ID,Ectreposbastes imus,/home/reshma/Otolith/otolith_Final/model_data/test/Ectreposbastes imus/Ectreposbastes imus_Sp2_L (45).tif,2560.0
ID,Ectreposbastes imus,/home/reshma/Otolith/otolith_Final/model_data/test/Ectreposbastes imus/Ectreposbastes imus_Sp2_L (46).tif,2560.0
ID,Ectreposbastes imus,/home/reshma/Otolith/otolith_Final/model_data/test/Ectreposbastes imus/Ectreposbastes imus_Sp2_L (47).tif,2560.0
ID,Ectreposbastes imus,/home/reshma/Otolith/otolith_Final/model_data/test/Ectreposbastes imus/Ectreposbastes imus_Sp2_L (48).tif,2560.0
ID,Ectreposbastes imus,/home/reshma/Otolith/otolith_Final/model_data/test/Ectreposbastes imus/Ectreposbastes imus_Sp2_L (49).tif,2560.0
ID,Ectreposbastes imus,/home/reshma/Otolith/otolith_Final/model_data/test/Ectreposbastes imus/Ectreposbastes imus_Sp2_L (50).tif,2560.0
ID,Ectreposbastes imus,/home/reshma/Otolith/otolith_Final/model_data/test/Ectreposbastes imus/Ectreposbastes imus_Sp2_L (51).tif,2560.0
ID,Ectreposbastes imus,/home/reshma/Otolith/otolith_Final/model_data/test/Ectreposbastes imus/Ectreposbastes imus_Sp2_L (52).tif,2560.0
ID,Ectreposbastes imus,/home/reshma/Otolith/otolith_Final/model_data/test/Ectreposbastes imus/Ectreposbastes imus_Sp2_L (53).tif,2560.0
ID,Ectreposbastes imus,/home/reshma/Otolith/otolith_Final/model_data/test/Ectreposbastes imus/Ectreposbastes imus_Sp2_L (54).tif,2560.0
ID,Ectreposbastes imus,/home/reshma/Otolith/otolith_Final/model_data/test/Ectreposbastes imus/Ectreposbastes imus_Sp2_L (55).tif,2560.0
ID,Ectreposbastes imus,/home/reshma/Otolith/otolith_Final/model_data/test/Ectreposbastes imus/Ectreposbastes imus_Sp2_L (56).tif,2560.0
ID,Ectreposbastes imus,/home/reshma/Otolith/otolith_Final/model_data/test/Ectreposbastes imus/Ectreposbastes imus_Sp2_L (57).tif,2560.0
ID,Ectreposbastes imus,/home/reshma/Otolith/otolith_Final/model_data/test/Ectreposbastes imus/Ectreposbastes imus_Sp2_L (58).tif,2560.0
ID,Ectreposbastes imus,/home/reshma/Otolith/otolith_Final/model_data/test/Ectreposbastes imus/Ectreposbastes imus_Sp2_L (59).tif,2560.0
ID,Ectreposbastes imus,/home/reshma/Otolith/otolith_Final/model_data/test/Ectreposbastes imus/Ectreposbastes imus_Sp2_L (60).tif,2560.0
ID,Ectreposbastes imus,/home/reshma/Otolith/otolith_Final/model_data/test/Ectreposbastes imus/Ectreposbastes imus_Sp2_L (61).tif,2560.0
ID,Ectreposbastes imus,/home/reshma/Otolith/otolith_Final/model_data/test/Ectreposbastes imus/Ectreposbastes imus_dorsal_Sp2_L_dorsal (1).tif,2560.0
ID,Ectreposbastes imus,/home/reshma/Otolith/otolith_Final/model_data/test/Ectreposbastes imus/Ectreposbastes imus_dorsal_Sp2_L_dorsal (17).tif,2560.0
ID,Ectreposbastes imus,/home/reshma/Otolith/otolith_Final/model_data/test/Ectreposbastes imus/Ectreposbastes imus_dorsal_Sp2_L_dorsal (18).tif,2560.0
ID,Ectreposbastes imus,/home/reshma/Otolith/otolith_Final/model_data/test/Ectreposbastes imus/Ectreposbastes imus_dorsal_Sp2_L_dorsal (19).tif,2560.0
ID,Ectreposbastes imus,/home/reshma/Otolith/otolith_Final/model_data/test/Ectreposbastes imus/Ectreposbastes imus_dorsal_Sp2_L_dorsal (2).tif,2560.0
ID,Ectreposbastes imus,/home/reshma/Otolith/otolith_Final/model_data/test/Ectreposbastes imus/Ectreposbastes imus_dorsal_Sp2_L_dorsal (20).tif,2560.0
ID,Ectreposbastes imus,/home/reshma/Otolith/otolith_Final/model_data/test/Ectreposbastes imus/Ectreposbastes imus_dorsal_Sp2_L_dorsal (3).tif,2560.0
ID,Ectreposbastes imus,/home/reshma/Otolith/otolith_Final/model_data/test/Ectreposbastes imus/Ectreposbastes imus_dorsal_Sp2_L_dorsal (4).tif,2560.0
ID,Ectreposbastes imus,/home/reshma/Otolith/otolith_Final/model_data/test/Ectreposbastes imus/Ectreposbastes imus_dorsal_Sp2_L_dorsal (5).tif,2560.0
ID,Ectreposbastes imus,/home/reshma/Otolith/otolith_Final/model_data/test/Ectreposbastes imus/Ectreposbastes imus_dorsal_Sp2_L_dorsal (6).tif,2560.0
ID,Ectreposbastes imus,/home/reshma/Otolith/otolith_Final/model_data/test/Ectreposbastes imus/Ectreposbastes imus_dorsal_Sp2_L_dorsal (7).tif,2560.0
ID,Ectreposbastes imus,/home/reshma/Otolith/otolith_Final/model_data/test/Ectreposbastes imus/Ectreposbastes imus_dorsal_Sp2_L_dorsal (8).tif,2560.0
ID,Grammoplites suppositus,/home/reshma/Otolith/otolith_Final/model_data/test/Grammoplites suppositus/AI10L 0.75X.tif,2560.0
ID,Grammoplites suppositus,/home/reshma/Otolith/otolith_Final/model_data/test/Grammoplites suppositus/AI23 0.75XDORSAL1.tif,2560.0
ID,Grammoplites suppositus,/home/reshma/Otolith/otolith_Final/model_data/test/Grammoplites suppositus/AI23R 0.75X.tif,2560.0
ID,Grammoplites suppositus,/home/reshma/Otolith/otolith_Final/model_data/test/Grammoplites suppositus/AI26R 0.75X.tif,2560.0
ID,Grammoplites suppositus,/home/reshma/Otolith/otolith_Final/model_data/test/Grammoplites suppositus/AI35R 0.75X.tif,2560.0
ID,Grammoplites suppositus,/home/reshma/Otolith/otolith_Final/model_data/test/Grammoplites suppositus/AI3R .75X.tif,2560.0
ID,Grammoplites suppositus,/home/reshma/Otolith/otolith_Final/model_data/test/Grammoplites suppositus/AI4.tif,2560.0
ID,Grammoplites suppositus,/home/reshma/Otolith/otolith_Final/model_data/test/Grammoplites suppositus/AI44R 0.75X.tif,2560.0
ID,Grammoplites suppositus,/home/reshma/Otolith/otolith_Final/model_data/test/Grammoplites suppositus/AI50L 0.75X.tif,2560.0
ID,Grammoplites suppositus,/home/reshma/Otolith/otolith_Final/model_data/test/Grammoplites suppositus/AI53R 0.75X.tif,2560.0
ID,Grammoplites suppositus,/home/reshma/Otolith/otolith_Final/model_data/test/Grammoplites suppositus/AI58R 0.75X.tif,2560.0
ID,Grammoplites suppositus,/home/reshma/Otolith/otolith_Final/model_data/test/Grammoplites suppositus/AI7.tif,2560.0
ID,Hoplostethus sp,/home/reshma/Otolith/otolith_Final/model_data/test/Hoplostethus sp/Hoplostethus melanopterus_Sp10_L (1).tif,2560.0
ID,Hoplostethus sp,/home/reshma/Otolith/otolith_Final/model_data/test/Hoplostethus sp/Hoplostethus melanopterus_Sp10_L (10).tif,2560.0
ID,Hoplostethus sp,/home/reshma/Otolith/otolith_Final/model_data/test/Hoplostethus sp/Hoplostethus melanopterus_Sp10_L (11).tif,2560.0
ID,Hoplostethus sp,/home/reshma/Otolith/otolith_Final/model_data/test/Hoplostethus sp/Hoplostethus melanopterus_Sp10_L (12).tif,2560.0
ID,Hoplostethus sp,/home/reshma/Otolith/otolith_Final/model_data/test/Hoplostethus sp/Hoplostethus melanopterus_Sp10_L (13).tif,2560.0
ID,Hoplostethus sp,/home/reshma/Otolith/otolith_Final/model_data/test/Hoplostethus sp/Hoplostethus melanopterus_Sp10_L (14).tif,2560.0
ID,Hoplostethus sp,/home/reshma/Otolith/otolith_Final/model_data/test/Hoplostethus sp/Hoplostethus melanopterus_Sp10_L (15).tif,2560.0
ID,Hoplostethus sp,/home/reshma/Otolith/otolith_Final/model_data/test/Hoplostethus sp/Hoplostethus melanopterus_Sp10_L (16).tif,2560.0
ID,Hoplostethus sp,/home/reshma/Otolith/otolith_Final/model_data/test/Hoplostethus sp/Hoplostethus melanopterus_Sp10_L (2).tif,2560.0
ID,Hoplostethus sp,/home/reshma/Otolith/otolith_Final/model_data/test/Hoplostethus sp/Hoplostethus melanopterus_Sp10_L (3).tif,2560.0
ID,Hoplostethus sp,/home/reshma/Otolith/otolith_Final/model_data/test/Hoplostethus sp/Hoplostethus melanopterus_Sp10_L (4).tif,2560.0
ID,Hoplostethus sp,/home/reshma/Otolith/otolith_Final/model_data/test/Hoplostethus sp/Hoplostethus melanopterus_Sp10_L (5).tif,2560.0
ID,Hoplostethus sp,/home/reshma/Otolith/otolith_Final/model_data/test/Hoplostethus sp/Hoplostethus melanopterus_Sp10_L (6).tif,2560.0
ID,Hoplostethus sp,/home/reshma/Otolith/otolith_Final/model_data/test/Hoplostethus sp/Hoplostethus melanopterus_Sp10_L (7).tif,2560.0
ID,Hoplostethus sp,/home/reshma/Otolith/otolith_Final/model_data/test/Hoplostethus sp/Hoplostethus melanopterus_Sp10_L (8).tif,2560.0
ID,Hoplostethus sp,/home/reshma/Otolith/otolith_Final/model_data/test/Hoplostethus sp/Hoplostethus melanopterus_Sp10_L (9).tif,2560.0
ID,Hoplostethus sp,/home/reshma/Otolith/otolith_Final/model_data/test/Hoplostethus sp/Hoplostethus melanopterus_Sp10_R (1).tif,2560.0
ID,Hoplostethus sp,/home/reshma/Otolith/otolith_Final/model_data/test/Hoplostethus sp/Hoplostethus melanopterus_Sp10_R (10).tif,2560.0
ID,Hoplostethus sp,/home/reshma/Otolith/otolith_Final/model_data/test/Hoplostethus sp/Hoplostethus melanopterus_Sp10_R (11).tif,2560.0
ID,Hoplostethus sp,/home/reshma/Otolith/otolith_Final/model_data/test/Hoplostethus sp/Hoplostethus melanopterus_Sp10_R (12).tif,2560.0
ID,Hoplostethus sp,/home/reshma/Otolith/otolith_Final/model_data/test/Hoplostethus sp/Hoplostethus melanopterus_Sp10_R (13).tif,2560.0
ID,Hoplostethus sp,/home/reshma/Otolith/otolith_Final/model_data/test/Hoplostethus sp/Hoplostethus melanopterus_Sp10_R (14).tif,2560.0
ID,Hoplostethus sp,/home/reshma/Otolith/otolith_Final/model_data/test/Hoplostethus sp/Hoplostethus melanopterus_Sp10_R (15).tif,2560.0
ID,Hoplostethus sp,/home/reshma/Otolith/otolith_Final/model_data/test/Hoplostethus sp/Hoplostethus melanopterus_Sp10_R (16).tif,2560.0
ID,Hoplostethus sp,/home/reshma/Otolith/otolith_Final/model_data/test/Hoplostethus sp/Hoplostethus melanopterus_Sp10_R (2).tif,2560.0
ID,Hoplostethus sp,/home/reshma/Otolith/otolith_Final/model_data/test/Hoplostethus sp/Hoplostethus melanopterus_Sp10_R (3).tif,2560.0
ID,Hoplostethus sp,/home/reshma/Otolith/otolith_Final/model_data/test/Hoplostethus sp/Hoplostethus melanopterus_Sp10_R (4).tif,2560.0
ID,Hoplostethus sp,/home/reshma/Otolith/otolith_Final/model_data/test/Hoplostethus sp/Hoplostethus melanopterus_Sp10_R (5).tif,2560.0
ID,Hoplostethus sp,/home/reshma/Otolith/otolith_Final/model_data/test/Hoplostethus sp/Hoplostethus melanopterus_Sp10_R (6).tif,2560.0
ID,Hoplostethus sp,/home/reshma/Otolith/otolith_Final/model_data/test/Hoplostethus sp/Hoplostethus melanopterus_Sp10_R (7).tif,2560.0
ID,Hoplostethus sp,/home/reshma/Otolith/otolith_Final/model_data/test/Hoplostethus sp/Hoplostethus melanopterus_Sp10_R (8).tif,2560.0
ID,Hoplostethus sp,/home/reshma/Otolith/otolith_Final/model_data/test/Hoplostethus sp/Hoplostethus melanopterus_Sp10_R (9).tif,2560.0
ID,Lepidotrigla spiloptera,/home/reshma/Otolith/otolith_Final/model_data/test/Lepidotrigla spiloptera/Lepi 3 dorsal 3.2x.tif,2560.0
ID,Lepidotrigla spiloptera,/home/reshma/Otolith/otolith_Final/model_data/test/Lepidotrigla spiloptera/Lepi 3 dorsal 3.2x2.tif,2560.0
ID,Lepidotrigla spiloptera,/home/reshma/Otolith/otolith_Final/model_data/test/Lepidotrigla spiloptera/Lepi 3 dorsal 3.2x5.tif,2560.0
ID,Minous dempsterae,/home/reshma/Otolith/otolith_Final/model_data/test/Minous dempsterae/Minous dempsterae_Sp4_L (1).tif,2560.0
ID,Minous dempsterae,/home/reshma/Otolith/otolith_Final/model_data/test/Minous dempsterae/Minous dempsterae_Sp4_L (10).tif,2560.0
ID,Minous dempsterae,/home/reshma/Otolith/otolith_Final/model_data/test/Minous dempsterae/Minous dempsterae_Sp4_L (11).tif,2560.0
ID,Minous dempsterae,/home/reshma/Otolith/otolith_Final/model_data/test/Minous dempsterae/Minous dempsterae_Sp4_L (119).tif,2560.0
ID,Minous dempsterae,/home/reshma/Otolith/otolith_Final/model_data/test/Minous dempsterae/Minous dempsterae_Sp4_L (12).tif,2560.0
ID,Minous dempsterae,/home/reshma/Otolith/otolith_Final/model_data/test/Minous dempsterae/Minous dempsterae_Sp4_L (120).tif,2560.0
ID,Minous dempsterae,/home/reshma/Otolith/otolith_Final/model_data/test/Minous dempsterae/Minous dempsterae_Sp4_L (121).tif,2560.0
ID,Minous dempsterae,/home/reshma/Otolith/otolith_Final/model_data/test/Minous dempsterae/Minous dempsterae_Sp4_L (122).tif,2560.0
ID,Minous dempsterae,/home/reshma/Otolith/otolith_Final/model_data/test/Minous dempsterae/Minous dempsterae_Sp4_L (123).tif,2560.0
ID,Minous dempsterae,/home/reshma/Otolith/otolith_Final/model_data/test/Minous dempsterae/Minous dempsterae_Sp4_L (124).tif,2560.0
ID,Minous dempsterae,/home/reshma/Otolith/otolith_Final/model_data/test/Minous dempsterae/Minous dempsterae_Sp4_L (125).tif,2560.0
ID,Minous dempsterae,/home/reshma/Otolith/otolith_Final/model_data/test/Minous dempsterae/Minous dempsterae_Sp4_L (126).tif,2560.0
ID,Minous dempsterae,/home/reshma/Otolith/otolith_Final/model_data/test/Minous dempsterae/Minous dempsterae_Sp4_L (127).tif,2560.0
ID,Minous dempsterae,/home/reshma/Otolith/otolith_Final/model_data/test/Minous dempsterae/Minous dempsterae_Sp4_L (128).tif,2560.0
ID,Minous dempsterae,/home/reshma/Otolith/otolith_Final/model_data/test/Minous dempsterae/Minous dempsterae_Sp4_L (129).tif,2560.0
ID,Minous dempsterae,/home/reshma/Otolith/otolith_Final/model_data/test/Minous dempsterae/Minous dempsterae_Sp4_L (13).tif,2560.0
ID,Minous dempsterae,/home/reshma/Otolith/otolith_Final/model_data/test/Minous dempsterae/Minous dempsterae_Sp4_L (130).tif,2560.0
ID,Minous dempsterae,/home/reshma/Otolith/otolith_Final/model_data/test/Minous dempsterae/Minous dempsterae_Sp4_L (131).tif,2560.0
ID,Minous dempsterae,/home/reshma/Otolith/otolith_Final/model_data/test/Minous dempsterae/Minous dempsterae_Sp4_L (132).tif,2560.0
ID,Minous dempsterae,/home/reshma/Otolith/otolith_Final/model_data/test/Minous dempsterae/Minous dempsterae_Sp4_L (133).tif,2560.0
ID,Minous dempsterae,/home/reshma/Otolith/otolith_Final/model_data/test/Minous dempsterae/Minous dempsterae_Sp4_L (134).tif,2560.0
ID,Minous dempsterae,/home/reshma/Otolith/otolith_Final/model_data/test/Minous dempsterae/Minous dempsterae_Sp4_L (135).tif,2560.0
ID,Minous dempsterae,/home/reshma/Otolith/otolith_Final/model_data/test/Minous dempsterae/Minous dempsterae_Sp4_L (136).tif,2560.0
ID,Minous dempsterae,/home/reshma/Otolith/otolith_Final/model_data/test/Minous dempsterae/Minous dempsterae_Sp4_L (137).tif,2560.0
ID,Minous dempsterae,/home/reshma/Otolith/otolith_Final/model_data/test/Minous dempsterae/Minous dempsterae_Sp4_L (138).tif,2560.0
ID,Minous dempsterae,/home/reshma/Otolith/otolith_Final/model_data/test/Minous dempsterae/Minous dempsterae_Sp4_L (139).tif,2560.0
ID,Minous dempsterae,/home/reshma/Otolith/otolith_Final/model_data/test/Minous dempsterae/Minous dempsterae_Sp4_L (14).tif,2560.0
ID,Minous dempsterae,/home/reshma/Otolith/otolith_Final/model_data/test/Minous dempsterae/Minous dempsterae_Sp4_L (140).tif,2560.0
ID,Minous dempsterae,/home/reshma/Otolith/otolith_Final/model_data/test/Minous dempsterae/Minous dempsterae_Sp4_L (141).tif,2560.0
ID,Minous dempsterae,/home/reshma/Otolith/otolith_Final/model_data/test/Minous dempsterae/Minous dempsterae_Sp4_L (142).tif,2560.0
ID,Minous dempsterae,/home/reshma/Otolith/otolith_Final/model_data/test/Minous dempsterae/Minous dempsterae_Sp4_L (143).tif,2560.0
ID,Minous dempsterae,/home/reshma/Otolith/otolith_Final/model_data/test/Minous dempsterae/Minous dempsterae_Sp4_L (144).tif,2560.0
ID,Minous dempsterae,/home/reshma/Otolith/otolith_Final/model_data/test/Minous dempsterae/Minous dempsterae_Sp4_L (145).tif,2560.0
ID,Minous dempsterae,/home/reshma/Otolith/otolith_Final/model_data/test/Minous dempsterae/Minous dempsterae_Sp4_L (146).tif,2560.0
ID,Minous dempsterae,/home/reshma/Otolith/otolith_Final/model_data/test/Minous dempsterae/Minous dempsterae_Sp4_L (147).tif,2560.0
ID,Minous dempsterae,/home/reshma/Otolith/otolith_Final/model_data/test/Minous dempsterae/Minous dempsterae_Sp4_L (148).tif,2560.0
ID,Minous dempsterae,/home/reshma/Otolith/otolith_Final/model_data/test/Minous dempsterae/Minous dempsterae_Sp4_L (149).tif,2560.0
ID,Minous dempsterae,/home/reshma/Otolith/otolith_Final/model_data/test/Minous dempsterae/Minous dempsterae_Sp4_L (15).tif,2560.0
ID,Minous dempsterae,/home/reshma/Otolith/otolith_Final/model_data/test/Minous dempsterae/Minous dempsterae_Sp4_L (150).tif,2560.0
ID,Minous dempsterae,/home/reshma/Otolith/otolith_Final/model_data/test/Minous dempsterae/Minous dempsterae_Sp4_L (151).tif,2560.0
ID,Minous dempsterae,/home/reshma/Otolith/otolith_Final/model_data/test/Minous dempsterae/Minous dempsterae_Sp4_L (152).tif,2560.0
ID,Minous dempsterae,/home/reshma/Otolith/otolith_Final/model_data/test/Minous dempsterae/Minous dempsterae_Sp4_L (153).tif,2560.0
ID,Minous dempsterae,/home/reshma/Otolith/otolith_Final/model_data/test/Minous dempsterae/Minous dempsterae_Sp4_L (154).tif,2560.0
ID,Minous dempsterae,/home/reshma/Otolith/otolith_Final/model_data/test/Minous dempsterae/Minous dempsterae_Sp4_L (155).tif,2560.0
ID,Minous dempsterae,/home/reshma/Otolith/otolith_Final/model_data/test/Minous dempsterae/Minous dempsterae_Sp4_L (156).tif,2560.0
ID,Minous dempsterae,/home/reshma/Otolith/otolith_Final/model_data/test/Minous dempsterae/Minous dempsterae_Sp4_L (157).tif,2560.0
ID,Minous dempsterae,/home/reshma/Otolith/otolith_Final/model_data/test/Minous dempsterae/Minous dempsterae_Sp4_L (158).tif,2560.0
ID,Minous dempsterae,/home/reshma/Otolith/otolith_Final/model_data/test/Minous dempsterae/Minous dempsterae_Sp4_L (159).tif,2560.0
ID,Minous dempsterae,/home/reshma/Otolith/otolith_Final/model_data/test/Minous dempsterae/Minous dempsterae_Sp4_L (16).tif,2560.0
ID,Minous dempsterae,/home/reshma/Otolith/otolith_Final/model_data/test/Minous dempsterae/Minous dempsterae_Sp4_L (160).tif,2560.0
ID,Minous dempsterae,/home/reshma/Otolith/otolith_Final/model_data/test/Minous dempsterae/Minous dempsterae_Sp4_L (161).tif,2560.0
ID,Minous dempsterae,/home/reshma/Otolith/otolith_Final/model_data/test/Minous dempsterae/Minous dempsterae_Sp4_L (162).tif,2560.0
ID,Minous dempsterae,/home/reshma/Otolith/otolith_Final/model_data/test/Minous dempsterae/Minous dempsterae_Sp4_L (163).tif,2560.0
ID,Minous dempsterae,/home/reshma/Otolith/otolith_Final/model_data/test/Minous dempsterae/Minous dempsterae_Sp4_L (164).tif,2560.0
ID,Minous dempsterae,/home/reshma/Otolith/otolith_Final/model_data/test/Minous dempsterae/Minous dempsterae_Sp4_L (165).tif,2560.0
ID,Minous dempsterae,/home/reshma/Otolith/otolith_Final/model_data/test/Minous dempsterae/Minous dempsterae_Sp4_L (166).tif,2560.0
ID,Minous dempsterae,/home/reshma/Otolith/otolith_Final/model_data/test/Minous dempsterae/Minous dempsterae_Sp4_L (167).tif,2560.0
ID,Minous dempsterae,/home/reshma/Otolith/otolith_Final/model_data/test/Minous dempsterae/Minous dempsterae_Sp4_L (168).tif,2560.0
ID,Minous dempsterae,/home/reshma/Otolith/otolith_Final/model_data/test/Minous dempsterae/Minous dempsterae_Sp4_L (169).tif,2560.0
ID,Minous dempsterae,/home/reshma/Otolith/otolith_Final/model_data/test/Minous dempsterae/Minous dempsterae_Sp4_L (17).tif,2560.0
ID,Minous dempsterae,/home/reshma/Otolith/otolith_Final/model_data/test/Minous dempsterae/Minous dempsterae_Sp4_L (170).tif,2560.0
ID,Minous dempsterae,/home/reshma/Otolith/otolith_Final/model_data/test/Minous dempsterae/Minous dempsterae_Sp4_L (171).tif,2560.0
ID,Minous dempsterae,/home/reshma/Otolith/otolith_Final/model_data/test/Minous dempsterae/Minous dempsterae_Sp4_L (172).tif,2560.0
ID,Minous dempsterae,/home/reshma/Otolith/otolith_Final/model_data/test/Minous dempsterae/Minous dempsterae_Sp4_L (173).tif,2560.0
ID,Minous dempsterae,/home/reshma/Otolith/otolith_Final/model_data/test/Minous dempsterae/Minous dempsterae_Sp4_L (174).tif,2560.0
ID,Minous dempsterae,/home/reshma/Otolith/otolith_Final/model_data/test/Minous dempsterae/Minous dempsterae_Sp4_L (175).tif,2560.0
ID,Minous dempsterae,/home/reshma/Otolith/otolith_Final/model_data/test/Minous dempsterae/Minous dempsterae_Sp4_L (176).tif,2560.0
ID,Minous dempsterae,/home/reshma/Otolith/otolith_Final/model_data/test/Minous dempsterae/Minous dempsterae_Sp4_L (177).tif,2560.0
ID,Minous dempsterae,/home/reshma/Otolith/otolith_Final/model_data/test/Minous dempsterae/Minous dempsterae_Sp4_L (178).tif,2560.0
ID,Minous dempsterae,/home/reshma/Otolith/otolith_Final/model_data/test/Minous dempsterae/Minous dempsterae_Sp4_L (179).tif,2560.0
ID,Minous dempsterae,/home/reshma/Otolith/otolith_Final/model_data/test/Minous dempsterae/Minous dempsterae_Sp4_L (18).tif,2560.0
ID,Minous dempsterae,/home/reshma/Otolith/otolith_Final/model_data/test/Minous dempsterae/Minous dempsterae_Sp4_L (180).tif,2560.0
ID,Minous dempsterae,/home/reshma/Otolith/otolith_Final/model_data/test/Minous dempsterae/Minous dempsterae_Sp4_L (181).tif,2560.0
ID,Minous dempsterae,/home/reshma/Otolith/otolith_Final/model_data/test/Minous dempsterae/Minous dempsterae_Sp4_L (182).tif,2560.0
ID,Minous dempsterae,/home/reshma/Otolith/otolith_Final/model_data/test/Minous dempsterae/Minous dempsterae_Sp4_L (183).tif,2560.0
ID,Minous dempsterae,/home/reshma/Otolith/otolith_Final/model_data/test/Minous dempsterae/Minous dempsterae_Sp4_L (184).tif,2560.0
ID,Minous dempsterae,/home/reshma/Otolith/otolith_Final/model_data/test/Minous dempsterae/Minous dempsterae_Sp4_L (185).tif,2560.0
ID,Minous dempsterae,/home/reshma/Otolith/otolith_Final/model_data/test/Minous dempsterae/Minous dempsterae_Sp4_L (186).tif,2560.0
ID,Minous dempsterae,/home/reshma/Otolith/otolith_Final/model_data/test/Minous dempsterae/Minous dempsterae_Sp4_L (187).tif,2560.0
ID,Minous dempsterae,/home/reshma/Otolith/otolith_Final/model_data/test/Minous dempsterae/Minous dempsterae_Sp4_L (188).tif,2560.0
ID,Minous dempsterae,/home/reshma/Otolith/otolith_Final/model_data/test/Minous dempsterae/Minous dempsterae_Sp4_L (189).tif,2560.0
ID,Minous dempsterae,/home/reshma/Otolith/otolith_Final/model_data/test/Minous dempsterae/Minous dempsterae_Sp4_L (19).tif,2560.0
ID,Minous dempsterae,/home/reshma/Otolith/otolith_Final/model_data/test/Minous dempsterae/Minous dempsterae_Sp4_L (190).tif,2560.0
ID,Minous dempsterae,/home/reshma/Otolith/otolith_Final/model_data/test/Minous dempsterae/Minous dempsterae_Sp4_L (191).tif,2560.0
ID,Minous dempsterae,/home/reshma/Otolith/otolith_Final/model_data/test/Minous dempsterae/Minous dempsterae_Sp4_L (192).tif,2560.0
ID,Minous dempsterae,/home/reshma/Otolith/otolith_Final/model_data/test/Minous dempsterae/Minous dempsterae_Sp4_L (193).tif,2560.0
ID,Minous dempsterae,/home/reshma/Otolith/otolith_Final/model_data/test/Minous dempsterae/Minous dempsterae_Sp4_L (194).tif,2560.0
ID,Minous dempsterae,/home/reshma/Otolith/otolith_Final/model_data/test/Minous dempsterae/Minous dempsterae_Sp4_L (195).tif,2560.0
ID,Minous dempsterae,/home/reshma/Otolith/otolith_Final/model_data/test/Minous dempsterae/Minous dempsterae_Sp4_L (196).tif,2560.0
ID,Minous dempsterae,/home/reshma/Otolith/otolith_Final/model_data/test/Minous dempsterae/Minous dempsterae_Sp4_L (197).tif,2560.0
ID,Minous dempsterae,/home/reshma/Otolith/otolith_Final/model_data/test/Minous dempsterae/Minous dempsterae_Sp4_L (198).tif,2560.0
ID,Minous dempsterae,/home/reshma/Otolith/otolith_Final/model_data/test/Minous dempsterae/Minous dempsterae_Sp4_L (199).tif,2560.0
ID,Minous dempsterae,/home/reshma/Otolith/otolith_Final/model_data/test/Minous dempsterae/Minous dempsterae_Sp4_L (2).tif,2560.0
ID,Minous dempsterae,/home/reshma/Otolith/otolith_Final/model_data/test/Minous dempsterae/Minous dempsterae_Sp4_L (20).tif,2560.0
ID,Minous dempsterae,/home/reshma/Otolith/otolith_Final/model_data/test/Minous dempsterae/Minous dempsterae_Sp4_L (200).tif,2560.0
ID,Minous dempsterae,/home/reshma/Otolith/otolith_Final/model_data/test/Minous dempsterae/Minous dempsterae_Sp4_L (201).tif,2560.0
ID,Minous dempsterae,/home/reshma/Otolith/otolith_Final/model_data/test/Minous dempsterae/Minous dempsterae_Sp4_L (202).tif,2560.0
ID,Minous dempsterae,/home/reshma/Otolith/otolith_Final/model_data/test/Minous dempsterae/Minous dempsterae_Sp4_L (203).tif,2560.0
ID,Minous dempsterae,/home/reshma/Otolith/otolith_Final/model_data/test/Minous dempsterae/Minous dempsterae_Sp4_L (21).tif,2560.0
ID,Minous dempsterae,/home/reshma/Otolith/otolith_Final/model_data/test/Minous dempsterae/Minous dempsterae_Sp4_L (22).tif,2560.0
ID,Minous dempsterae,/home/reshma/Otolith/otolith_Final/model_data/test/Minous dempsterae/Minous dempsterae_Sp4_L (23).tif,2560.0
ID,Minous dempsterae,/home/reshma/Otolith/otolith_Final/model_data/test/Minous dempsterae/Minous dempsterae_Sp4_L (24).tif,2560.0
ID,Minous dempsterae,/home/reshma/Otolith/otolith_Final/model_data/test/Minous dempsterae/Minous dempsterae_Sp4_L (25).tif,2560.0
ID,Minous dempsterae,/home/reshma/Otolith/otolith_Final/model_data/test/Minous dempsterae/Minous dempsterae_Sp4_L (26).tif,2560.0
ID,Minous dempsterae,/home/reshma/Otolith/otolith_Final/model_data/test/Minous dempsterae/Minous dempsterae_Sp4_L (27).tif,2560.0
ID,Minous dempsterae,/home/reshma/Otolith/otolith_Final/model_data/test/Minous dempsterae/Minous dempsterae_Sp4_L (28).tif,2560.0
ID,Minous dempsterae,/home/reshma/Otolith/otolith_Final/model_data/test/Minous dempsterae/Minous dempsterae_Sp4_L (29).tif,2560.0
ID,Minous dempsterae,/home/reshma/Otolith/otolith_Final/model_data/test/Minous dempsterae/Minous dempsterae_Sp4_L (3).tif,2560.0
ID,Minous dempsterae,/home/reshma/Otolith/otolith_Final/model_data/test/Minous dempsterae/Minous dempsterae_Sp4_L (30).tif,2560.0
ID,Minous dempsterae,/home/reshma/Otolith/otolith_Final/model_data/test/Minous dempsterae/Minous dempsterae_Sp4_L (31).tif,2560.0
ID,Minous dempsterae,/home/reshma/Otolith/otolith_Final/model_data/test/Minous dempsterae/Minous dempsterae_Sp4_L (32).tif,2560.0
ID,Minous dempsterae,/home/reshma/Otolith/otolith_Final/model_data/test/Minous dempsterae/Minous dempsterae_Sp4_L (33).tif,2560.0
ID,Minous dempsterae,/home/reshma/Otolith/otolith_Final/model_data/test/Minous dempsterae/Minous dempsterae_Sp4_L (34).tif,2560.0
ID,Minous dempsterae,/home/reshma/Otolith/otolith_Final/model_data/test/Minous dempsterae/Minous dempsterae_Sp4_L (35).tif,2560.0
ID,Minous dempsterae,/home/reshma/Otolith/otolith_Final/model_data/test/Minous dempsterae/Minous dempsterae_Sp4_L (36).tif,2560.0
ID,Minous dempsterae,/home/reshma/Otolith/otolith_Final/model_data/test/Minous dempsterae/Minous dempsterae_Sp4_L (37).tif,2560.0
ID,Minous dempsterae,/home/reshma/Otolith/otolith_Final/model_data/test/Minous dempsterae/Minous dempsterae_Sp4_L (38).tif,2560.0
ID,Minous dempsterae,/home/reshma/Otolith/otolith_Final/model_data/test/Minous dempsterae/Minous dempsterae_Sp4_L (39).tif,2560.0
ID,Minous dempsterae,/home/reshma/Otolith/otolith_Final/model_data/test/Minous dempsterae/Minous dempsterae_Sp4_L (4).tif,2560.0
ID,Minous dempsterae,/home/reshma/Otolith/otolith_Final/model_data/test/Minous dempsterae/Minous dempsterae_Sp4_L (40).tif,2560.0
ID,Minous dempsterae,/home/reshma/Otolith/otolith_Final/model_data/test/Minous dempsterae/Minous dempsterae_Sp4_L (41).tif,2560.0
ID,Minous dempsterae,/home/reshma/Otolith/otolith_Final/model_data/test/Minous dempsterae/Minous dempsterae_Sp4_L (42).tif,2560.0
ID,Minous dempsterae,/home/reshma/Otolith/otolith_Final/model_data/test/Minous dempsterae/Minous dempsterae_Sp4_L (43).tif,2560.0
ID,Minous dempsterae,/home/reshma/Otolith/otolith_Final/model_data/test/Minous dempsterae/Minous dempsterae_Sp4_L (44).tif,2560.0
ID,Minous dempsterae,/home/reshma/Otolith/otolith_Final/model_data/test/Minous dempsterae/Minous dempsterae_Sp4_L (45).tif,2560.0
ID,Minous dempsterae,/home/reshma/Otolith/otolith_Final/model_data/test/Minous dempsterae/Minous dempsterae_Sp4_L (46).tif,2560.0
ID,Minous dempsterae,/home/reshma/Otolith/otolith_Final/model_data/test/Minous dempsterae/Minous dempsterae_Sp4_L (47).tif,2560.0
ID,Minous dempsterae,/home/reshma/Otolith/otolith_Final/model_data/test/Minous dempsterae/Minous dempsterae_Sp4_L (48).tif,2560.0
ID,Minous dempsterae,/home/reshma/Otolith/otolith_Final/model_data/test/Minous dempsterae/Minous dempsterae_Sp4_L (49).tif,2560.0
ID,Minous dempsterae,/home/reshma/Otolith/otolith_Final/model_data/test/Minous dempsterae/Minous dempsterae_Sp4_L (5).tif,2560.0
ID,Minous dempsterae,/home/reshma/Otolith/otolith_Final/model_data/test/Minous dempsterae/Minous dempsterae_Sp4_L (50).tif,2560.0
ID,Minous dempsterae,/home/reshma/Otolith/otolith_Final/model_data/test/Minous dempsterae/Minous dempsterae_Sp4_L (51).tif,2560.0
ID,Minous dempsterae,/home/reshma/Otolith/otolith_Final/model_data/test/Minous dempsterae/Minous dempsterae_Sp4_L (52).tif,2560.0
ID,Minous dempsterae,/home/reshma/Otolith/otolith_Final/model_data/test/Minous dempsterae/Minous dempsterae_Sp4_L (53).tif,2560.0
ID,Minous dempsterae,/home/reshma/Otolith/otolith_Final/model_data/test/Minous dempsterae/Minous dempsterae_Sp4_L (54).tif,2560.0
ID,Minous dempsterae,/home/reshma/Otolith/otolith_Final/model_data/test/Minous dempsterae/Minous dempsterae_Sp4_L (55).tif,2560.0
ID,Minous dempsterae,/home/reshma/Otolith/otolith_Final/model_data/test/Minous dempsterae/Minous dempsterae_Sp4_L (56).tif,2560.0
ID,Minous dempsterae,/home/reshma/Otolith/otolith_Final/model_data/test/Minous dempsterae/Minous dempsterae_Sp4_L (57).tif,2560.0
ID,Minous dempsterae,/home/reshma/Otolith/otolith_Final/model_data/test/Minous dempsterae/Minous dempsterae_Sp4_L (58).tif,2560.0
ID,Minous dempsterae,/home/reshma/Otolith/otolith_Final/model_data/test/Minous dempsterae/Minous dempsterae_Sp4_L (59).tif,2560.0
ID,Minous dempsterae,/home/reshma/Otolith/otolith_Final/model_data/test/Minous dempsterae/Minous dempsterae_Sp4_L (6).tif,2560.0
ID,Minous dempsterae,/home/reshma/Otolith/otolith_Final/model_data/test/Minous dempsterae/Minous dempsterae_Sp4_L (60).tif,2560.0
ID,Minous dempsterae,/home/reshma/Otolith/otolith_Final/model_data/test/Minous dempsterae/Minous dempsterae_Sp4_L (61).tif,2560.0
ID,Minous dempsterae,/home/reshma/Otolith/otolith_Final/model_data/test/Minous dempsterae/Minous dempsterae_Sp4_L (62).tif,2560.0
ID,Minous dempsterae,/home/reshma/Otolith/otolith_Final/model_data/test/Minous dempsterae/Minous dempsterae_Sp4_L (63).tif,2560.0
ID,Minous dempsterae,/home/reshma/Otolith/otolith_Final/model_data/test/Minous dempsterae/Minous dempsterae_Sp4_L (64).tif,2560.0
ID,Minous dempsterae,/home/reshma/Otolith/otolith_Final/model_data/test/Minous dempsterae/Minous dempsterae_Sp4_L (65).tif,2560.0
ID,Minous dempsterae,/home/reshma/Otolith/otolith_Final/model_data/test/Minous dempsterae/Minous dempsterae_Sp4_L (66).tif,2560.0
ID,Minous dempsterae,/home/reshma/Otolith/otolith_Final/model_data/test/Minous dempsterae/Minous dempsterae_Sp4_L (67).tif,2560.0
ID,Minous dempsterae,/home/reshma/Otolith/otolith_Final/model_data/test/Minous dempsterae/Minous dempsterae_Sp4_L (68).tif,2560.0
ID,Minous dempsterae,/home/reshma/Otolith/otolith_Final/model_data/test/Minous dempsterae/Minous dempsterae_Sp4_L (69).tif,2560.0
ID,Minous dempsterae,/home/reshma/Otolith/otolith_Final/model_data/test/Minous dempsterae/Minous dempsterae_Sp4_L (7).tif,2560.0
ID,Minous dempsterae,/home/reshma/Otolith/otolith_Final/model_data/test/Minous dempsterae/Minous dempsterae_Sp4_L (70).tif,2560.0
ID,Minous dempsterae,/home/reshma/Otolith/otolith_Final/model_data/test/Minous dempsterae/Minous dempsterae_Sp4_L (71).tif,2560.0
ID,Minous dempsterae,/home/reshma/Otolith/otolith_Final/model_data/test/Minous dempsterae/Minous dempsterae_Sp4_L (72).tif,2560.0
ID,Minous dempsterae,/home/reshma/Otolith/otolith_Final/model_data/test/Minous dempsterae/Minous dempsterae_Sp4_L (73).tif,2560.0
ID,Minous dempsterae,/home/reshma/Otolith/otolith_Final/model_data/test/Minous dempsterae/Minous dempsterae_Sp4_L (74).tif,2560.0
ID,Minous dempsterae,/home/reshma/Otolith/otolith_Final/model_data/test/Minous dempsterae/Minous dempsterae_Sp4_L (75).tif,2560.0
ID,Minous dempsterae,/home/reshma/Otolith/otolith_Final/model_data/test/Minous dempsterae/Minous dempsterae_Sp4_L (76).tif,2560.0
ID,Minous dempsterae,/home/reshma/Otolith/otolith_Final/model_data/test/Minous dempsterae/Minous dempsterae_Sp4_L (77).tif,2560.0
ID,Minous dempsterae,/home/reshma/Otolith/otolith_Final/model_data/test/Minous dempsterae/Minous dempsterae_Sp4_L (78).tif,2560.0
ID,Minous dempsterae,/home/reshma/Otolith/otolith_Final/model_data/test/Minous dempsterae/Minous dempsterae_Sp4_L (79).tif,2560.0
ID,Minous dempsterae,/home/reshma/Otolith/otolith_Final/model_data/test/Minous dempsterae/Minous dempsterae_Sp4_L (8).tif,2560.0
ID,Minous dempsterae,/home/reshma/Otolith/otolith_Final/model_data/test/Minous dempsterae/Minous dempsterae_Sp4_L (80).tif,2560.0
ID,Minous dempsterae,/home/reshma/Otolith/otolith_Final/model_data/test/Minous dempsterae/Minous dempsterae_Sp4_L (81).tif,2560.0
ID,Minous dempsterae,/home/reshma/Otolith/otolith_Final/model_data/test/Minous dempsterae/Minous dempsterae_Sp4_L (82).tif,2560.0
ID,Minous dempsterae,/home/reshma/Otolith/otolith_Final/model_data/test/Minous dempsterae/Minous dempsterae_Sp4_L (83).tif,2560.0
ID,Minous dempsterae,/home/reshma/Otolith/otolith_Final/model_data/test/Minous dempsterae/Minous dempsterae_Sp4_L (84).tif,2560.0
ID,Minous dempsterae,/home/reshma/Otolith/otolith_Final/model_data/test/Minous dempsterae/Minous dempsterae_Sp4_L (85).tif,2560.0
ID,Minous dempsterae,/home/reshma/Otolith/otolith_Final/model_data/test/Minous dempsterae/Minous dempsterae_Sp4_L (86).tif,2560.0
ID,Minous dempsterae,/home/reshma/Otolith/otolith_Final/model_data/test/Minous dempsterae/Minous dempsterae_Sp4_L (87).tif,2560.0
ID,Minous dempsterae,/home/reshma/Otolith/otolith_Final/model_data/test/Minous dempsterae/Minous dempsterae_Sp4_L (88).tif,2560.0
ID,Minous dempsterae,/home/reshma/Otolith/otolith_Final/model_data/test/Minous dempsterae/Minous dempsterae_Sp4_L (89).tif,2560.0
ID,Minous dempsterae,/home/reshma/Otolith/otolith_Final/model_data/test/Minous dempsterae/Minous dempsterae_Sp4_L (9).tif,2560.0
ID,Minous dempsterae,/home/reshma/Otolith/otolith_Final/model_data/test/Minous dempsterae/Minous dempsterae_Sp4_L (90).tif,2560.0
ID,Minous dempsterae,/home/reshma/Otolith/otolith_Final/model_data/test/Minous dempsterae/Minous dempsterae_Sp4_L (91).tif,2560.0
ID,Minous dempsterae,/home/reshma/Otolith/otolith_Final/model_data/test/Minous dempsterae/Minous dempsterae_Sp4_L (92).tif,2560.0
ID,Minous dempsterae,/home/reshma/Otolith/otolith_Final/model_data/test/Minous dempsterae/Minous dempsterae_Sp4_L (93).tif,2560.0
ID,Minous dempsterae,/home/reshma/Otolith/otolith_Final/model_data/test/Minous dempsterae/Minous dempsterae_Sp4_L (94).tif,2560.0
ID,Minous dempsterae,/home/reshma/Otolith/otolith_Final/model_data/test/Minous dempsterae/Minous dempsterae_Sp4_L (95).tif,2560.0
ID,Minous dempsterae,/home/reshma/Otolith/otolith_Final/model_data/test/Minous dempsterae/Minous dempsterae_Sp4_L (96).tif,2560.0
ID,Minous dempsterae,/home/reshma/Otolith/otolith_Final/model_data/test/Minous dempsterae/Minous dempsterae_Sp4_L (97).tif,2560.0
ID,Minous dempsterae,/home/reshma/Otolith/otolith_Final/model_data/test/Minous dempsterae/Minous dempsterae_Sp4_L (98).tif,2560.0
ID,Minous inermis,/home/reshma/Otolith/otolith_Final/model_data/test/Minous inermis/AD24 1.6XTDORSAL4.tif,2560.0
ID,Minous inermis,/home/reshma/Otolith/otolith_Final/model_data/test/Minous inermis/AD38L 1.6X.tif,2560.0
ID,Minous inermis,/home/reshma/Otolith/otolith_Final/model_data/test/Minous inermis/AD3R 1.6X.tif,2560.0
ID,Minous inermis,/home/reshma/Otolith/otolith_Final/model_data/test/Minous inermis/AD42R 1.6X.tif,2560.0
ID,Minous inermis,/home/reshma/Otolith/otolith_Final/model_data/test/Minous inermis/AD50R 1.6X.tif,2560.0
ID,Minous inermis,/home/reshma/Otolith/otolith_Final/model_data/test/Minous inermis/AD54L 1.6X.tif,2560.0
ID,Minous inermis,/home/reshma/Otolith/otolith_Final/model_data/test/Minous inermis/AD54R 1.6X.tif,2560.0
ID,Minous inermis,/home/reshma/Otolith/otolith_Final/model_data/test/Minous inermis/AD58R 1.6X.tif,2560.0
ID,Minous inermis,/home/reshma/Otolith/otolith_Final/model_data/test/Minous inermis/AD5L 1.6X.tif,2560.0
ID,Minous inermis,/home/reshma/Otolith/otolith_Final/model_data/test/Minous inermis/AD62L 1.6X.tif,2560.0
ID,Minous inermis,/home/reshma/Otolith/otolith_Final/model_data/test/Minous inermis/AD64R 1.6X.tif,2560.0
ID,Minous inermis,/home/reshma/Otolith/otolith_Final/model_data/test/Minous inermis/AD6L 1.6X.tif,2560.0
ID,Minous inermis,/home/reshma/Otolith/otolith_Final/model_data/test/Minous inermis/AD75R 1.6X.tif,2560.0
ID,Minous trachycephalus,/home/reshma/Otolith/otolith_Final/model_data/test/Minous trachycephalus/m trachy dorsal2.tif,2560.0
ID,Minous trachycephalus,/home/reshma/Otolith/otolith_Final/model_data/test/Minous trachycephalus/m trachy4 dorsal 2.0 x1.tif,2560.0
ID,Minous trachycephalus,/home/reshma/Otolith/otolith_Final/model_data/test/Minous trachycephalus/m trachy4 dorsal 2.0 x4.tif,2560.0
ID,Neomerinthe erostris,/home/reshma/Otolith/otolith_Final/model_data/test/Neomerinthe erostris/AB24 1.0X TOP2.tif,2560.0
ID,Neomerinthe erostris,/home/reshma/Otolith/otolith_Final/model_data/test/Neomerinthe erostris/AB32R 1.0X.tif,2560.0
ID,Neomerinthe erostris,/home/reshma/Otolith/otolith_Final/model_data/test/Neomerinthe erostris/AB34 1.0X TOP.tif,2560.0
ID,Neomerinthe erostris,/home/reshma/Otolith/otolith_Final/model_data/test/Neomerinthe erostris/AB37R 1.0.tif,2560.0
ID,Neomerinthe erostris,/home/reshma/Otolith/otolith_Final/model_data/test/Neomerinthe erostris/AB3R 0.75X.tif,2560.0
ID,Neomerinthe erostris,/home/reshma/Otolith/otolith_Final/model_data/test/Neomerinthe erostris/AB3R 1.0X.tif,2560.0
ID,Neomerinthe erostris,/home/reshma/Otolith/otolith_Final/model_data/test/Neomerinthe erostris/AB6R 0.75X.tif,2560.0
ID,Neomerinthe erostris,/home/reshma/Otolith/otolith_Final/model_data/test/Neomerinthe erostris/AB8R 1.0X.tif,2560.0
ID,Parascombrops pellucidus,/home/reshma/Otolith/otolith_Final/model_data/test/Parascombrops pellucidus/PSP39801126.tif,2560.0
ID,Parascombrops pellucidus,/home/reshma/Otolith/otolith_Final/model_data/test/Parascombrops pellucidus/PSP39807020.tif,2560.0
ID,Parascombrops pellucidus,/home/reshma/Otolith/otolith_Final/model_data/test/Parascombrops pellucidus/PSP39807022.tif,2560.0
ID,Parascombrops pellucidus,/home/reshma/Otolith/otolith_Final/model_data/test/Parascombrops pellucidus/PSP39807026.tif,2560.0
ID,Parascombrops pellucidus,/home/reshma/Otolith/otolith_Final/model_data/test/Parascombrops pellucidus/PSP39807030.tif,2560.0
ID,Parascombrops pellucidus,/home/reshma/Otolith/otolith_Final/model_data/test/Parascombrops pellucidus/PSP39807069.tif,2560.0
ID,Parascombrops pellucidus,/home/reshma/Otolith/otolith_Final/model_data/test/Parascombrops pellucidus/PSP39807077.tif,2560.0
ID,Parascombrops pellucidus,/home/reshma/Otolith/otolith_Final/model_data/test/Parascombrops pellucidus/PSP39807078.tif,2560.0
ID,Parascombrops pellucidus,/home/reshma/Otolith/otolith_Final/model_data/test/Parascombrops pellucidus/PSP39807096.tif,2560.0
ID,Parascombrops pellucidus,/home/reshma/Otolith/otolith_Final/model_data/test/Parascombrops pellucidus/PSP39807107.tif,2560.0
ID,Platycephalus indicus,/home/reshma/Otolith/otolith_Final/model_data/test/Platycephalus indicus/Platy ind 1 dorsal1 1.25x4.tif,2560.0
ID,Platycephalus indicus,/home/reshma/Otolith/otolith_Final/model_data/test/Platycephalus indicus/Platy ind 4 dorsal 1.25x.tif,2560.0
ID,Platycephalus indicus,/home/reshma/Otolith/otolith_Final/model_data/test/Platycephalus indicus/Platy ind 4 dorsal 1.25x2.tif,2560.0
ID,Platycephalus indicus,/home/reshma/Otolith/otolith_Final/model_data/test/Platycephalus indicus/Platy ind 4 dorsal 1.25x3.tif,2560.0
ID,Polymixia fusca,/home/reshma/Otolith/otolith_Final/model_data/test/Polymixia fusca/Polymixia fusca_Sp10_R (1).tif,2560.0
ID,Polymixia fusca,/home/reshma/Otolith/otolith_Final/model_data/test/Polymixia fusca/Polymixia fusca_Sp10_R (10).tif,2560.0
ID,Polymixia fusca,/home/reshma/Otolith/otolith_Final/model_data/test/Polymixia fusca/Polymixia fusca_Sp10_R (11).tif,2560.0
ID,Polymixia fusca,/home/reshma/Otolith/otolith_Final/model_data/test/Polymixia fusca/Polymixia fusca_Sp10_R (12).tif,2560.0
ID,Polymixia fusca,/home/reshma/Otolith/otolith_Final/model_data/test/Polymixia fusca/Polymixia fusca_Sp10_R (13).tif,2560.0
ID,Polymixia fusca,/home/reshma/Otolith/otolith_Final/model_data/test/Polymixia fusca/Polymixia fusca_Sp10_R (14).tif,2560.0
ID,Polymixia fusca,/home/reshma/Otolith/otolith_Final/model_data/test/Polymixia fusca/Polymixia fusca_Sp10_R (15).tif,2560.0
ID,Polymixia fusca,/home/reshma/Otolith/otolith_Final/model_data/test/Polymixia fusca/Polymixia fusca_Sp10_R (16).tif,2560.0
ID,Polymixia fusca,/home/reshma/Otolith/otolith_Final/model_data/test/Polymixia fusca/Polymixia fusca_Sp10_R (17).tif,2560.0
ID,Polymixia fusca,/home/reshma/Otolith/otolith_Final/model_data/test/Polymixia fusca/Polymixia fusca_Sp10_R (18).tif,2560.0
ID,Polymixia fusca,/home/reshma/Otolith/otolith_Final/model_data/test/Polymixia fusca/Polymixia fusca_Sp10_R (19).tif,2560.0
ID,Polymixia fusca,/home/reshma/Otolith/otolith_Final/model_data/test/Polymixia fusca/Polymixia fusca_Sp10_R (2).tif,2560.0
ID,Polymixia fusca,/home/reshma/Otolith/otolith_Final/model_data/test/Polymixia fusca/Polymixia fusca_Sp10_R (20).tif,2560.0
ID,Polymixia fusca,/home/reshma/Otolith/otolith_Final/model_data/test/Polymixia fusca/Polymixia fusca_Sp10_R (21).tif,2560.0
ID,Polymixia fusca,/home/reshma/Otolith/otolith_Final/model_data/test/Polymixia fusca/Polymixia fusca_Sp10_R (22).tif,2560.0
ID,Polymixia fusca,/home/reshma/Otolith/otolith_Final/model_data/test/Polymixia fusca/Polymixia fusca_Sp10_R (23).tif,2560.0
ID,Polymixia fusca,/home/reshma/Otolith/otolith_Final/model_data/test/Polymixia fusca/Polymixia fusca_Sp10_R (24).tif,2560.0
ID,Polymixia fusca,/home/reshma/Otolith/otolith_Final/model_data/test/Polymixia fusca/Polymixia fusca_Sp10_R (25).tif,2560.0
ID,Polymixia fusca,/home/reshma/Otolith/otolith_Final/model_data/test/Polymixia fusca/Polymixia fusca_Sp10_R (26).tif,2560.0
ID,Polymixia fusca,/home/reshma/Otolith/otolith_Final/model_data/test/Polymixia fusca/Polymixia fusca_Sp10_R (27).tif,2560.0
ID,Polymixia fusca,/home/reshma/Otolith/otolith_Final/model_data/test/Polymixia fusca/Polymixia fusca_Sp10_R (28).tif,2560.0
ID,Polymixia fusca,/home/reshma/Otolith/otolith_Final/model_data/test/Polymixia fusca/Polymixia fusca_Sp10_R (29).tif,2560.0
ID,Polymixia fusca,/home/reshma/Otolith/otolith_Final/model_data/test/Polymixia fusca/Polymixia fusca_Sp10_R (3).tif,2560.0
ID,Polymixia fusca,/home/reshma/Otolith/otolith_Final/model_data/test/Polymixia fusca/Polymixia fusca_Sp10_R (30).tif,2560.0
ID,Polymixia fusca,/home/reshma/Otolith/otolith_Final/model_data/test/Polymixia fusca/Polymixia fusca_Sp10_R (31).tif,2560.0
ID,Polymixia fusca,/home/reshma/Otolith/otolith_Final/model_data/test/Polymixia fusca/Polymixia fusca_Sp10_R (32).tif,2560.0
ID,Polymixia fusca,/home/reshma/Otolith/otolith_Final/model_data/test/Polymixia fusca/Polymixia fusca_Sp10_R (33).tif,2560.0
ID,Polymixia fusca,/home/reshma/Otolith/otolith_Final/model_data/test/Polymixia fusca/Polymixia fusca_Sp10_R (4).tif,2560.0
ID,Polymixia fusca,/home/reshma/Otolith/otolith_Final/model_data/test/Polymixia fusca/Polymixia fusca_Sp10_R (5).tif,2560.0
ID,Polymixia fusca,/home/reshma/Otolith/otolith_Final/model_data/test/Polymixia fusca/Polymixia fusca_Sp10_R (6).tif,2560.0
ID,Polymixia fusca,/home/reshma/Otolith/otolith_Final/model_data/test/Polymixia fusca/Polymixia fusca_Sp10_R (7).tif,2560.0
ID,Polymixia fusca,/home/reshma/Otolith/otolith_Final/model_data/test/Polymixia fusca/Polymixia fusca_Sp10_R (8).tif,2560.0
ID,Polymixia fusca,/home/reshma/Otolith/otolith_Final/model_data/test/Polymixia fusca/Polymixia fusca_Sp10_R (9).tif,2560.0
ID,Polymixia fusca,/home/reshma/Otolith/otolith_Final/model_data/test/Polymixia fusca/Polymixia fusca_Sp6_L (1).tif,2560.0
ID,Polymixia fusca,/home/reshma/Otolith/otolith_Final/model_data/test/Polymixia fusca/Polymixia fusca_Sp6_L (10).tif,2560.0
ID,Polymixia fusca,/home/reshma/Otolith/otolith_Final/model_data/test/Polymixia fusca/Polymixia fusca_Sp6_L (11).tif,2560.0
ID,Polymixia fusca,/home/reshma/Otolith/otolith_Final/model_data/test/Polymixia fusca/Polymixia fusca_Sp6_L (12).tif,2560.0
ID,Polymixia fusca,/home/reshma/Otolith/otolith_Final/model_data/test/Polymixia fusca/Polymixia fusca_Sp6_L (13).tif,2560.0
ID,Polymixia fusca,/home/reshma/Otolith/otolith_Final/model_data/test/Polymixia fusca/Polymixia fusca_Sp6_L (14).tif,2560.0
ID,Polymixia fusca,/home/reshma/Otolith/otolith_Final/model_data/test/Polymixia fusca/Polymixia fusca_Sp6_L (15).tif,2560.0
ID,Polymixia fusca,/home/reshma/Otolith/otolith_Final/model_data/test/Polymixia fusca/Polymixia fusca_Sp6_L (16).tif,2560.0
ID,Polymixia fusca,/home/reshma/Otolith/otolith_Final/model_data/test/Polymixia fusca/Polymixia fusca_Sp6_L (17).tif,2560.0
ID,Polymixia fusca,/home/reshma/Otolith/otolith_Final/model_data/test/Polymixia fusca/Polymixia fusca_Sp6_L (18).tif,2560.0
ID,Polymixia fusca,/home/reshma/Otolith/otolith_Final/model_data/test/Polymixia fusca/Polymixia fusca_Sp6_L (19).tif,2560.0
ID,Polymixia fusca,/home/reshma/Otolith/otolith_Final/model_data/test/Polymixia fusca/Polymixia fusca_Sp6_L (2).tif,2560.0
ID,Polymixia fusca,/home/reshma/Otolith/otolith_Final/model_data/test/Polymixia fusca/Polymixia fusca_Sp6_L (20).tif,2560.0
ID,Polymixia fusca,/home/reshma/Otolith/otolith_Final/model_data/test/Polymixia fusca/Polymixia fusca_Sp6_L (21).tif,2560.0
ID,Polymixia fusca,/home/reshma/Otolith/otolith_Final/model_data/test/Polymixia fusca/Polymixia fusca_Sp6_L (22).tif,2560.0
ID,Polymixia fusca,/home/reshma/Otolith/otolith_Final/model_data/test/Polymixia fusca/Polymixia fusca_Sp6_L (23).tif,2560.0
ID,Polymixia fusca,/home/reshma/Otolith/otolith_Final/model_data/test/Polymixia fusca/Polymixia fusca_Sp6_L (24).tif,2560.0
ID,Polymixia fusca,/home/reshma/Otolith/otolith_Final/model_data/test/Polymixia fusca/Polymixia fusca_Sp6_L (25).tif,2560.0
ID,Polymixia fusca,/home/reshma/Otolith/otolith_Final/model_data/test/Polymixia fusca/Polymixia fusca_Sp6_L (26).tif,2560.0
ID,Polymixia fusca,/home/reshma/Otolith/otolith_Final/model_data/test/Polymixia fusca/Polymixia fusca_Sp6_L (27).tif,2560.0
ID,Polymixia fusca,/home/reshma/Otolith/otolith_Final/model_data/test/Polymixia fusca/Polymixia fusca_Sp6_L (28).tif,2560.0
ID,Polymixia fusca,/home/reshma/Otolith/otolith_Final/model_data/test/Polymixia fusca/Polymixia fusca_Sp6_L (29).tif,2560.0
ID,Polymixia fusca,/home/reshma/Otolith/otolith_Final/model_data/test/Polymixia fusca/Polymixia fusca_Sp6_L (3).tif,2560.0
ID,Polymixia fusca,/home/reshma/Otolith/otolith_Final/model_data/test/Polymixia fusca/Polymixia fusca_Sp6_L (30).tif,2560.0
ID,Polymixia fusca,/home/reshma/Otolith/otolith_Final/model_data/test/Polymixia fusca/Polymixia fusca_Sp6_L (31).tif,2560.0
ID,Polymixia fusca,/home/reshma/Otolith/otolith_Final/model_data/test/Polymixia fusca/Polymixia fusca_Sp6_L (32).tif,2560.0
ID,Polymixia fusca,/home/reshma/Otolith/otolith_Final/model_data/test/Polymixia fusca/Polymixia fusca_Sp6_L (33).tif,2560.0
ID,Polymixia fusca,/home/reshma/Otolith/otolith_Final/model_data/test/Polymixia fusca/Polymixia fusca_Sp6_L (34).tif,2560.0
ID,Polymixia fusca,/home/reshma/Otolith/otolith_Final/model_data/test/Polymixia fusca/Polymixia fusca_Sp6_L (4).tif,2560.0
ID,Polymixia fusca,/home/reshma/Otolith/otolith_Final/model_data/test/Polymixia fusca/Polymixia fusca_Sp6_L (5).tif,2560.0
ID,Polymixia fusca,/home/reshma/Otolith/otolith_Final/model_data/test/Polymixia fusca/Polymixia fusca_Sp6_L (6).tif,2560.0
ID,Polymixia fusca,/home/reshma/Otolith/otolith_Final/model_data/test/Polymixia fusca/Polymixia fusca_Sp6_L (7).tif,2560.0
ID,Polymixia fusca,/home/reshma/Otolith/otolith_Final/model_data/test/Polymixia fusca/Polymixia fusca_Sp6_L (8).tif,2560.0
ID,Polymixia fusca,/home/reshma/Otolith/otolith_Final/model_data/test/Polymixia fusca/Polymixia fusca_Sp6_L (9).tif,2560.0
ID,Polymixia fusca,/home/reshma/Otolith/otolith_Final/model_data/test/Polymixia fusca/Polymixia fusca_Sp6_R (1).tif,2560.0
ID,Polymixia fusca,/home/reshma/Otolith/otolith_Final/model_data/test/Polymixia fusca/Polymixia fusca_Sp6_R (10).tif,2560.0
ID,Polymixia fusca,/home/reshma/Otolith/otolith_Final/model_data/test/Polymixia fusca/Polymixia fusca_Sp6_R (11).tif,2560.0
ID,Polymixia fusca,/home/reshma/Otolith/otolith_Final/model_data/test/Polymixia fusca/Polymixia fusca_Sp6_R (12).tif,2560.0
ID,Polymixia fusca,/home/reshma/Otolith/otolith_Final/model_data/test/Polymixia fusca/Polymixia fusca_Sp6_R (13).tif,2560.0
ID,Polymixia fusca,/home/reshma/Otolith/otolith_Final/model_data/test/Polymixia fusca/Polymixia fusca_Sp6_R (14).tif,2560.0
ID,Polymixia fusca,/home/reshma/Otolith/otolith_Final/model_data/test/Polymixia fusca/Polymixia fusca_Sp6_R (15).tif,2560.0
ID,Polymixia fusca,/home/reshma/Otolith/otolith_Final/model_data/test/Polymixia fusca/Polymixia fusca_Sp6_R (16).tif,2560.0
ID,Polymixia fusca,/home/reshma/Otolith/otolith_Final/model_data/test/Polymixia fusca/Polymixia fusca_Sp6_R (17).tif,2560.0
ID,Polymixia fusca,/home/reshma/Otolith/otolith_Final/model_data/test/Polymixia fusca/Polymixia fusca_Sp6_R (18).tif,2560.0
ID,Polymixia fusca,/home/reshma/Otolith/otolith_Final/model_data/test/Polymixia fusca/Polymixia fusca_Sp6_R (19).tif,2560.0
ID,Polymixia fusca,/home/reshma/Otolith/otolith_Final/model_data/test/Polymixia fusca/Polymixia fusca_Sp6_R (2).tif,2560.0
ID,Polymixia fusca,/home/reshma/Otolith/otolith_Final/model_data/test/Polymixia fusca/Polymixia fusca_Sp6_R (20).tif,2560.0
ID,Polymixia fusca,/home/reshma/Otolith/otolith_Final/model_data/test/Polymixia fusca/Polymixia fusca_Sp6_R (21).tif,2560.0
ID,Polymixia fusca,/home/reshma/Otolith/otolith_Final/model_data/test/Polymixia fusca/Polymixia fusca_Sp6_R (22).tif,2560.0
ID,Polymixia fusca,/home/reshma/Otolith/otolith_Final/model_data/test/Polymixia fusca/Polymixia fusca_Sp6_R (23).tif,2560.0
ID,Polymixia fusca,/home/reshma/Otolith/otolith_Final/model_data/test/Polymixia fusca/Polymixia fusca_Sp6_R (24).tif,2560.0
ID,Polymixia fusca,/home/reshma/Otolith/otolith_Final/model_data/test/Polymixia fusca/Polymixia fusca_Sp6_R (25).tif,2560.0
ID,Polymixia fusca,/home/reshma/Otolith/otolith_Final/model_data/test/Polymixia fusca/Polymixia fusca_Sp6_R (26).tif,2560.0
ID,Polymixia fusca,/home/reshma/Otolith/otolith_Final/model_data/test/Polymixia fusca/Polymixia fusca_Sp6_R (27).tif,2560.0
ID,Polymixia fusca,/home/reshma/Otolith/otolith_Final/model_data/test/Polymixia fusca/Polymixia fusca_Sp6_R (28).tif,2560.0
ID,Polymixia fusca,/home/reshma/Otolith/otolith_Final/model_data/test/Polymixia fusca/Polymixia fusca_Sp6_R (29).tif,2560.0
ID,Polymixia fusca,/home/reshma/Otolith/otolith_Final/model_data/test/Polymixia fusca/Polymixia fusca_Sp6_R (3).tif,2560.0
ID,Polymixia fusca,/home/reshma/Otolith/otolith_Final/model_data/test/Polymixia fusca/Polymixia fusca_Sp6_R (4).tif,2560.0
ID,Polymixia fusca,/home/reshma/Otolith/otolith_Final/model_data/test/Polymixia fusca/Polymixia fusca_Sp6_R (5).tif,2560.0
ID,Polymixia fusca,/home/reshma/Otolith/otolith_Final/model_data/test/Polymixia fusca/Polymixia fusca_Sp6_R (6).tif,2560.0
ID,Polymixia fusca,/home/reshma/Otolith/otolith_Final/model_data/test/Polymixia fusca/Polymixia fusca_Sp6_R (7).tif,2560.0
ID,Polymixia fusca,/home/reshma/Otolith/otolith_Final/model_data/test/Polymixia fusca/Polymixia fusca_Sp6_R (8).tif,2560.0
ID,Polymixia fusca,/home/reshma/Otolith/otolith_Final/model_data/test/Polymixia fusca/Polymixia fusca_Sp6_R (9).tif,2560.0
ID,Psenopsis sp,/home/reshma/Otolith/otolith_Final/model_data/test/Psenopsis sp/Psenopsis sp_Sp4_R (10).tif,2560.0
ID,Psenopsis sp,/home/reshma/Otolith/otolith_Final/model_data/test/Psenopsis sp/Psenopsis sp_Sp4_R (11).tif,2560.0
ID,Psenopsis sp,/home/reshma/Otolith/otolith_Final/model_data/test/Psenopsis sp/Psenopsis sp_Sp4_R (12).tif,2560.0
ID,Psenopsis sp,/home/reshma/Otolith/otolith_Final/model_data/test/Psenopsis sp/Psenopsis sp_Sp4_R (13).tif,2560.0
ID,Psenopsis sp,/home/reshma/Otolith/otolith_Final/model_data/test/Psenopsis sp/Psenopsis sp_Sp4_R (14).tif,2560.0
ID,Psenopsis sp,/home/reshma/Otolith/otolith_Final/model_data/test/Psenopsis sp/Psenopsis sp_Sp4_R (15).tif,2560.0
ID,Psenopsis sp,/home/reshma/Otolith/otolith_Final/model_data/test/Psenopsis sp/Psenopsis sp_Sp4_R (5).tif,2560.0
ID,Psenopsis sp,/home/reshma/Otolith/otolith_Final/model_data/test/Psenopsis sp/Psenopsis sp_Sp4_R (6).tif,2560.0
ID,Psenopsis sp,/home/reshma/Otolith/otolith_Final/model_data/test/Psenopsis sp/Psenopsis sp_Sp4_R (7).tif,2560.0
ID,Psenopsis sp,/home/reshma/Otolith/otolith_Final/model_data/test/Psenopsis sp/Psenopsis sp_Sp4_R (8).tif,2560.0
ID,Psenopsis sp,/home/reshma/Otolith/otolith_Final/model_data/test/Psenopsis sp/Psenopsis sp_Sp4_R (9).tif,2560.0
ID,Pterygotrigla arabica,/home/reshma/Otolith/otolith_Final/model_data/test/Pterygotrigla arabica/AE25R 1.6X.tif,2560.0
ID,Pterygotrigla arabica,/home/reshma/Otolith/otolith_Final/model_data/test/Pterygotrigla arabica/AE41R 1.6X.tif,2560.0
ID,Pterygotrigla arabica,/home/reshma/Otolith/otolith_Final/model_data/test/Pterygotrigla arabica/AE42 1.6XDORSAL3.tif,2560.0
ID,Pterygotrigla arabica,/home/reshma/Otolith/otolith_Final/model_data/test/Pterygotrigla arabica/AE44R 1.6X.tif,2560.0
ID,Pterygotrigla arabica,/home/reshma/Otolith/otolith_Final/model_data/test/Pterygotrigla arabica/AE58R 1.6X.tif,2560.0
ID,Pterygotrigla arabica,/home/reshma/Otolith/otolith_Final/model_data/test/Pterygotrigla arabica/AE62L 1.6X.tif,2560.0
ID,Pterygotrigla arabica,/home/reshma/Otolith/otolith_Final/model_data/test/Pterygotrigla arabica/AE62R 1.6X.tif,2560.0
ID,Pterygotrigla arabica,/home/reshma/Otolith/otolith_Final/model_data/test/Pterygotrigla arabica/AE67 1.6XDORSAL.tif,2560.0
ID,Pterygotrigla arabica,/home/reshma/Otolith/otolith_Final/model_data/test/Pterygotrigla arabica/AE67R 1.6X.tif,2560.0
ID,Pterygotrigla hemisticta,/home/reshma/Otolith/otolith_Final/model_data/test/Pterygotrigla hemisticta/Pt3980725.tif,2560.0
ID,Pterygotrigla hemisticta,/home/reshma/Otolith/otolith_Final/model_data/test/Pterygotrigla hemisticta/Pt3980734.tif,2560.0
ID,Pterygotrigla hemisticta,/home/reshma/Otolith/otolith_Final/model_data/test/Pterygotrigla hemisticta/Pt3980736.tif,2560.0
ID,Pterygotrigla hemisticta,/home/reshma/Otolith/otolith_Final/model_data/test/Pterygotrigla hemisticta/Pt3980740.tif,2560.0
ID,Pterygotrigla hemisticta,/home/reshma/Otolith/otolith_Final/model_data/test/Pterygotrigla hemisticta/Pterygotrigla hemisticta_Sp9_R (1).tif,2560.0
ID,Pterygotrigla hemisticta,/home/reshma/Otolith/otolith_Final/model_data/test/Pterygotrigla hemisticta/Pterygotrigla hemisticta_Sp9_R (10).tif,2560.0
ID,Pterygotrigla hemisticta,/home/reshma/Otolith/otolith_Final/model_data/test/Pterygotrigla hemisticta/Pterygotrigla hemisticta_Sp9_R (11).tif,2560.0
ID,Pterygotrigla hemisticta,/home/reshma/Otolith/otolith_Final/model_data/test/Pterygotrigla hemisticta/Pterygotrigla hemisticta_Sp9_R (12).tif,2560.0
ID,Pterygotrigla hemisticta,/home/reshma/Otolith/otolith_Final/model_data/test/Pterygotrigla hemisticta/Pterygotrigla hemisticta_Sp9_R (13).tif,2560.0
ID,Pterygotrigla hemisticta,/home/reshma/Otolith/otolith_Final/model_data/test/Pterygotrigla hemisticta/Pterygotrigla hemisticta_Sp9_R (14).tif,2560.0
ID,Pterygotrigla hemisticta,/home/reshma/Otolith/otolith_Final/model_data/test/Pterygotrigla hemisticta/Pterygotrigla hemisticta_Sp9_R (15).tif,2560.0
ID,Pterygotrigla hemisticta,/home/reshma/Otolith/otolith_Final/model_data/test/Pterygotrigla hemisticta/Pterygotrigla hemisticta_Sp9_R (16).tif,2560.0
ID,Pterygotrigla hemisticta,/home/reshma/Otolith/otolith_Final/model_data/test/Pterygotrigla hemisticta/Pterygotrigla hemisticta_Sp9_R (17).tif,2560.0
ID,Pterygotrigla hemisticta,/home/reshma/Otolith/otolith_Final/model_data/test/Pterygotrigla hemisticta/Pterygotrigla hemisticta_Sp9_R (2).tif,2560.0
ID,Pterygotrigla hemisticta,/home/reshma/Otolith/otolith_Final/model_data/test/Pterygotrigla hemisticta/Pterygotrigla hemisticta_Sp9_R (3).tif,2560.0
ID,Pterygotrigla hemisticta,/home/reshma/Otolith/otolith_Final/model_data/test/Pterygotrigla hemisticta/Pterygotrigla hemisticta_Sp9_R (4).tif,2560.0
ID,Pterygotrigla hemisticta,/home/reshma/Otolith/otolith_Final/model_data/test/Pterygotrigla hemisticta/Pterygotrigla hemisticta_Sp9_R (5).tif,2560.0
ID,Pterygotrigla hemisticta,/home/reshma/Otolith/otolith_Final/model_data/test/Pterygotrigla hemisticta/Pterygotrigla hemisticta_Sp9_R (6).tif,2560.0
ID,Pterygotrigla hemisticta,/home/reshma/Otolith/otolith_Final/model_data/test/Pterygotrigla hemisticta/Pterygotrigla hemisticta_Sp9_R (7).tif,2560.0
ID,Pterygotrigla hemisticta,/home/reshma/Otolith/otolith_Final/model_data/test/Pterygotrigla hemisticta/Pterygotrigla hemisticta_Sp9_R (8).tif,2560.0
ID,Pterygotrigla hemisticta,/home/reshma/Otolith/otolith_Final/model_data/test/Pterygotrigla hemisticta/Pterygotrigla hemisticta_Sp9_R (9).tif,2560.0
ID,Pterygotrigla macrorhynchus,/home/reshma/Otolith/otolith_Final/model_data/test/Pterygotrigla macrorhynchus/AJ17R 1.6X.tif,2560.0
ID,Pterygotrigla macrorhynchus,/home/reshma/Otolith/otolith_Final/model_data/test/Pterygotrigla macrorhynchus/AJ26L 1.6X.tif,2560.0
ID,Pterygotrigla macrorhynchus,/home/reshma/Otolith/otolith_Final/model_data/test/Pterygotrigla macrorhynchus/AJ28.tif,2560.0
ID,Pterygotrigla macrorhynchus,/home/reshma/Otolith/otolith_Final/model_data/test/Pterygotrigla macrorhynchus/AJ29R 1.6X.tif,2560.0
ID,Pterygotrigla macrorhynchus,/home/reshma/Otolith/otolith_Final/model_data/test/Pterygotrigla macrorhynchus/AJ35.tif,2560.0
ID,Pterygotrigla macrorhynchus,/home/reshma/Otolith/otolith_Final/model_data/test/Pterygotrigla macrorhynchus/AJ37R 1.6X .tif,2560.0
ID,Pterygotrigla macrorhynchus,/home/reshma/Otolith/otolith_Final/model_data/test/Pterygotrigla macrorhynchus/AJ38.tif,2560.0
ID,Pterygotrigla macrorhynchus,/home/reshma/Otolith/otolith_Final/model_data/test/Pterygotrigla macrorhynchus/AJ381.6XDORSAL4.tif,2560.0
ID,Pterygotrigla macrorhynchus,/home/reshma/Otolith/otolith_Final/model_data/test/Pterygotrigla macrorhynchus/AJ39.tif,2560.0
ID,Pterygotrigla macrorhynchus,/home/reshma/Otolith/otolith_Final/model_data/test/Pterygotrigla macrorhynchus/AJ4L.tif,2560.0
ID,Pterygotrigla macrorhynchus,/home/reshma/Otolith/otolith_Final/model_data/test/Pterygotrigla macrorhynchus/AJ5L 1.6X.tif,2560.0
ID,Satyrichthys laticeps,/home/reshma/Otolith/otolith_Final/model_data/test/Satyrichthys laticeps/AK13.tif,2560.0
ID,Satyrichthys laticeps,/home/reshma/Otolith/otolith_Final/model_data/test/Satyrichthys laticeps/AK18.tif,2560.0
ID,Satyrichthys laticeps,/home/reshma/Otolith/otolith_Final/model_data/test/Satyrichthys laticeps/AK23R 1.6X.tif,2560.0
ID,Satyrichthys laticeps,/home/reshma/Otolith/otolith_Final/model_data/test/Satyrichthys laticeps/AK28.tif,2560.0
ID,Satyrichthys laticeps,/home/reshma/Otolith/otolith_Final/model_data/test/Satyrichthys laticeps/AK35OG1.6XDORSAL.tif,2560.0
ID,Satyrichthys laticeps,/home/reshma/Otolith/otolith_Final/model_data/test/Satyrichthys laticeps/AK36R 1.6X.tif,2560.0
ID,Satyrichthys laticeps,/home/reshma/Otolith/otolith_Final/model_data/test/Satyrichthys laticeps/AK3L.tif,2560.0
ID,Satyrichthys laticeps,/home/reshma/Otolith/otolith_Final/model_data/test/Satyrichthys laticeps/AK3R 1.6X.tif,2560.0
ID,Satyrichthys laticeps,/home/reshma/Otolith/otolith_Final/model_data/test/Satyrichthys laticeps/AK40R 1.6X.tif,2560.0
ID,Satyrichthys laticeps,/home/reshma/Otolith/otolith_Final/model_data/test/Satyrichthys laticeps/AK41.tif,2560.0
ID,Satyrichthys laticeps,/home/reshma/Otolith/otolith_Final/model_data/test/Satyrichthys laticeps/AK42.tif,2560.0
ID,Satyrichthys laticeps,/home/reshma/Otolith/otolith_Final/model_data/test/Satyrichthys laticeps/AK45.tif,2560.0
ID,Satyrichthys laticeps,/home/reshma/Otolith/otolith_Final/model_data/test/Satyrichthys laticeps/AK50R 1.6X .tif,2560.0
ID,Satyrichthys laticeps,/home/reshma/Otolith/otolith_Final/model_data/test/Satyrichthys laticeps/AK53R.tif,2560.0
ID,Satyrichthys laticeps,/home/reshma/Otolith/otolith_Final/model_data/test/Satyrichthys laticeps/AK541.6XDORSAL7.tif,2560.0
ID,Satyrichthys laticeps,/home/reshma/Otolith/otolith_Final/model_data/test/Satyrichthys laticeps/AK54R 1.6X.tif,2560.0
ID,Satyrichthys laticeps,/home/reshma/Otolith/otolith_Final/model_data/test/Satyrichthys laticeps/AK58.tif,2560.0
ID,Satyrichthys laticeps,/home/reshma/Otolith/otolith_Final/model_data/test/Satyrichthys laticeps/AK59L 1.6X.tif,2560.0
ID,Satyrichthys laticeps,/home/reshma/Otolith/otolith_Final/model_data/test/Satyrichthys laticeps/AK9R 1.6X.tif,2560.0
ID,Setarches guentheri,/home/reshma/Otolith/otolith_Final/model_data/test/Setarches guentheri/AH22R 0.75X.tif,2560.0
ID,Setarches guentheri,/home/reshma/Otolith/otolith_Final/model_data/test/Setarches guentheri/AH37R 0.75X.tif,2560.0
ID,Setarches guentheri,/home/reshma/Otolith/otolith_Final/model_data/test/Setarches guentheri/AH3R 0.75X.tif,2560.0
ID,Setarches guentheri,/home/reshma/Otolith/otolith_Final/model_data/test/Setarches guentheri/AH42R 0.75X.tif,2560.0
ID,Setarches guentheri,/home/reshma/Otolith/otolith_Final/model_data/test/Setarches guentheri/AH45R 0.75X.tif,2560.0
ID,Setarches guentheri,/home/reshma/Otolith/otolith_Final/model_data/test/Setarches guentheri/AH46 0.75X.tif,2560.0
ID,Setarches guentheri,/home/reshma/Otolith/otolith_Final/model_data/test/Setarches guentheri/AH5R 0.75X.tif,2560.0
ID,Setarches guentheri,/home/reshma/Otolith/otolith_Final/model_data/test/Setarches guentheri/AH8R 0.75X.tif,2560.0
ID,Setarches guentheri,/home/reshma/Otolith/otolith_Final/model_data/test/Setarches guentheri/Setarches guenthari_Sp13_L (1).tif,2560.0
ID,Setarches guentheri,/home/reshma/Otolith/otolith_Final/model_data/test/Setarches guentheri/Setarches guenthari_Sp13_L (2).tif,2560.0
ID,Setarches guentheri,/home/reshma/Otolith/otolith_Final/model_data/test/Setarches guentheri/Setarches guenthari_Sp13_L (3).tif,2560.0
ID,Setarches guentheri,/home/reshma/Otolith/otolith_Final/model_data/test/Setarches guentheri/Setarches guenthari_Sp13_L (4).tif,2560.0
ID,Setarches guentheri,/home/reshma/Otolith/otolith_Final/model_data/test/Setarches guentheri/Setarches guenthari_Sp13_L (5).tif,2560.0
ID,Setarches guentheri,/home/reshma/Otolith/otolith_Final/model_data/test/Setarches guentheri/Setarches guenthari_Sp13_L (6).tif,2560.0
ID,Setarches guentheri,/home/reshma/Otolith/otolith_Final/model_data/test/Setarches guentheri/Setarches guenthari_Sp13_L (7).tif,2560.0
ID,Setarches guentheri,/home/reshma/Otolith/otolith_Final/model_data/test/Setarches guentheri/Setarches guenthari_Sp13_R (1).tif,2560.0
ID,Setarches guentheri,/home/reshma/Otolith/otolith_Final/model_data/test/Setarches guentheri/Setarches guenthari_Sp13_R (2).tif,2560.0
ID,Setarches guentheri,/home/reshma/Otolith/otolith_Final/model_data/test/Setarches guentheri/Setarches guenthari_Sp13_R (3).tif,2560.0
ID,Setarches guentheri,/home/reshma/Otolith/otolith_Final/model_data/test/Setarches guentheri/Setarches guenthari_Sp13_R (4).tif,2560.0
ID,Setarches guentheri,/home/reshma/Otolith/otolith_Final/model_data/test/Setarches guentheri/Setarches guenthari_Sp13_R (5).tif,2560.0
ID,Setarches guentheri,/home/reshma/Otolith/otolith_Final/model_data/test/Setarches guentheri/Setarches guenthari_Sp13_R (6).tif,2560.0
ID,Setarches guentheri,/home/reshma/Otolith/otolith_Final/model_data/test/Setarches guentheri/Setarches guenthari_Sp14_L (1).tif,2560.0
ID,Setarches guentheri,/home/reshma/Otolith/otolith_Final/model_data/test/Setarches guentheri/Setarches guenthari_Sp14_L (2).tif,2560.0
ID,Setarches guentheri,/home/reshma/Otolith/otolith_Final/model_data/test/Setarches guentheri/Setarches guenthari_Sp14_L (3).tif,2560.0
ID,Setarches guentheri,/home/reshma/Otolith/otolith_Final/model_data/test/Setarches guentheri/Setarches guenthari_Sp14_L (4).tif,2560.0
ID,Setarches guentheri,/home/reshma/Otolith/otolith_Final/model_data/test/Setarches guentheri/Setarches guenthari_Sp14_L (5).tif,2560.0
ID,Setarches guentheri,/home/reshma/Otolith/otolith_Final/model_data/test/Setarches guentheri/Setarches guenthari_Sp14_L (6).tif,2560.0
ID,Setarches guentheri,/home/reshma/Otolith/otolith_Final/model_data/test/Setarches guentheri/Setarches guenthari_Sp14_L (7).tif,2560.0
ID,Setarches guentheri,/home/reshma/Otolith/otolith_Final/model_data/test/Setarches guentheri/Setarches guenthari_Sp14_L (8).tif,2560.0
ID,Setarches guentheri,/home/reshma/Otolith/otolith_Final/model_data/test/Setarches guentheri/Setarches guenthari_Sp14_R (1).tif,2560.0
ID,Setarches guentheri,/home/reshma/Otolith/otolith_Final/model_data/test/Setarches guentheri/Setarches guenthari_Sp14_R (2).tif,2560.0
ID,Setarches guentheri,/home/reshma/Otolith/otolith_Final/model_data/test/Setarches guentheri/Setarches guenthari_Sp14_R (3).tif,2560.0
ID,Setarches guentheri,/home/reshma/Otolith/otolith_Final/model_data/test/Setarches guentheri/Setarches guenthari_Sp14_R (4).tif,2560.0
ID,Setarches guentheri,/home/reshma/Otolith/otolith_Final/model_data/test/Setarches guentheri/Setarches guenthari_Sp14_R (5).tif,2560.0
ID,Setarches guentheri,/home/reshma/Otolith/otolith_Final/model_data/test/Setarches guentheri/Setarches guenthari_Sp14_R (6).tif,2560.0
ID,Setarches guentheri,/home/reshma/Otolith/otolith_Final/model_data/test/Setarches guentheri/Setarches guenthari_Sp14_R (7).tif,2560.0
ID,Setarches guentheri,/home/reshma/Otolith/otolith_Final/model_data/test/Setarches guentheri/Setarches guenthari_Sp15_L (1).tif,2560.0
ID,Setarches guentheri,/home/reshma/Otolith/otolith_Final/model_data/test/Setarches guentheri/Setarches guenthari_Sp15_L (2).tif,2560.0
ID,Setarches guentheri,/home/reshma/Otolith/otolith_Final/model_data/test/Setarches guentheri/Setarches guenthari_Sp15_L (3).tif,2560.0
ID,Setarches guentheri,/home/reshma/Otolith/otolith_Final/model_data/test/Setarches guentheri/Setarches guenthari_Sp15_L (4).tif,2560.0
ID,Setarches guentheri,/home/reshma/Otolith/otolith_Final/model_data/test/Setarches guentheri/Setarches guenthari_Sp15_L (5).tif,2560.0
ID,Setarches guentheri,/home/reshma/Otolith/otolith_Final/model_data/test/Setarches guentheri/Setarches guenthari_Sp15_R (1).tif,2560.0
ID,Setarches guentheri,/home/reshma/Otolith/otolith_Final/model_data/test/Setarches guentheri/Setarches guenthari_Sp15_R (2).tif,2560.0
ID,Setarches guentheri,/home/reshma/Otolith/otolith_Final/model_data/test/Setarches guentheri/Setarches guenthari_Sp15_R (3).tif,2560.0
ID,Setarches guentheri,/home/reshma/Otolith/otolith_Final/model_data/test/Setarches guentheri/Setarches guenthari_Sp15_R (4).tif,2560.0
ID,Setarches guentheri,/home/reshma/Otolith/otolith_Final/model_data/test/Setarches guentheri/Setarches guenthari_Sp15_R (5).tif,2560.0
ID,Setarches guentheri,/home/reshma/Otolith/otolith_Final/model_data/test/Setarches guentheri/Setarches guenthari_Sp15_R (6).tif,2560.0
ID,Sorsogona tuberculata,/home/reshma/Otolith/otolith_Final/model_data/test/Sorsogona tuberculata/Sorsogona tuberculata_Sp14_L (1).tif,2560.0
ID,Sorsogona tuberculata,/home/reshma/Otolith/otolith_Final/model_data/test/Sorsogona tuberculata/Sorsogona tuberculata_Sp14_L (10).tif,2560.0
ID,Sorsogona tuberculata,/home/reshma/Otolith/otolith_Final/model_data/test/Sorsogona tuberculata/Sorsogona tuberculata_Sp14_L (11).tif,2560.0
ID,Sorsogona tuberculata,/home/reshma/Otolith/otolith_Final/model_data/test/Sorsogona tuberculata/Sorsogona tuberculata_Sp14_L (12).tif,2560.0
ID,Sorsogona tuberculata,/home/reshma/Otolith/otolith_Final/model_data/test/Sorsogona tuberculata/Sorsogona tuberculata_Sp14_L (13).tif,2560.0
ID,Sorsogona tuberculata,/home/reshma/Otolith/otolith_Final/model_data/test/Sorsogona tuberculata/Sorsogona tuberculata_Sp14_L (14).tif,2560.0
ID,Sorsogona tuberculata,/home/reshma/Otolith/otolith_Final/model_data/test/Sorsogona tuberculata/Sorsogona tuberculata_Sp14_L (15).tif,2560.0
ID,Sorsogona tuberculata,/home/reshma/Otolith/otolith_Final/model_data/test/Sorsogona tuberculata/Sorsogona tuberculata_Sp14_L (16).tif,2560.0
ID,Sorsogona tuberculata,/home/reshma/Otolith/otolith_Final/model_data/test/Sorsogona tuberculata/Sorsogona tuberculata_Sp14_L (17).tif,2560.0
ID,Sorsogona tuberculata,/home/reshma/Otolith/otolith_Final/model_data/test/Sorsogona tuberculata/Sorsogona tuberculata_Sp14_L (18).tif,2560.0
ID,Sorsogona tuberculata,/home/reshma/Otolith/otolith_Final/model_data/test/Sorsogona tuberculata/Sorsogona tuberculata_Sp14_L (2).tif,2560.0
ID,Sorsogona tuberculata,/home/reshma/Otolith/otolith_Final/model_data/test/Sorsogona tuberculata/Sorsogona tuberculata_Sp14_L (3).tif,2560.0
ID,Sorsogona tuberculata,/home/reshma/Otolith/otolith_Final/model_data/test/Sorsogona tuberculata/Sorsogona tuberculata_Sp14_L (4).tif,2560.0
ID,Sorsogona tuberculata,/home/reshma/Otolith/otolith_Final/model_data/test/Sorsogona tuberculata/Sorsogona tuberculata_Sp14_L (5).tif,2560.0
ID,Sorsogona tuberculata,/home/reshma/Otolith/otolith_Final/model_data/test/Sorsogona tuberculata/Sorsogona tuberculata_Sp14_L (6).tif,2560.0
ID,Sorsogona tuberculata,/home/reshma/Otolith/otolith_Final/model_data/test/Sorsogona tuberculata/Sorsogona tuberculata_Sp14_L (7).tif,2560.0
ID,Sorsogona tuberculata,/home/reshma/Otolith/otolith_Final/model_data/test/Sorsogona tuberculata/Sorsogona tuberculata_Sp14_L (8).tif,2560.0
ID,Sorsogona tuberculata,/home/reshma/Otolith/otolith_Final/model_data/test/Sorsogona tuberculata/Sorsogona tuberculata_Sp14_L (9).tif,2560.0
ID,Sorsogona tuberculata,/home/reshma/Otolith/otolith_Final/model_data/test/Sorsogona tuberculata/Sorsogona tuberculata_Sp14_R (1).tif,2560.0
ID,Sorsogona tuberculata,/home/reshma/Otolith/otolith_Final/model_data/test/Sorsogona tuberculata/Sorsogona tuberculata_Sp14_R (10).tif,2560.0
ID,Sorsogona tuberculata,/home/reshma/Otolith/otolith_Final/model_data/test/Sorsogona tuberculata/Sorsogona tuberculata_Sp14_R (11).tif,2560.0
ID,Sorsogona tuberculata,/home/reshma/Otolith/otolith_Final/model_data/test/Sorsogona tuberculata/Sorsogona tuberculata_Sp14_R (12).tif,2560.0
ID,Sorsogona tuberculata,/home/reshma/Otolith/otolith_Final/model_data/test/Sorsogona tuberculata/Sorsogona tuberculata_Sp14_R (13).tif,2560.0
ID,Sorsogona tuberculata,/home/reshma/Otolith/otolith_Final/model_data/test/Sorsogona tuberculata/Sorsogona tuberculata_Sp14_R (14).tif,2560.0
ID,Sorsogona tuberculata,/home/reshma/Otolith/otolith_Final/model_data/test/Sorsogona tuberculata/Sorsogona tuberculata_Sp14_R (15).tif,2560.0
ID,Sorsogona tuberculata,/home/reshma/Otolith/otolith_Final/model_data/test/Sorsogona tuberculata/Sorsogona tuberculata_Sp14_R (16).tif,2560.0
ID,Sorsogona tuberculata,/home/reshma/Otolith/otolith_Final/model_data/test/Sorsogona tuberculata/Sorsogona tuberculata_Sp14_R (17).tif,2560.0
ID,Sorsogona tuberculata,/home/reshma/Otolith/otolith_Final/model_data/test/Sorsogona tuberculata/Sorsogona tuberculata_Sp14_R (2).tif,2560.0
ID,Sorsogona tuberculata,/home/reshma/Otolith/otolith_Final/model_data/test/Sorsogona tuberculata/Sorsogona tuberculata_Sp14_R (3).tif,2560.0
ID,Sorsogona tuberculata,/home/reshma/Otolith/otolith_Final/model_data/test/Sorsogona tuberculata/Sorsogona tuberculata_Sp14_R (4).tif,2560.0
ID,Sorsogona tuberculata,/home/reshma/Otolith/otolith_Final/model_data/test/Sorsogona tuberculata/Sorsogona tuberculata_Sp14_R (5).tif,2560.0
ID,Sorsogona tuberculata,/home/reshma/Otolith/otolith_Final/model_data/test/Sorsogona tuberculata/Sorsogona tuberculata_Sp14_R (6).tif,2560.0
ID,Sorsogona tuberculata,/home/reshma/Otolith/otolith_Final/model_data/test/Sorsogona tuberculata/Sorsogona tuberculata_Sp14_R (7).tif,2560.0
ID,Sorsogona tuberculata,/home/reshma/Otolith/otolith_Final/model_data/test/Sorsogona tuberculata/Sorsogona tuberculata_Sp14_R (8).tif,2560.0
ID,Sorsogona tuberculata,/home/reshma/Otolith/otolith_Final/model_data/test/Sorsogona tuberculata/Sorsogona tuberculata_Sp14_R (9).tif,2560.0
ID,Sorsogona tuberculata,/home/reshma/Otolith/otolith_Final/model_data/test/Sorsogona tuberculata/Sorsogona tuberculata_Sp15_L (1).tif,2560.0
ID,Sorsogona tuberculata,/home/reshma/Otolith/otolith_Final/model_data/test/Sorsogona tuberculata/Sorsogona tuberculata_Sp15_L (10).tif,2560.0
ID,Sorsogona tuberculata,/home/reshma/Otolith/otolith_Final/model_data/test/Sorsogona tuberculata/Sorsogona tuberculata_Sp15_L (11).tif,2560.0
ID,Sorsogona tuberculata,/home/reshma/Otolith/otolith_Final/model_data/test/Sorsogona tuberculata/Sorsogona tuberculata_Sp15_L (12).tif,2560.0
ID,Sorsogona tuberculata,/home/reshma/Otolith/otolith_Final/model_data/test/Sorsogona tuberculata/Sorsogona tuberculata_Sp15_L (13).tif,2560.0
ID,Sorsogona tuberculata,/home/reshma/Otolith/otolith_Final/model_data/test/Sorsogona tuberculata/Sorsogona tuberculata_Sp15_L (14).tif,2560.0
ID,Sorsogona tuberculata,/home/reshma/Otolith/otolith_Final/model_data/test/Sorsogona tuberculata/Sorsogona tuberculata_Sp15_L (15).tif,2560.0
ID,Sorsogona tuberculata,/home/reshma/Otolith/otolith_Final/model_data/test/Sorsogona tuberculata/Sorsogona tuberculata_Sp15_L (16).tif,2560.0
ID,Sorsogona tuberculata,/home/reshma/Otolith/otolith_Final/model_data/test/Sorsogona tuberculata/Sorsogona tuberculata_Sp15_L (17).tif,2560.0
ID,Sorsogona tuberculata,/home/reshma/Otolith/otolith_Final/model_data/test/Sorsogona tuberculata/Sorsogona tuberculata_Sp15_L (18).tif,2560.0
ID,Sorsogona tuberculata,/home/reshma/Otolith/otolith_Final/model_data/test/Sorsogona tuberculata/Sorsogona tuberculata_Sp15_L (19).tif,2560.0
ID,Sorsogona tuberculata,/home/reshma/Otolith/otolith_Final/model_data/test/Sorsogona tuberculata/Sorsogona tuberculata_Sp15_L (2).tif,2560.0
ID,Sorsogona tuberculata,/home/reshma/Otolith/otolith_Final/model_data/test/Sorsogona tuberculata/Sorsogona tuberculata_Sp15_L (20).tif,2560.0
ID,Sorsogona tuberculata,/home/reshma/Otolith/otolith_Final/model_data/test/Sorsogona tuberculata/Sorsogona tuberculata_Sp15_L (21).tif,2560.0
ID,Sorsogona tuberculata,/home/reshma/Otolith/otolith_Final/model_data/test/Sorsogona tuberculata/Sorsogona tuberculata_Sp15_L (22).tif,2560.0
ID,Sorsogona tuberculata,/home/reshma/Otolith/otolith_Final/model_data/test/Sorsogona tuberculata/Sorsogona tuberculata_Sp15_L (3).tif,2560.0
ID,Sorsogona tuberculata,/home/reshma/Otolith/otolith_Final/model_data/test/Sorsogona tuberculata/Sorsogona tuberculata_Sp15_L (4).tif,2560.0
ID,Sorsogona tuberculata,/home/reshma/Otolith/otolith_Final/model_data/test/Sorsogona tuberculata/Sorsogona tuberculata_Sp15_L (5).tif,2560.0
ID,Sorsogona tuberculata,/home/reshma/Otolith/otolith_Final/model_data/test/Sorsogona tuberculata/Sorsogona tuberculata_Sp15_L (6).tif,2560.0
ID,Sorsogona tuberculata,/home/reshma/Otolith/otolith_Final/model_data/test/Sorsogona tuberculata/Sorsogona tuberculata_Sp15_L (7).tif,2560.0
ID,Sorsogona tuberculata,/home/reshma/Otolith/otolith_Final/model_data/test/Sorsogona tuberculata/Sorsogona tuberculata_Sp15_L (8).tif,2560.0
ID,Sorsogona tuberculata,/home/reshma/Otolith/otolith_Final/model_data/test/Sorsogona tuberculata/Sorsogona tuberculata_Sp15_L (9).tif,2560.0
ID,Sorsogona tuberculata,/home/reshma/Otolith/otolith_Final/model_data/test/Sorsogona tuberculata/Sorsogona tuberculata_Sp15_R (1).tif,2560.0
ID,Sorsogona tuberculata,/home/reshma/Otolith/otolith_Final/model_data/test/Sorsogona tuberculata/Sorsogona tuberculata_Sp15_R (10).tif,2560.0
ID,Sorsogona tuberculata,/home/reshma/Otolith/otolith_Final/model_data/test/Sorsogona tuberculata/Sorsogona tuberculata_Sp15_R (11).tif,2560.0
ID,Sorsogona tuberculata,/home/reshma/Otolith/otolith_Final/model_data/test/Sorsogona tuberculata/Sorsogona tuberculata_Sp15_R (12).tif,2560.0
ID,Sorsogona tuberculata,/home/reshma/Otolith/otolith_Final/model_data/test/Sorsogona tuberculata/Sorsogona tuberculata_Sp15_R (13).tif,2560.0
ID,Sorsogona tuberculata,/home/reshma/Otolith/otolith_Final/model_data/test/Sorsogona tuberculata/Sorsogona tuberculata_Sp15_R (14).tif,2560.0
ID,Sorsogona tuberculata,/home/reshma/Otolith/otolith_Final/model_data/test/Sorsogona tuberculata/Sorsogona tuberculata_Sp15_R (15).tif,2560.0
ID,Sorsogona tuberculata,/home/reshma/Otolith/otolith_Final/model_data/test/Sorsogona tuberculata/Sorsogona tuberculata_Sp15_R (16).tif,2560.0
ID,Sorsogona tuberculata,/home/reshma/Otolith/otolith_Final/model_data/test/Sorsogona tuberculata/Sorsogona tuberculata_Sp15_R (17).tif,2560.0
ID,Sorsogona tuberculata,/home/reshma/Otolith/otolith_Final/model_data/test/Sorsogona tuberculata/Sorsogona tuberculata_Sp15_R (18).tif,2560.0
ID,Sorsogona tuberculata,/home/reshma/Otolith/otolith_Final/model_data/test/Sorsogona tuberculata/Sorsogona tuberculata_Sp15_R (2).tif,2560.0
ID,Sorsogona tuberculata,/home/reshma/Otolith/otolith_Final/model_data/test/Sorsogona tuberculata/Sorsogona tuberculata_Sp15_R (3).tif,2560.0
ID,Sorsogona tuberculata,/home/reshma/Otolith/otolith_Final/model_data/test/Sorsogona tuberculata/Sorsogona tuberculata_Sp15_R (4).tif,2560.0
ID,Sorsogona tuberculata,/home/reshma/Otolith/otolith_Final/model_data/test/Sorsogona tuberculata/Sorsogona tuberculata_Sp15_R (5).tif,2560.0
ID,Sorsogona tuberculata,/home/reshma/Otolith/otolith_Final/model_data/test/Sorsogona tuberculata/Sorsogona tuberculata_Sp15_R (6).tif,2560.0
ID,Sorsogona tuberculata,/home/reshma/Otolith/otolith_Final/model_data/test/Sorsogona tuberculata/Sorsogona tuberculata_Sp15_R (7).tif,2560.0
ID,Sorsogona tuberculata,/home/reshma/Otolith/otolith_Final/model_data/test/Sorsogona tuberculata/Sorsogona tuberculata_Sp15_R (8).tif,2560.0
ID,Sorsogona tuberculata,/home/reshma/Otolith/otolith_Final/model_data/test/Sorsogona tuberculata/Sorsogona tuberculata_Sp15_R (9).tif,2560.0
ID,Synagrops japonicus,/home/reshma/Otolith/otolith_Final/model_data/test/Synagrops japonicus/Synagrops_japonicus_Sp10_L (1).tif,2560.0
ID,Synagrops japonicus,/home/reshma/Otolith/otolith_Final/model_data/test/Synagrops japonicus/Synagrops_japonicus_Sp10_L (10).tif,2560.0
ID,Synagrops japonicus,/home/reshma/Otolith/otolith_Final/model_data/test/Synagrops japonicus/Synagrops_japonicus_Sp10_L (11).tif,2560.0
ID,Synagrops japonicus,/home/reshma/Otolith/otolith_Final/model_data/test/Synagrops japonicus/Synagrops_japonicus_Sp10_L (12).tif,2560.0
ID,Synagrops japonicus,/home/reshma/Otolith/otolith_Final/model_data/test/Synagrops japonicus/Synagrops_japonicus_Sp10_L (13).tif,2560.0
ID,Synagrops japonicus,/home/reshma/Otolith/otolith_Final/model_data/test/Synagrops japonicus/Synagrops_japonicus_Sp10_L (14).tif,2560.0
ID,Synagrops japonicus,/home/reshma/Otolith/otolith_Final/model_data/test/Synagrops japonicus/Synagrops_japonicus_Sp10_L (15).tif,2560.0
ID,Synagrops japonicus,/home/reshma/Otolith/otolith_Final/model_data/test/Synagrops japonicus/Synagrops_japonicus_Sp10_L (16).tif,2560.0
ID,Synagrops japonicus,/home/reshma/Otolith/otolith_Final/model_data/test/Synagrops japonicus/Synagrops_japonicus_Sp10_L (17).tif,2560.0
ID,Synagrops japonicus,/home/reshma/Otolith/otolith_Final/model_data/test/Synagrops japonicus/Synagrops_japonicus_Sp10_L (18).tif,2560.0
ID,Synagrops japonicus,/home/reshma/Otolith/otolith_Final/model_data/test/Synagrops japonicus/Synagrops_japonicus_Sp10_L (19).tif,2560.0
ID,Synagrops japonicus,/home/reshma/Otolith/otolith_Final/model_data/test/Synagrops japonicus/Synagrops_japonicus_Sp10_L (2).tif,2560.0
ID,Synagrops japonicus,/home/reshma/Otolith/otolith_Final/model_data/test/Synagrops japonicus/Synagrops_japonicus_Sp10_L (20).tif,2560.0
ID,Synagrops japonicus,/home/reshma/Otolith/otolith_Final/model_data/test/Synagrops japonicus/Synagrops_japonicus_Sp10_L (21).tif,2560.0
ID,Synagrops japonicus,/home/reshma/Otolith/otolith_Final/model_data/test/Synagrops japonicus/Synagrops_japonicus_Sp10_L (22).tif,2560.0
ID,Synagrops japonicus,/home/reshma/Otolith/otolith_Final/model_data/test/Synagrops japonicus/Synagrops_japonicus_Sp10_L (23).tif,2560.0
ID,Synagrops japonicus,/home/reshma/Otolith/otolith_Final/model_data/test/Synagrops japonicus/Synagrops_japonicus_Sp10_L (24).tif,2560.0
ID,Synagrops japonicus,/home/reshma/Otolith/otolith_Final/model_data/test/Synagrops japonicus/Synagrops_japonicus_Sp10_L (25).tif,2560.0
ID,Synagrops japonicus,/home/reshma/Otolith/otolith_Final/model_data/test/Synagrops japonicus/Synagrops_japonicus_Sp10_L (26).tif,2560.0
ID,Synagrops japonicus,/home/reshma/Otolith/otolith_Final/model_data/test/Synagrops japonicus/Synagrops_japonicus_Sp10_L (3).tif,2560.0
ID,Synagrops japonicus,/home/reshma/Otolith/otolith_Final/model_data/test/Synagrops japonicus/Synagrops_japonicus_Sp10_L (4).tif,2560.0
ID,Synagrops japonicus,/home/reshma/Otolith/otolith_Final/model_data/test/Synagrops japonicus/Synagrops_japonicus_Sp10_L (5).tif,2560.0
ID,Synagrops japonicus,/home/reshma/Otolith/otolith_Final/model_data/test/Synagrops japonicus/Synagrops_japonicus_Sp10_L (6).tif,2560.0
ID,Synagrops japonicus,/home/reshma/Otolith/otolith_Final/model_data/test/Synagrops japonicus/Synagrops_japonicus_Sp10_L (7).tif,2560.0
ID,Synagrops japonicus,/home/reshma/Otolith/otolith_Final/model_data/test/Synagrops japonicus/Synagrops_japonicus_Sp10_L (8).tif,2560.0
ID,Synagrops japonicus,/home/reshma/Otolith/otolith_Final/model_data/test/Synagrops japonicus/Synagrops_japonicus_Sp10_L (9).tif,2560.0
ID,Synagrops japonicus,/home/reshma/Otolith/otolith_Final/model_data/test/Synagrops japonicus/Synagrops_japonicus_Sp10_R (1).tif,2560.0
ID,Synagrops japonicus,/home/reshma/Otolith/otolith_Final/model_data/test/Synagrops japonicus/Synagrops_japonicus_Sp10_R (10).tif,2560.0
ID,Synagrops japonicus,/home/reshma/Otolith/otolith_Final/model_data/test/Synagrops japonicus/Synagrops_japonicus_Sp10_R (11).tif,2560.0
ID,Synagrops japonicus,/home/reshma/Otolith/otolith_Final/model_data/test/Synagrops japonicus/Synagrops_japonicus_Sp10_R (12).tif,2560.0
ID,Synagrops japonicus,/home/reshma/Otolith/otolith_Final/model_data/test/Synagrops japonicus/Synagrops_japonicus_Sp10_R (13).tif,2560.0
ID,Synagrops japonicus,/home/reshma/Otolith/otolith_Final/model_data/test/Synagrops japonicus/Synagrops_japonicus_Sp10_R (14).tif,2560.0
ID,Synagrops japonicus,/home/reshma/Otolith/otolith_Final/model_data/test/Synagrops japonicus/Synagrops_japonicus_Sp10_R (15).tif,2560.0
ID,Synagrops japonicus,/home/reshma/Otolith/otolith_Final/model_data/test/Synagrops japonicus/Synagrops_japonicus_Sp10_R (16).tif,2560.0
ID,Synagrops japonicus,/home/reshma/Otolith/otolith_Final/model_data/test/Synagrops japonicus/Synagrops_japonicus_Sp10_R (17).tif,2560.0
ID,Synagrops japonicus,/home/reshma/Otolith/otolith_Final/model_data/test/Synagrops japonicus/Synagrops_japonicus_Sp10_R (18).tif,2560.0
ID,Synagrops japonicus,/home/reshma/Otolith/otolith_Final/model_data/test/Synagrops japonicus/Synagrops_japonicus_Sp10_R (19).tif,2560.0
ID,Synagrops japonicus,/home/reshma/Otolith/otolith_Final/model_data/test/Synagrops japonicus/Synagrops_japonicus_Sp10_R (2).tif,2560.0
ID,Synagrops japonicus,/home/reshma/Otolith/otolith_Final/model_data/test/Synagrops japonicus/Synagrops_japonicus_Sp10_R (20).tif,2560.0
ID,Synagrops japonicus,/home/reshma/Otolith/otolith_Final/model_data/test/Synagrops japonicus/Synagrops_japonicus_Sp10_R (21).tif,2560.0
ID,Synagrops japonicus,/home/reshma/Otolith/otolith_Final/model_data/test/Synagrops japonicus/Synagrops_japonicus_Sp10_R (22).tif,2560.0
ID,Synagrops japonicus,/home/reshma/Otolith/otolith_Final/model_data/test/Synagrops japonicus/Synagrops_japonicus_Sp10_R (3).tif,2560.0
ID,Synagrops japonicus,/home/reshma/Otolith/otolith_Final/model_data/test/Synagrops japonicus/Synagrops_japonicus_Sp10_R (4).tif,2560.0
ID,Synagrops japonicus,/home/reshma/Otolith/otolith_Final/model_data/test/Synagrops japonicus/Synagrops_japonicus_Sp10_R (5).tif,2560.0
ID,Synagrops japonicus,/home/reshma/Otolith/otolith_Final/model_data/test/Synagrops japonicus/Synagrops_japonicus_Sp10_R (6).tif,2560.0
ID,Synagrops japonicus,/home/reshma/Otolith/otolith_Final/model_data/test/Synagrops japonicus/Synagrops_japonicus_Sp10_R (7).tif,2560.0
ID,Synagrops japonicus,/home/reshma/Otolith/otolith_Final/model_data/test/Synagrops japonicus/Synagrops_japonicus_Sp10_R (8).tif,2560.0
ID,Synagrops japonicus,/home/reshma/Otolith/otolith_Final/model_data/test/Synagrops japonicus/Synagrops_japonicus_Sp10_R (9).tif,2560.0
ID,Synagrops japonicus,/home/reshma/Otolith/otolith_Final/model_data/test/Synagrops japonicus/Synagrops_japonicus_Sp9_L (1).tif,2560.0
ID,Synagrops japonicus,/home/reshma/Otolith/otolith_Final/model_data/test/Synagrops japonicus/Synagrops_japonicus_Sp9_L (10).tif,2560.0
ID,Synagrops japonicus,/home/reshma/Otolith/otolith_Final/model_data/test/Synagrops japonicus/Synagrops_japonicus_Sp9_L (11).tif,2560.0
ID,Synagrops japonicus,/home/reshma/Otolith/otolith_Final/model_data/test/Synagrops japonicus/Synagrops_japonicus_Sp9_L (12).tif,2560.0
ID,Synagrops japonicus,/home/reshma/Otolith/otolith_Final/model_data/test/Synagrops japonicus/Synagrops_japonicus_Sp9_L (13).tif,2560.0
ID,Synagrops japonicus,/home/reshma/Otolith/otolith_Final/model_data/test/Synagrops japonicus/Synagrops_japonicus_Sp9_L (14).tif,2560.0
ID,Synagrops japonicus,/home/reshma/Otolith/otolith_Final/model_data/test/Synagrops japonicus/Synagrops_japonicus_Sp9_L (15).tif,2560.0
ID,Synagrops japonicus,/home/reshma/Otolith/otolith_Final/model_data/test/Synagrops japonicus/Synagrops_japonicus_Sp9_L (16).tif,2560.0
ID,Synagrops japonicus,/home/reshma/Otolith/otolith_Final/model_data/test/Synagrops japonicus/Synagrops_japonicus_Sp9_L (17).tif,2560.0
ID,Synagrops japonicus,/home/reshma/Otolith/otolith_Final/model_data/test/Synagrops japonicus/Synagrops_japonicus_Sp9_L (18).tif,2560.0
ID,Synagrops japonicus,/home/reshma/Otolith/otolith_Final/model_data/test/Synagrops japonicus/Synagrops_japonicus_Sp9_L (19).tif,2560.0
ID,Synagrops japonicus,/home/reshma/Otolith/otolith_Final/model_data/test/Synagrops japonicus/Synagrops_japonicus_Sp9_L (2).tif,2560.0
ID,Synagrops japonicus,/home/reshma/Otolith/otolith_Final/model_data/test/Synagrops japonicus/Synagrops_japonicus_Sp9_L (20).tif,2560.0
ID,Synagrops japonicus,/home/reshma/Otolith/otolith_Final/model_data/test/Synagrops japonicus/Synagrops_japonicus_Sp9_L (21).tif,2560.0
ID,Synagrops japonicus,/home/reshma/Otolith/otolith_Final/model_data/test/Synagrops japonicus/Synagrops_japonicus_Sp9_L (22).tif,2560.0
ID,Synagrops japonicus,/home/reshma/Otolith/otolith_Final/model_data/test/Synagrops japonicus/Synagrops_japonicus_Sp9_L (23).tif,2560.0
ID,Synagrops japonicus,/home/reshma/Otolith/otolith_Final/model_data/test/Synagrops japonicus/Synagrops_japonicus_Sp9_L (24).tif,2560.0
ID,Synagrops japonicus,/home/reshma/Otolith/otolith_Final/model_data/test/Synagrops japonicus/Synagrops_japonicus_Sp9_L (25).tif,2560.0
ID,Synagrops japonicus,/home/reshma/Otolith/otolith_Final/model_data/test/Synagrops japonicus/Synagrops_japonicus_Sp9_L (26).tif,2560.0
ID,Synagrops japonicus,/home/reshma/Otolith/otolith_Final/model_data/test/Synagrops japonicus/Synagrops_japonicus_Sp9_L (3).tif,2560.0
ID,Synagrops japonicus,/home/reshma/Otolith/otolith_Final/model_data/test/Synagrops japonicus/Synagrops_japonicus_Sp9_L (4).tif,2560.0
ID,Synagrops japonicus,/home/reshma/Otolith/otolith_Final/model_data/test/Synagrops japonicus/Synagrops_japonicus_Sp9_L (5).tif,2560.0
ID,Synagrops japonicus,/home/reshma/Otolith/otolith_Final/model_data/test/Synagrops japonicus/Synagrops_japonicus_Sp9_L (6).tif,2560.0
ID,Synagrops japonicus,/home/reshma/Otolith/otolith_Final/model_data/test/Synagrops japonicus/Synagrops_japonicus_Sp9_L (7).tif,2560.0
ID,Synagrops japonicus,/home/reshma/Otolith/otolith_Final/model_data/test/Synagrops japonicus/Synagrops_japonicus_Sp9_L (8).tif,2560.0
ID,Synagrops japonicus,/home/reshma/Otolith/otolith_Final/model_data/test/Synagrops japonicus/Synagrops_japonicus_Sp9_L (9).tif,2560.0
ID,Synagrops japonicus,/home/reshma/Otolith/otolith_Final/model_data/test/Synagrops japonicus/Synagrops_japonicus_Sp9_R (1).tif,2560.0
ID,Synagrops japonicus,/home/reshma/Otolith/otolith_Final/model_data/test/Synagrops japonicus/Synagrops_japonicus_Sp9_R (10).tif,2560.0
ID,Synagrops japonicus,/home/reshma/Otolith/otolith_Final/model_data/test/Synagrops japonicus/Synagrops_japonicus_Sp9_R (11).tif,2560.0
ID,Synagrops japonicus,/home/reshma/Otolith/otolith_Final/model_data/test/Synagrops japonicus/Synagrops_japonicus_Sp9_R (12).tif,2560.0
ID,Synagrops japonicus,/home/reshma/Otolith/otolith_Final/model_data/test/Synagrops japonicus/Synagrops_japonicus_Sp9_R (13).tif,2560.0
ID,Synagrops japonicus,/home/reshma/Otolith/otolith_Final/model_data/test/Synagrops japonicus/Synagrops_japonicus_Sp9_R (14).tif,2560.0
ID,Synagrops japonicus,/home/reshma/Otolith/otolith_Final/model_data/test/Synagrops japonicus/Synagrops_japonicus_Sp9_R (15).tif,2560.0
ID,Synagrops japonicus,/home/reshma/Otolith/otolith_Final/model_data/test/Synagrops japonicus/Synagrops_japonicus_Sp9_R (16).tif,2560.0
ID,Synagrops japonicus,/home/reshma/Otolith/otolith_Final/model_data/test/Synagrops japonicus/Synagrops_japonicus_Sp9_R (17).tif,2560.0
ID,Synagrops japonicus,/home/reshma/Otolith/otolith_Final/model_data/test/Synagrops japonicus/Synagrops_japonicus_Sp9_R (18).tif,2560.0
ID,Synagrops japonicus,/home/reshma/Otolith/otolith_Final/model_data/test/Synagrops japonicus/Synagrops_japonicus_Sp9_R (19).tif,2560.0
ID,Synagrops japonicus,/home/reshma/Otolith/otolith_Final/model_data/test/Synagrops japonicus/Synagrops_japonicus_Sp9_R (2).tif,2560.0
ID,Synagrops japonicus,/home/reshma/Otolith/otolith_Final/model_data/test/Synagrops japonicus/Synagrops_japonicus_Sp9_R (20).tif,2560.0
ID,Synagrops japonicus,/home/reshma/Otolith/otolith_Final/model_data/test/Synagrops japonicus/Synagrops_japonicus_Sp9_R (21).tif,2560.0
ID,Synagrops japonicus,/home/reshma/Otolith/otolith_Final/model_data/test/Synagrops japonicus/Synagrops_japonicus_Sp9_R (22).tif,2560.0
ID,Synagrops japonicus,/home/reshma/Otolith/otolith_Final/model_data/test/Synagrops japonicus/Synagrops_japonicus_Sp9_R (23).tif,2560.0
ID,Synagrops japonicus,/home/reshma/Otolith/otolith_Final/model_data/test/Synagrops japonicus/Synagrops_japonicus_Sp9_R (24).tif,2560.0
ID,Synagrops japonicus,/home/reshma/Otolith/otolith_Final/model_data/test/Synagrops japonicus/Synagrops_japonicus_Sp9_R (25).tif,2560.0
ID,Synagrops japonicus,/home/reshma/Otolith/otolith_Final/model_data/test/Synagrops japonicus/Synagrops_japonicus_Sp9_R (3).tif,2560.0
ID,Synagrops japonicus,/home/reshma/Otolith/otolith_Final/model_data/test/Synagrops japonicus/Synagrops_japonicus_Sp9_R (4).tif,2560.0
ID,Synagrops japonicus,/home/reshma/Otolith/otolith_Final/model_data/test/Synagrops japonicus/Synagrops_japonicus_Sp9_R (5).tif,2560.0
ID,Synagrops japonicus,/home/reshma/Otolith/otolith_Final/model_data/test/Synagrops japonicus/Synagrops_japonicus_Sp9_R (6).tif,2560.0
ID,Synagrops japonicus,/home/reshma/Otolith/otolith_Final/model_data/test/Synagrops japonicus/Synagrops_japonicus_Sp9_R (7).tif,2560.0
ID,Synagrops japonicus,/home/reshma/Otolith/otolith_Final/model_data/test/Synagrops japonicus/Synagrops_japonicus_Sp9_R (8).tif,2560.0
ID,Synagrops japonicus,/home/reshma/Otolith/otolith_Final/model_data/test/Synagrops japonicus/Synagrops_japonicus_Sp9_R (9).tif,2560.0
ID,Uranoscopus sp,/home/reshma/Otolith/otolith_Final/model_data/test/Uranoscopus sp/Uranoscopus sp_Sp10_L (1).tif,2560.0
ID,Uranoscopus sp,/home/reshma/Otolith/otolith_Final/model_data/test/Uranoscopus sp/Uranoscopus sp_Sp10_L (10).tif,2560.0
ID,Uranoscopus sp,/home/reshma/Otolith/otolith_Final/model_data/test/Uranoscopus sp/Uranoscopus sp_Sp10_L (11).tif,2560.0
ID,Uranoscopus sp,/home/reshma/Otolith/otolith_Final/model_data/test/Uranoscopus sp/Uranoscopus sp_Sp10_L (12).tif,2560.0
ID,Uranoscopus sp,/home/reshma/Otolith/otolith_Final/model_data/test/Uranoscopus sp/Uranoscopus sp_Sp10_L (13).tif,2560.0
ID,Uranoscopus sp,/home/reshma/Otolith/otolith_Final/model_data/test/Uranoscopus sp/Uranoscopus sp_Sp10_L (14).tif,2560.0
ID,Uranoscopus sp,/home/reshma/Otolith/otolith_Final/model_data/test/Uranoscopus sp/Uranoscopus sp_Sp10_L (15).tif,2560.0
ID,Uranoscopus sp,/home/reshma/Otolith/otolith_Final/model_data/test/Uranoscopus sp/Uranoscopus sp_Sp10_L (16).tif,2560.0
ID,Uranoscopus sp,/home/reshma/Otolith/otolith_Final/model_data/test/Uranoscopus sp/Uranoscopus sp_Sp10_L (17).tif,2560.0
ID,Uranoscopus sp,/home/reshma/Otolith/otolith_Final/model_data/test/Uranoscopus sp/Uranoscopus sp_Sp10_L (18).tif,2560.0
ID,Uranoscopus sp,/home/reshma/Otolith/otolith_Final/model_data/test/Uranoscopus sp/Uranoscopus sp_Sp10_L (19).tif,2560.0
ID,Uranoscopus sp,/home/reshma/Otolith/otolith_Final/model_data/test/Uranoscopus sp/Uranoscopus sp_Sp10_L (2).tif,2560.0
ID,Uranoscopus sp,/home/reshma/Otolith/otolith_Final/model_data/test/Uranoscopus sp/Uranoscopus sp_Sp10_L (20).tif,2560.0
ID,Uranoscopus sp,/home/reshma/Otolith/otolith_Final/model_data/test/Uranoscopus sp/Uranoscopus sp_Sp10_L (21).tif,2560.0
ID,Uranoscopus sp,/home/reshma/Otolith/otolith_Final/model_data/test/Uranoscopus sp/Uranoscopus sp_Sp10_L (22).tif,2560.0
ID,Uranoscopus sp,/home/reshma/Otolith/otolith_Final/model_data/test/Uranoscopus sp/Uranoscopus sp_Sp10_L (23).tif,2560.0
ID,Uranoscopus sp,/home/reshma/Otolith/otolith_Final/model_data/test/Uranoscopus sp/Uranoscopus sp_Sp10_L (24).tif,2560.0
ID,Uranoscopus sp,/home/reshma/Otolith/otolith_Final/model_data/test/Uranoscopus sp/Uranoscopus sp_Sp10_L (25).tif,2560.0
ID,Uranoscopus sp,/home/reshma/Otolith/otolith_Final/model_data/test/Uranoscopus sp/Uranoscopus sp_Sp10_L (26).tif,2560.0
ID,Uranoscopus sp,/home/reshma/Otolith/otolith_Final/model_data/test/Uranoscopus sp/Uranoscopus sp_Sp10_L (27).tif,2560.0
ID,Uranoscopus sp,/home/reshma/Otolith/otolith_Final/model_data/test/Uranoscopus sp/Uranoscopus sp_Sp10_L (28).tif,2560.0
ID,Uranoscopus sp,/home/reshma/Otolith/otolith_Final/model_data/test/Uranoscopus sp/Uranoscopus sp_Sp10_L (29).tif,2560.0
ID,Uranoscopus sp,/home/reshma/Otolith/otolith_Final/model_data/test/Uranoscopus sp/Uranoscopus sp_Sp10_L (3).tif,2560.0
ID,Uranoscopus sp,/home/reshma/Otolith/otolith_Final/model_data/test/Uranoscopus sp/Uranoscopus sp_Sp10_L (30).tif,2560.0
ID,Uranoscopus sp,/home/reshma/Otolith/otolith_Final/model_data/test/Uranoscopus sp/Uranoscopus sp_Sp10_L (31).tif,2560.0
ID,Uranoscopus sp,/home/reshma/Otolith/otolith_Final/model_data/test/Uranoscopus sp/Uranoscopus sp_Sp10_L (32).tif,2560.0
ID,Uranoscopus sp,/home/reshma/Otolith/otolith_Final/model_data/test/Uranoscopus sp/Uranoscopus sp_Sp10_L (33).tif,2560.0
ID,Uranoscopus sp,/home/reshma/Otolith/otolith_Final/model_data/test/Uranoscopus sp/Uranoscopus sp_Sp10_L (34).tif,2560.0
ID,Uranoscopus sp,/home/reshma/Otolith/otolith_Final/model_data/test/Uranoscopus sp/Uranoscopus sp_Sp10_L (35).tif,2560.0
ID,Uranoscopus sp,/home/reshma/Otolith/otolith_Final/model_data/test/Uranoscopus sp/Uranoscopus sp_Sp10_L (36).tif,2560.0
ID,Uranoscopus sp,/home/reshma/Otolith/otolith_Final/model_data/test/Uranoscopus sp/Uranoscopus sp_Sp10_L (37).tif,2560.0
ID,Uranoscopus sp,/home/reshma/Otolith/otolith_Final/model_data/test/Uranoscopus sp/Uranoscopus sp_Sp10_L (38).tif,2560.0
ID,Uranoscopus sp,/home/reshma/Otolith/otolith_Final/model_data/test/Uranoscopus sp/Uranoscopus sp_Sp10_L (39).tif,2560.0
ID,Uranoscopus sp,/home/reshma/Otolith/otolith_Final/model_data/test/Uranoscopus sp/Uranoscopus sp_Sp10_L (4).tif,2560.0
ID,Uranoscopus sp,/home/reshma/Otolith/otolith_Final/model_data/test/Uranoscopus sp/Uranoscopus sp_Sp10_L (40).tif,2560.0
ID,Uranoscopus sp,/home/reshma/Otolith/otolith_Final/model_data/test/Uranoscopus sp/Uranoscopus sp_Sp10_L (41).tif,2560.0
ID,Uranoscopus sp,/home/reshma/Otolith/otolith_Final/model_data/test/Uranoscopus sp/Uranoscopus sp_Sp10_L (5).tif,2560.0
ID,Uranoscopus sp,/home/reshma/Otolith/otolith_Final/model_data/test/Uranoscopus sp/Uranoscopus sp_Sp10_L (6).tif,2560.0
ID,Uranoscopus sp,/home/reshma/Otolith/otolith_Final/model_data/test/Uranoscopus sp/Uranoscopus sp_Sp10_L (7).tif,2560.0
ID,Uranoscopus sp,/home/reshma/Otolith/otolith_Final/model_data/test/Uranoscopus sp/Uranoscopus sp_Sp10_L (8).tif,2560.0
ID,Uranoscopus sp,/home/reshma/Otolith/otolith_Final/model_data/test/Uranoscopus sp/Uranoscopus sp_Sp10_L (9).tif,2560.0
ID,Uranoscopus sp,/home/reshma/Otolith/otolith_Final/model_data/test/Uranoscopus sp/Uranoscopus sp_Sp10_R (1).tif,2560.0
ID,Uranoscopus sp,/home/reshma/Otolith/otolith_Final/model_data/test/Uranoscopus sp/Uranoscopus sp_Sp10_R (10).tif,2560.0
ID,Uranoscopus sp,/home/reshma/Otolith/otolith_Final/model_data/test/Uranoscopus sp/Uranoscopus sp_Sp10_R (11).tif,2560.0
ID,Uranoscopus sp,/home/reshma/Otolith/otolith_Final/model_data/test/Uranoscopus sp/Uranoscopus sp_Sp10_R (12).tif,2560.0
ID,Uranoscopus sp,/home/reshma/Otolith/otolith_Final/model_data/test/Uranoscopus sp/Uranoscopus sp_Sp10_R (13).tif,2560.0
ID,Uranoscopus sp,/home/reshma/Otolith/otolith_Final/model_data/test/Uranoscopus sp/Uranoscopus sp_Sp10_R (14).tif,2560.0
ID,Uranoscopus sp,/home/reshma/Otolith/otolith_Final/model_data/test/Uranoscopus sp/Uranoscopus sp_Sp10_R (15).tif,2560.0
ID,Uranoscopus sp,/home/reshma/Otolith/otolith_Final/model_data/test/Uranoscopus sp/Uranoscopus sp_Sp10_R (16).tif,2560.0
ID,Uranoscopus sp,/home/reshma/Otolith/otolith_Final/model_data/test/Uranoscopus sp/Uranoscopus sp_Sp10_R (17).tif,2560.0
ID,Uranoscopus sp,/home/reshma/Otolith/otolith_Final/model_data/test/Uranoscopus sp/Uranoscopus sp_Sp10_R (18).tif,2560.0
ID,Uranoscopus sp,/home/reshma/Otolith/otolith_Final/model_data/test/Uranoscopus sp/Uranoscopus sp_Sp10_R (19).tif,2560.0
ID,Uranoscopus sp,/home/reshma/Otolith/otolith_Final/model_data/test/Uranoscopus sp/Uranoscopus sp_Sp10_R (2).tif,2560.0
ID,Uranoscopus sp,/home/reshma/Otolith/otolith_Final/model_data/test/Uranoscopus sp/Uranoscopus sp_Sp10_R (20).tif,2560.0
ID,Uranoscopus sp,/home/reshma/Otolith/otolith_Final/model_data/test/Uranoscopus sp/Uranoscopus sp_Sp10_R (21).tif,2560.0
ID,Uranoscopus sp,/home/reshma/Otolith/otolith_Final/model_data/test/Uranoscopus sp/Uranoscopus sp_Sp10_R (22).tif,2560.0
ID,Uranoscopus sp,/home/reshma/Otolith/otolith_Final/model_data/test/Uranoscopus sp/Uranoscopus sp_Sp10_R (23).tif,2560.0
ID,Uranoscopus sp,/home/reshma/Otolith/otolith_Final/model_data/test/Uranoscopus sp/Uranoscopus sp_Sp10_R (24).tif,2560.0
ID,Uranoscopus sp,/home/reshma/Otolith/otolith_Final/model_data/test/Uranoscopus sp/Uranoscopus sp_Sp10_R (25).tif,2560.0
ID,Uranoscopus sp,/home/reshma/Otolith/otolith_Final/model_data/test/Uranoscopus sp/Uranoscopus sp_Sp10_R (26).tif,2560.0
ID,Uranoscopus sp,/home/reshma/Otolith/otolith_Final/model_data/test/Uranoscopus sp/Uranoscopus sp_Sp10_R (27).tif,2560.0
ID,Uranoscopus sp,/home/reshma/Otolith/otolith_Final/model_data/test/Uranoscopus sp/Uranoscopus sp_Sp10_R (28).tif,2560.0
ID,Uranoscopus sp,/home/reshma/Otolith/otolith_Final/model_data/test/Uranoscopus sp/Uranoscopus sp_Sp10_R (29).tif,2560.0
ID,Uranoscopus sp,/home/reshma/Otolith/otolith_Final/model_data/test/Uranoscopus sp/Uranoscopus sp_Sp10_R (3).tif,2560.0
ID,Uranoscopus sp,/home/reshma/Otolith/otolith_Final/model_data/test/Uranoscopus sp/Uranoscopus sp_Sp10_R (30).tif,2560.0
ID,Uranoscopus sp,/home/reshma/Otolith/otolith_Final/model_data/test/Uranoscopus sp/Uranoscopus sp_Sp10_R (31).tif,2560.0
ID,Uranoscopus sp,/home/reshma/Otolith/otolith_Final/model_data/test/Uranoscopus sp/Uranoscopus sp_Sp10_R (32).tif,2560.0
ID,Uranoscopus sp,/home/reshma/Otolith/otolith_Final/model_data/test/Uranoscopus sp/Uranoscopus sp_Sp10_R (33).tif,2560.0
ID,Uranoscopus sp,/home/reshma/Otolith/otolith_Final/model_data/test/Uranoscopus sp/Uranoscopus sp_Sp10_R (34).tif,2560.0
ID,Uranoscopus sp,/home/reshma/Otolith/otolith_Final/model_data/test/Uranoscopus sp/Uranoscopus sp_Sp10_R (35).tif,2560.0
ID,Uranoscopus sp,/home/reshma/Otolith/otolith_Final/model_data/test/Uranoscopus sp/Uranoscopus sp_Sp10_R (36).tif,2560.0
ID,Uranoscopus sp,/home/reshma/Otolith/otolith_Final/model_data/test/Uranoscopus sp/Uranoscopus sp_Sp10_R (37).tif,2560.0
ID,Uranoscopus sp,/home/reshma/Otolith/otolith_Final/model_data/test/Uranoscopus sp/Uranoscopus sp_Sp10_R (38).tif,2560.0
ID,Uranoscopus sp,/home/reshma/Otolith/otolith_Final/model_data/test/Uranoscopus sp/Uranoscopus sp_Sp10_R (39).tif,2560.0
ID,Uranoscopus sp,/home/reshma/Otolith/otolith_Final/model_data/test/Uranoscopus sp/Uranoscopus sp_Sp10_R (4).tif,2560.0
ID,Uranoscopus sp,/home/reshma/Otolith/otolith_Final/model_data/test/Uranoscopus sp/Uranoscopus sp_Sp10_R (40).tif,2560.0
ID,Uranoscopus sp,/home/reshma/Otolith/otolith_Final/model_data/test/Uranoscopus sp/Uranoscopus sp_Sp10_R (41).tif,2560.0
ID,Uranoscopus sp,/home/reshma/Otolith/otolith_Final/model_data/test/Uranoscopus sp/Uranoscopus sp_Sp10_R (5).tif,2560.0
ID,Uranoscopus sp,/home/reshma/Otolith/otolith_Final/model_data/test/Uranoscopus sp/Uranoscopus sp_Sp10_R (6).tif,2560.0
ID,Uranoscopus sp,/home/reshma/Otolith/otolith_Final/model_data/test/Uranoscopus sp/Uranoscopus sp_Sp10_R (7).tif,2560.0
ID,Uranoscopus sp,/home/reshma/Otolith/otolith_Final/model_data/test/Uranoscopus sp/Uranoscopus sp_Sp10_R (8).tif,2560.0
ID,Uranoscopus sp,/home/reshma/Otolith/otolith_Final/model_data/test/Uranoscopus sp/Uranoscopus sp_Sp10_R (9).tif,2560.0
OOD,Amphiprion clarki,/home/reshma/Otolith/captioning/otolith/OOD_final/Amphiprion clarki/L_AC_sp1_Image001.tif,2560.0
OOD,Amphiprion clarki,/home/reshma/Otolith/captioning/otolith/OOD_final/Amphiprion clarki/L_AC_sp1_Image002.tif,2560.0
OOD,Amphiprion clarki,/home/reshma/Otolith/captioning/otolith/OOD_final/Amphiprion clarki/L_AC_sp1_Image003.tif,2560.0
OOD,Amphiprion clarki,/home/reshma/Otolith/captioning/otolith/OOD_final/Amphiprion clarki/L_AC_sp1_Image004.tif,2560.0
OOD,Amphiprion clarki,/home/reshma/Otolith/captioning/otolith/OOD_final/Amphiprion clarki/L_AC_sp1_Image005.tif,2560.0
OOD,Amphiprion clarki,/home/reshma/Otolith/captioning/otolith/OOD_final/Amphiprion clarki/L_AC_sp1_Image006.tif,2560.0
OOD,Amphiprion clarki,/home/reshma/Otolith/captioning/otolith/OOD_final/Amphiprion clarki/L_AC_sp1_Image007.tif,2560.0
OOD,Amphiprion clarki,/home/reshma/Otolith/captioning/otolith/OOD_final/Amphiprion clarki/L_AC_sp1_Image008.tif,2560.0
OOD,Amphiprion clarki,/home/reshma/Otolith/captioning/otolith/OOD_final/Amphiprion clarki/L_AC_sp1_Image009.tif,2560.0
OOD,Amphiprion clarki,/home/reshma/Otolith/captioning/otolith/OOD_final/Amphiprion clarki/L_AC_sp1_Image010.tif,2560.0
OOD,Amphiprion clarki,/home/reshma/Otolith/captioning/otolith/OOD_final/Amphiprion clarki/L_AC_sp1_Image011.tif,2560.0
OOD,Amphiprion clarki,/home/reshma/Otolith/captioning/otolith/OOD_final/Amphiprion clarki/L_AC_sp1_Image012.tif,2560.0
OOD,Amphiprion clarki,/home/reshma/Otolith/captioning/otolith/OOD_final/Amphiprion clarki/L_AC_sp1_Image013.tif,2560.0
OOD,Amphiprion clarki,/home/reshma/Otolith/captioning/otolith/OOD_final/Amphiprion clarki/L_AC_sp1_Image014.tif,2560.0
OOD,Amphiprion clarki,/home/reshma/Otolith/captioning/otolith/OOD_final/Amphiprion clarki/L_AC_sp3_Image001.tif,2560.0
OOD,Amphiprion clarki,/home/reshma/Otolith/captioning/otolith/OOD_final/Amphiprion clarki/L_AC_sp3_Image002.tif,2560.0
OOD,Amphiprion clarki,/home/reshma/Otolith/captioning/otolith/OOD_final/Amphiprion clarki/L_AC_sp3_Image003.tif,2560.0
OOD,Amphiprion clarki,/home/reshma/Otolith/captioning/otolith/OOD_final/Amphiprion clarki/L_AC_sp3_Image004.tif,2560.0
OOD,Amphiprion clarki,/home/reshma/Otolith/captioning/otolith/OOD_final/Amphiprion clarki/L_AC_sp3_Image005.tif,2560.0
OOD,Amphiprion clarki,/home/reshma/Otolith/captioning/otolith/OOD_final/Amphiprion clarki/L_AC_sp3_Image006.tif,2560.0
OOD,Amphiprion clarki,/home/reshma/Otolith/captioning/otolith/OOD_final/Amphiprion clarki/L_AC_sp3_Image007.tif,2560.0
OOD,Amphiprion clarki,/home/reshma/Otolith/captioning/otolith/OOD_final/Amphiprion clarki/L_AC_sp3_Image008.tif,2560.0
OOD,Amphiprion clarki,/home/reshma/Otolith/captioning/otolith/OOD_final/Amphiprion clarki/L_AC_sp3_Image009.tif,2560.0
OOD,Amphiprion clarki,/home/reshma/Otolith/captioning/otolith/OOD_final/Amphiprion clarki/L_AC_sp3_Image010.tif,2560.0
OOD,Amphiprion clarki,/home/reshma/Otolith/captioning/otolith/OOD_final/Amphiprion clarki/L_AC_sp3_Image011.tif,2560.0
OOD,Amphiprion clarki,/home/reshma/Otolith/captioning/otolith/OOD_final/Amphiprion clarki/L_AC_sp3_Image012.tif,2560.0
OOD,Amphiprion clarki,/home/reshma/Otolith/captioning/otolith/OOD_final/Amphiprion clarki/L_AC_sp3_Image013.tif,2560.0
OOD,Amphiprion clarki,/home/reshma/Otolith/captioning/otolith/OOD_final/Amphiprion clarki/L_AC_sp3_Image014.tif,2560.0
OOD,Amphiprion clarki,/home/reshma/Otolith/captioning/otolith/OOD_final/Amphiprion clarki/L_AC_sp3_Image015.tif,2560.0
OOD,Amphiprion clarki,/home/reshma/Otolith/captioning/otolith/OOD_final/Amphiprion clarki/L_AC_sp3_Image016.tif,2560.0
OOD,Amphiprion clarki,/home/reshma/Otolith/captioning/otolith/OOD_final/Amphiprion clarki/L_AC_sp3_Image017.tif,2560.0
OOD,Amphiprion clarki,/home/reshma/Otolith/captioning/otolith/OOD_final/Amphiprion clarki/L_AC_sp3_Image018.tif,2560.0
OOD,Amphiprion clarki,/home/reshma/Otolith/captioning/otolith/OOD_final/Amphiprion clarki/L_AC_sp3_Image019.tif,2560.0
OOD,Amphiprion clarki,/home/reshma/Otolith/captioning/otolith/OOD_final/Amphiprion clarki/L_AC_sp3_Image020.tif,2560.0
OOD,Amphiprion clarki,/home/reshma/Otolith/captioning/otolith/OOD_final/Amphiprion clarki/R_AC_sp1_Image001.tif,2560.0
OOD,Amphiprion clarki,/home/reshma/Otolith/captioning/otolith/OOD_final/Amphiprion clarki/R_AC_sp1_Image002.tif,2560.0
OOD,Amphiprion clarki,/home/reshma/Otolith/captioning/otolith/OOD_final/Amphiprion clarki/R_AC_sp1_Image003.tif,2560.0
OOD,Amphiprion clarki,/home/reshma/Otolith/captioning/otolith/OOD_final/Amphiprion clarki/R_AC_sp1_Image004.tif,2560.0
OOD,Amphiprion clarki,/home/reshma/Otolith/captioning/otolith/OOD_final/Amphiprion clarki/R_AC_sp1_Image005.tif,2560.0
OOD,Amphiprion clarki,/home/reshma/Otolith/captioning/otolith/OOD_final/Amphiprion clarki/R_AC_sp1_Image006.tif,2560.0
OOD,Amphiprion clarki,/home/reshma/Otolith/captioning/otolith/OOD_final/Amphiprion clarki/R_AC_sp1_Image007.tif,2560.0
OOD,Amphiprion clarki,/home/reshma/Otolith/captioning/otolith/OOD_final/Amphiprion clarki/R_AC_sp1_Image008.tif,2560.0
OOD,Amphiprion clarki,/home/reshma/Otolith/captioning/otolith/OOD_final/Amphiprion clarki/R_AC_sp1_Image009.tif,2560.0
OOD,Amphiprion clarki,/home/reshma/Otolith/captioning/otolith/OOD_final/Amphiprion clarki/R_AC_sp1_Image010.tif,2560.0
OOD,Amphiprion clarki,/home/reshma/Otolith/captioning/otolith/OOD_final/Amphiprion clarki/R_AC_sp1_Image011.tif,2560.0
OOD,Amphiprion clarki,/home/reshma/Otolith/captioning/otolith/OOD_final/Amphiprion clarki/R_AC_sp1_Image012.tif,2560.0
OOD,Amphiprion clarki,/home/reshma/Otolith/captioning/otolith/OOD_final/Amphiprion clarki/R_AC_sp1_Image013.tif,2560.0
OOD,Amphiprion clarki,/home/reshma/Otolith/captioning/otolith/OOD_final/Amphiprion clarki/R_AC_sp2_Image001.tif,2560.0
OOD,Amphiprion clarki,/home/reshma/Otolith/captioning/otolith/OOD_final/Amphiprion clarki/R_AC_sp2_Image002.tif,2560.0
OOD,Amphiprion clarki,/home/reshma/Otolith/captioning/otolith/OOD_final/Amphiprion clarki/R_AC_sp2_Image003.tif,2560.0
OOD,Amphiprion clarki,/home/reshma/Otolith/captioning/otolith/OOD_final/Amphiprion clarki/R_AC_sp2_Image004.tif,2560.0
OOD,Amphiprion clarki,/home/reshma/Otolith/captioning/otolith/OOD_final/Amphiprion clarki/R_AC_sp2_Image005.tif,2560.0
OOD,Amphiprion clarki,/home/reshma/Otolith/captioning/otolith/OOD_final/Amphiprion clarki/R_AC_sp2_Image006.tif,2560.0
OOD,Amphiprion clarki,/home/reshma/Otolith/captioning/otolith/OOD_final/Amphiprion clarki/R_AC_sp2_Image007.tif,2560.0
OOD,Amphiprion clarki,/home/reshma/Otolith/captioning/otolith/OOD_final/Amphiprion clarki/R_AC_sp2_Image008.tif,2560.0
OOD,Grouper,/home/reshma/Otolith/captioning/otolith/OOD_final/Grouper/L_G_Image001.tif,2560.0
OOD,Grouper,/home/reshma/Otolith/captioning/otolith/OOD_final/Grouper/L_G_Image002.tif,2560.0
OOD,Grouper,/home/reshma/Otolith/captioning/otolith/OOD_final/Grouper/L_G_Image003.tif,2560.0
OOD,Grouper,/home/reshma/Otolith/captioning/otolith/OOD_final/Grouper/L_G_Image004.tif,2560.0
OOD,Grouper,/home/reshma/Otolith/captioning/otolith/OOD_final/Grouper/L_G_Image005.tif,2560.0
OOD,Grouper,/home/reshma/Otolith/captioning/otolith/OOD_final/Grouper/L_G_Image006.tif,2560.0
OOD,Grouper,/home/reshma/Otolith/captioning/otolith/OOD_final/Grouper/L_G_Image007.tif,2560.0
OOD,Grouper,/home/reshma/Otolith/captioning/otolith/OOD_final/Grouper/L_G_Multi Focus Image - 1.tif,2560.0
OOD,Grouper,/home/reshma/Otolith/captioning/otolith/OOD_final/Grouper/L_G_Multi Focus Image - 7.tif,2560.0
OOD,Grouper,/home/reshma/Otolith/captioning/otolith/OOD_final/Grouper/L_G_Series001--Z12.tif,2560.0
OOD,Grouper,/home/reshma/Otolith/captioning/otolith/OOD_final/Grouper/L_G_Series001--Z13.tif,2560.0
OOD,Grouper,/home/reshma/Otolith/captioning/otolith/OOD_final/Grouper/L_G_Series001--Z14.tif,2560.0
OOD,Grouper,/home/reshma/Otolith/captioning/otolith/OOD_final/Grouper/L_G_Series001--Z14_90.tif,2560.0
OOD,Grouper,/home/reshma/Otolith/captioning/otolith/OOD_final/Grouper/L_G_Series001--Z15.tif,2560.0
OOD,Grouper,/home/reshma/Otolith/captioning/otolith/OOD_final/Grouper/L_G_Series001--Z15_90.tif,2560.0
OOD,Grouper,/home/reshma/Otolith/captioning/otolith/OOD_final/Grouper/L_G_Series001--Z16.tif,2560.0
OOD,Grouper,/home/reshma/Otolith/captioning/otolith/OOD_final/Grouper/L_G_Series001--Z16_90.tif,2560.0
OOD,Grouper,/home/reshma/Otolith/captioning/otolith/OOD_final/Grouper/L_G_Series001--Z17.tif,2560.0
OOD,Grouper,/home/reshma/Otolith/captioning/otolith/OOD_final/Grouper/L_G_Series001--Z17_90.tif,2560.0
OOD,Grouper,/home/reshma/Otolith/captioning/otolith/OOD_final/Grouper/L_G_Series001--Z18.tif,2560.0
OOD,Grouper,/home/reshma/Otolith/captioning/otolith/OOD_final/Grouper/L_G_Series001--Z18_90.tif,2560.0
OOD,Grouper,/home/reshma/Otolith/captioning/otolith/OOD_final/Grouper/L_G_Series001--Z19.tif,2560.0
OOD,Grouper,/home/reshma/Otolith/captioning/otolith/OOD_final/Grouper/L_G_Series001--Z19_90.tif,2560.0
OOD,Grouper,/home/reshma/Otolith/captioning/otolith/OOD_final/Grouper/R_G_Image001.tif,2560.0
OOD,Grouper,/home/reshma/Otolith/captioning/otolith/OOD_final/Grouper/R_G_Image002.tif,2560.0
OOD,Grouper,/home/reshma/Otolith/captioning/otolith/OOD_final/Grouper/R_G_Image003.tif,2560.0
OOD,Grouper,/home/reshma/Otolith/captioning/otolith/OOD_final/Grouper/R_G_Image004.tif,2560.0
OOD,Grouper,/home/reshma/Otolith/captioning/otolith/OOD_final/Grouper/R_G_Multi Focus Image - 1.tif,2560.0
OOD,Grouper,/home/reshma/Otolith/captioning/otolith/OOD_final/Grouper/R_G_Multi Focus Image - 10.tif,2560.0
OOD,Grouper,/home/reshma/Otolith/captioning/otolith/OOD_final/Grouper/R_G_Series001--Z00.tif,2560.0
OOD,Grouper,/home/reshma/Otolith/captioning/otolith/OOD_final/Grouper/R_G_Series001--Z01.tif,2560.0
OOD,Grouper,/home/reshma/Otolith/captioning/otolith/OOD_final/Grouper/R_G_Series001--Z02.tif,2560.0
OOD,Grouper,/home/reshma/Otolith/captioning/otolith/OOD_final/Grouper/R_G_Series001--Z03.tif,2560.0
OOD,Grouper,/home/reshma/Otolith/captioning/otolith/OOD_final/Grouper/R_G_Series001--Z04.tif,2560.0
OOD,Grouper,/home/reshma/Otolith/captioning/otolith/OOD_final/Grouper/R_G_Series001--Z15_90.tif,2560.0
OOD,Grouper,/home/reshma/Otolith/captioning/otolith/OOD_final/Grouper/R_G_Series001--Z16_90.tif,2560.0
OOD,Grouper,/home/reshma/Otolith/captioning/otolith/OOD_final/Grouper/R_G_Series001--Z17_90.tif,2560.0
OOD,Grouper,/home/reshma/Otolith/captioning/otolith/OOD_final/Grouper/R_G_Series001--Z18_90.tif,2560.0
OOD,Grouper,/home/reshma/Otolith/captioning/otolith/OOD_final/Grouper/R_G_Series001--Z19_90.tif,2560.0
OOD,Lutjanus malabaricus,/home/reshma/Otolith/captioning/otolith/OOD_final/Lutjanus malabaricus/L_LM_sp1Image001.tif,2560.0
OOD,Lutjanus malabaricus,/home/reshma/Otolith/captioning/otolith/OOD_final/Lutjanus malabaricus/L_LM_sp1Image002.tif,2560.0
OOD,Lutjanus malabaricus,/home/reshma/Otolith/captioning/otolith/OOD_final/Lutjanus malabaricus/L_LM_sp1Image003.tif,2560.0
OOD,Lutjanus malabaricus,/home/reshma/Otolith/captioning/otolith/OOD_final/Lutjanus malabaricus/L_LM_sp1Image004.tif,2560.0
OOD,Lutjanus malabaricus,/home/reshma/Otolith/captioning/otolith/OOD_final/Lutjanus malabaricus/L_LM_sp1Image005.tif,2560.0
OOD,Lutjanus malabaricus,/home/reshma/Otolith/captioning/otolith/OOD_final/Lutjanus malabaricus/L_LM_sp1Image006.tif,2560.0
OOD,Lutjanus malabaricus,/home/reshma/Otolith/captioning/otolith/OOD_final/Lutjanus malabaricus/L_LM_sp1Image007.tif,2560.0
OOD,Lutjanus malabaricus,/home/reshma/Otolith/captioning/otolith/OOD_final/Lutjanus malabaricus/L_LM_sp1Image008.tif,2560.0
OOD,Lutjanus malabaricus,/home/reshma/Otolith/captioning/otolith/OOD_final/Lutjanus malabaricus/L_LM_sp1Image009.tif,2560.0
OOD,Lutjanus malabaricus,/home/reshma/Otolith/captioning/otolith/OOD_final/Lutjanus malabaricus/L_LM_sp1Image010.tif,2560.0
OOD,Lutjanus malabaricus,/home/reshma/Otolith/captioning/otolith/OOD_final/Lutjanus malabaricus/L_LM_sp1Image011.tif,2560.0
OOD,Lutjanus malabaricus,/home/reshma/Otolith/captioning/otolith/OOD_final/Lutjanus malabaricus/L_LM_sp2_Image001.tif,2560.0
OOD,Lutjanus malabaricus,/home/reshma/Otolith/captioning/otolith/OOD_final/Lutjanus malabaricus/R_LM_sp2_Image001.tif,2560.0
OOD,Lutjanus malabaricus,/home/reshma/Otolith/captioning/otolith/OOD_final/Lutjanus malabaricus/R_LM_sp2_Image002.tif,2560.0
OOD,Lutjanus malabaricus,/home/reshma/Otolith/captioning/otolith/OOD_final/Lutjanus malabaricus/R_LM_sp2_Image003.tif,2560.0
OOD,Lutjanus malabaricus,/home/reshma/Otolith/captioning/otolith/OOD_final/Lutjanus malabaricus/R_LM_sp2_Image004.tif,2560.0
OOD,Lutjanus malabaricus,/home/reshma/Otolith/captioning/otolith/OOD_final/Lutjanus malabaricus/R_LM_sp2_Image005.tif,2560.0
OOD,Lutjanus malabaricus,/home/reshma/Otolith/captioning/otolith/OOD_final/Lutjanus malabaricus/R_LM_sp2_Image006.tif,2560.0
OOD,Lutjanus malabaricus,/home/reshma/Otolith/captioning/otolith/OOD_final/Lutjanus malabaricus/R_LM_sp2_Image007.tif,2560.0
OOD,Lutjanus malabaricus,/home/reshma/Otolith/captioning/otolith/OOD_final/Lutjanus malabaricus/R_LM_sp2_Image008.tif,2560.0
OOD,Nemipterus sp,/home/reshma/Otolith/captioning/otolith/OOD_final/Nemipterus sp/L_N_N_sp1_Image002.tif,2560.0
OOD,Nemipterus sp,/home/reshma/Otolith/captioning/otolith/OOD_final/Nemipterus sp/L_N_N_sp1_Image003.tif,2560.0
OOD,Nemipterus sp,/home/reshma/Otolith/captioning/otolith/OOD_final/Nemipterus sp/L_N_N_sp1_Image004.tif,2560.0
OOD,Nemipterus sp,/home/reshma/Otolith/captioning/otolith/OOD_final/Nemipterus sp/L_N_N_sp1_Image005.tif,2560.0
OOD,Nemipterus sp,/home/reshma/Otolith/captioning/otolith/OOD_final/Nemipterus sp/L_N_N_sp1_Image006.tif,2560.0
OOD,Nemipterus sp,/home/reshma/Otolith/captioning/otolith/OOD_final/Nemipterus sp/L_N_N_sp1_Image007.tif,2560.0
OOD,Nemipterus sp,/home/reshma/Otolith/captioning/otolith/OOD_final/Nemipterus sp/L_N_N_sp1_Image008.tif,2560.0
OOD,Nemipterus sp,/home/reshma/Otolith/captioning/otolith/OOD_final/Nemipterus sp/L_N_N_sp1_Image009.tif,2560.0
OOD,Nemipterus sp,/home/reshma/Otolith/captioning/otolith/OOD_final/Nemipterus sp/L_N_N_sp1_Image010.tif,2560.0
OOD,Nemipterus sp,/home/reshma/Otolith/captioning/otolith/OOD_final/Nemipterus sp/L_N_N_sp1_Image011.tif,2560.0
OOD,Nemipterus sp,/home/reshma/Otolith/captioning/otolith/OOD_final/Nemipterus sp/L_N_N_sp1_Image012.tif,2560.0
OOD,Nemipterus sp,/home/reshma/Otolith/captioning/otolith/OOD_final/Nemipterus sp/L_N_N_sp1_Image013.tif,2560.0
OOD,Nemipterus sp,/home/reshma/Otolith/captioning/otolith/OOD_final/Nemipterus sp/L_N_N_sp2_Image001.tif,2560.0
OOD,Nemipterus sp,/home/reshma/Otolith/captioning/otolith/OOD_final/Nemipterus sp/L_N_N_sp2_Image002.tif,2560.0
OOD,Nemipterus sp,/home/reshma/Otolith/captioning/otolith/OOD_final/Nemipterus sp/L_N_N_sp2_Image003.tif,2560.0
OOD,Nemipterus sp,/home/reshma/Otolith/captioning/otolith/OOD_final/Nemipterus sp/L_N_N_sp2_Image004.tif,2560.0
OOD,Nemipterus sp,/home/reshma/Otolith/captioning/otolith/OOD_final/Nemipterus sp/L_N_N_sp2_Image005.tif,2560.0
OOD,Nemipterus sp,/home/reshma/Otolith/captioning/otolith/OOD_final/Nemipterus sp/L_N_N_sp2_Image006.tif,2560.0
OOD,Nemipterus sp,/home/reshma/Otolith/captioning/otolith/OOD_final/Nemipterus sp/L_N_N_sp2_Image007.tif,2560.0
OOD,Nemipterus sp,/home/reshma/Otolith/captioning/otolith/OOD_final/Nemipterus sp/L_N_N_sp2_Image008.tif,2560.0
OOD,Nemipterus sp,/home/reshma/Otolith/captioning/otolith/OOD_final/Nemipterus sp/L_N_N_sp2_Image009.tif,2560.0
OOD,Nemipterus sp,/home/reshma/Otolith/captioning/otolith/OOD_final/Nemipterus sp/L_N_N_sp2_Image010.tif,2560.0
OOD,Nemipterus sp,/home/reshma/Otolith/captioning/otolith/OOD_final/Nemipterus sp/L_N_N_sp2_Image011.tif,2560.0
OOD,Nemipterus sp,/home/reshma/Otolith/captioning/otolith/OOD_final/Nemipterus sp/L_N_N_sp2_Image012.tif,2560.0
OOD,Nemipterus sp,/home/reshma/Otolith/captioning/otolith/OOD_final/Nemipterus sp/L_N_N_sp2_Image013.tif,2560.0
OOD,Nemipterus sp,/home/reshma/Otolith/captioning/otolith/OOD_final/Nemipterus sp/L_N_N_sp2_Image014.tif,2560.0
OOD,Nemipterus sp,/home/reshma/Otolith/captioning/otolith/OOD_final/Nemipterus sp/L_N_N_sp3_Image001.tif,2560.0
OOD,Nemipterus sp,/home/reshma/Otolith/captioning/otolith/OOD_final/Nemipterus sp/L_N_N_sp3_Image002.tif,2560.0
OOD,Nemipterus sp,/home/reshma/Otolith/captioning/otolith/OOD_final/Nemipterus sp/L_N_N_sp3_Image003.tif,2560.0
OOD,Nemipterus sp,/home/reshma/Otolith/captioning/otolith/OOD_final/Nemipterus sp/L_N_N_sp3_Image004.tif,2560.0
OOD,Nemipterus sp,/home/reshma/Otolith/captioning/otolith/OOD_final/Nemipterus sp/L_N_N_sp3_Image005.tif,2560.0
OOD,Nemipterus sp,/home/reshma/Otolith/captioning/otolith/OOD_final/Nemipterus sp/L_N_N_sp3_Image006.tif,2560.0
OOD,Nemipterus sp,/home/reshma/Otolith/captioning/otolith/OOD_final/Nemipterus sp/L_N_N_sp3_Image007.tif,2560.0
OOD,Nemipterus sp,/home/reshma/Otolith/captioning/otolith/OOD_final/Nemipterus sp/L_N_sp3_Image008.tif,2560.0
OOD,Nemipterus sp,/home/reshma/Otolith/captioning/otolith/OOD_final/Nemipterus sp/L_N_sp3_Image009.tif,2560.0
OOD,Nemipterus sp,/home/reshma/Otolith/captioning/otolith/OOD_final/Nemipterus sp/L_N_sp3_Image010.tif,2560.0
OOD,Nemipterus sp,/home/reshma/Otolith/captioning/otolith/OOD_final/Nemipterus sp/L_N_sp3_Image011.tif,2560.0
OOD,Nemipterus sp,/home/reshma/Otolith/captioning/otolith/OOD_final/Nemipterus sp/L_N_sp3_Image012.tif,2560.0
OOD,Nemipterus sp,/home/reshma/Otolith/captioning/otolith/OOD_final/Nemipterus sp/L_N_sp3_Image013.tif,2560.0
OOD,Nemipterus sp,/home/reshma/Otolith/captioning/otolith/OOD_final/Nemipterus sp/L_N_sp3_Image014.tif,2560.0
OOD,Nemipterus sp,/home/reshma/Otolith/captioning/otolith/OOD_final/Nemipterus sp/L_N_sp3_Image015.tif,2560.0
OOD,Nemipterus sp,/home/reshma/Otolith/captioning/otolith/OOD_final/Nemipterus sp/L_N_sp3_Image016.tif,2560.0
OOD,Nemipterus sp,/home/reshma/Otolith/captioning/otolith/OOD_final/Nemipterus sp/L_N_sp3_Image017.tif,2560.0
OOD,Nemipterus sp,/home/reshma/Otolith/captioning/otolith/OOD_final/Nemipterus sp/L_N_sp4_Image001.tif,2560.0
OOD,Nemipterus sp,/home/reshma/Otolith/captioning/otolith/OOD_final/Nemipterus sp/L_N_sp4_Image002.tif,2560.0
OOD,Nemipterus sp,/home/reshma/Otolith/captioning/otolith/OOD_final/Nemipterus sp/L_N_sp4_Image003.tif,2560.0
OOD,Nemipterus sp,/home/reshma/Otolith/captioning/otolith/OOD_final/Nemipterus sp/L_N_sp4_Image004.tif,2560.0
OOD,Nemipterus sp,/home/reshma/Otolith/captioning/otolith/OOD_final/Nemipterus sp/L_N_sp4_Image005.tif,2560.0
OOD,Nemipterus sp,/home/reshma/Otolith/captioning/otolith/OOD_final/Nemipterus sp/L_N_sp4_Image006.tif,2560.0
OOD,Nemipterus sp,/home/reshma/Otolith/captioning/otolith/OOD_final/Nemipterus sp/L_N_sp4_Image007.tif,2560.0
OOD,Nemipterus sp,/home/reshma/Otolith/captioning/otolith/OOD_final/Nemipterus sp/L_N_sp4_Image008.tif,2560.0
OOD,Nemipterus sp,/home/reshma/Otolith/captioning/otolith/OOD_final/Nemipterus sp/L_N_sp4_Image009.tif,2560.0
OOD,Nemipterus sp,/home/reshma/Otolith/captioning/otolith/OOD_final/Nemipterus sp/L_N_sp4_Image010.tif,2560.0
OOD,Nemipterus sp,/home/reshma/Otolith/captioning/otolith/OOD_final/Nemipterus sp/L_N_sp4_Image011.tif,2560.0
OOD,Nemipterus sp,/home/reshma/Otolith/captioning/otolith/OOD_final/Nemipterus sp/L_N_sp4_Image012.tif,2560.0
OOD,Nemipterus sp,/home/reshma/Otolith/captioning/otolith/OOD_final/Nemipterus sp/L_N_sp4_Image013.tif,2560.0
OOD,Nemipterus sp,/home/reshma/Otolith/captioning/otolith/OOD_final/Nemipterus sp/L_N_sp5_Image001.tif,2560.0
OOD,Nemipterus sp,/home/reshma/Otolith/captioning/otolith/OOD_final/Nemipterus sp/L_N_sp5_Image002.tif,2560.0
OOD,Nemipterus sp,/home/reshma/Otolith/captioning/otolith/OOD_final/Nemipterus sp/L_N_sp5_Image003.tif,2560.0
OOD,Nemipterus sp,/home/reshma/Otolith/captioning/otolith/OOD_final/Nemipterus sp/L_N_sp5_Image004.tif,2560.0
OOD,Nemipterus sp,/home/reshma/Otolith/captioning/otolith/OOD_final/Nemipterus sp/L_N_sp5_Image005.tif,2560.0
OOD,Nemipterus sp,/home/reshma/Otolith/captioning/otolith/OOD_final/Nemipterus sp/L_N_sp5_Image006.tif,2560.0
OOD,Nemipterus sp,/home/reshma/Otolith/captioning/otolith/OOD_final/Nemipterus sp/L_N_sp5_Image007.tif,2560.0
OOD,Nemipterus sp,/home/reshma/Otolith/captioning/otolith/OOD_final/Nemipterus sp/L_N_sp5_Image008.tif,2560.0
OOD,Nemipterus sp,/home/reshma/Otolith/captioning/otolith/OOD_final/Nemipterus sp/L_N_sp5_Image009.tif,2560.0
OOD,Nemipterus sp,/home/reshma/Otolith/captioning/otolith/OOD_final/Nemipterus sp/L_N_sp5_Image010.tif,2560.0
OOD,Nemipterus sp,/home/reshma/Otolith/captioning/otolith/OOD_final/Nemipterus sp/L_N_sp5_Image011.tif,2560.0
OOD,Nemipterus sp,/home/reshma/Otolith/captioning/otolith/OOD_final/Nemipterus sp/L_N_sp5_Image012.tif,2560.0
OOD,Nemipterus sp,/home/reshma/Otolith/captioning/otolith/OOD_final/Nemipterus sp/L_N_sp5_Image013.tif,2560.0
OOD,Nemipterus sp,/home/reshma/Otolith/captioning/otolith/OOD_final/Nemipterus sp/L_N_sp5_Image014.tif,2560.0
OOD,Nemipterus sp,/home/reshma/Otolith/captioning/otolith/OOD_final/Nemipterus sp/L_N_sp5_Image015.tif,2560.0
OOD,Nemipterus sp,/home/reshma/Otolith/captioning/otolith/OOD_final/Nemipterus sp/L_N_sp5_Image016.tif,2560.0
OOD,Nemipterus sp,/home/reshma/Otolith/captioning/otolith/OOD_final/Nemipterus sp/L_N_sp6_Image001.tif,2560.0
OOD,Nemipterus sp,/home/reshma/Otolith/captioning/otolith/OOD_final/Nemipterus sp/L_N_sp6_Image002.tif,2560.0
OOD,Nemipterus sp,/home/reshma/Otolith/captioning/otolith/OOD_final/Nemipterus sp/L_N_sp6_Image003.tif,2560.0
OOD,Nemipterus sp,/home/reshma/Otolith/captioning/otolith/OOD_final/Nemipterus sp/L_N_sp6_Image004.tif,2560.0
OOD,Nemipterus sp,/home/reshma/Otolith/captioning/otolith/OOD_final/Nemipterus sp/L_N_sp6_Image005.tif,2560.0
OOD,Nemipterus sp,/home/reshma/Otolith/captioning/otolith/OOD_final/Nemipterus sp/L_N_sp6_Image006.tif,2560.0
OOD,Nemipterus sp,/home/reshma/Otolith/captioning/otolith/OOD_final/Nemipterus sp/L_N_sp6_Image007.tif,2560.0
OOD,Nemipterus sp,/home/reshma/Otolith/captioning/otolith/OOD_final/Nemipterus sp/L_N_sp6_Image008.tif,2560.0
OOD,Nemipterus sp,/home/reshma/Otolith/captioning/otolith/OOD_final/Nemipterus sp/L_N_sp6_Image009.tif,2560.0
OOD,Nemipterus sp,/home/reshma/Otolith/captioning/otolith/OOD_final/Nemipterus sp/L_N_sp6_Image010.tif,2560.0
OOD,Nemipterus sp,/home/reshma/Otolith/captioning/otolith/OOD_final/Nemipterus sp/L_N_sp6_Image011.tif,2560.0
OOD,Nemipterus sp,/home/reshma/Otolith/captioning/otolith/OOD_final/Nemipterus sp/L_N_sp6_Image012.tif,2560.0
OOD,Nemipterus sp,/home/reshma/Otolith/captioning/otolith/OOD_final/Nemipterus sp/L_N_sp6_Image013.tif,2560.0
OOD,Nemipterus sp,/home/reshma/Otolith/captioning/otolith/OOD_final/Nemipterus sp/L_N_sp7_Image002.tif,2560.0
OOD,Nemipterus sp,/home/reshma/Otolith/captioning/otolith/OOD_final/Nemipterus sp/L_N_sp7_Image003.tif,2560.0
OOD,Nemipterus sp,/home/reshma/Otolith/captioning/otolith/OOD_final/Nemipterus sp/L_N_sp7_Image004.tif,2560.0
OOD,Nemipterus sp,/home/reshma/Otolith/captioning/otolith/OOD_final/Nemipterus sp/L_N_sp7_Image005.tif,2560.0
OOD,Nemipterus sp,/home/reshma/Otolith/captioning/otolith/OOD_final/Nemipterus sp/L_N_sp7_Image006.tif,2560.0
OOD,Nemipterus sp,/home/reshma/Otolith/captioning/otolith/OOD_final/Nemipterus sp/L_N_sp7_Image007.tif,2560.0
OOD,Nemipterus sp,/home/reshma/Otolith/captioning/otolith/OOD_final/Nemipterus sp/L_N_sp7_Image008.tif,2560.0
OOD,Nemipterus sp,/home/reshma/Otolith/captioning/otolith/OOD_final/Nemipterus sp/L_N_sp7_Image009.tif,2560.0
OOD,Nemipterus sp,/home/reshma/Otolith/captioning/otolith/OOD_final/Nemipterus sp/L_N_sp7_Image010.tif,2560.0
OOD,Nemipterus sp,/home/reshma/Otolith/captioning/otolith/OOD_final/Nemipterus sp/L_N_sp7_Image011.tif,2560.0
OOD,Nemipterus sp,/home/reshma/Otolith/captioning/otolith/OOD_final/Nemipterus sp/L_N_sp7_Image012.tif,2560.0
OOD,Nemipterus sp,/home/reshma/Otolith/captioning/otolith/OOD_final/Nemipterus sp/L_N_sp7_Image013.tif,2560.0
OOD,Nemipterus sp,/home/reshma/Otolith/captioning/otolith/OOD_final/Nemipterus sp/L_N_sp7_Image014.tif,2560.0
OOD,Nemipterus sp,/home/reshma/Otolith/captioning/otolith/OOD_final/Nemipterus sp/L_N_sp8_Image001.tif,2560.0
OOD,Nemipterus sp,/home/reshma/Otolith/captioning/otolith/OOD_final/Nemipterus sp/L_N_sp8_Image002.tif,2560.0
OOD,Nemipterus sp,/home/reshma/Otolith/captioning/otolith/OOD_final/Nemipterus sp/L_N_sp8_Image003.tif,2560.0
OOD,Nemipterus sp,/home/reshma/Otolith/captioning/otolith/OOD_final/Nemipterus sp/L_N_sp8_Image004.tif,2560.0
OOD,Nemipterus sp,/home/reshma/Otolith/captioning/otolith/OOD_final/Nemipterus sp/L_N_sp8_Image005.tif,2560.0
OOD,Nemipterus sp,/home/reshma/Otolith/captioning/otolith/OOD_final/Nemipterus sp/L_N_sp8_Image006.tif,2560.0
OOD,Nemipterus sp,/home/reshma/Otolith/captioning/otolith/OOD_final/Nemipterus sp/L_N_sp8_Image007.tif,2560.0
OOD,Nemipterus sp,/home/reshma/Otolith/captioning/otolith/OOD_final/Nemipterus sp/L_N_sp8_Image008.tif,2560.0
OOD,Nemipterus sp,/home/reshma/Otolith/captioning/otolith/OOD_final/Nemipterus sp/L_N_sp8_Image009.tif,2560.0
OOD,Nemipterus sp,/home/reshma/Otolith/captioning/otolith/OOD_final/Nemipterus sp/L_N_sp8_Image010.tif,2560.0
OOD,Nemipterus sp,/home/reshma/Otolith/captioning/otolith/OOD_final/Nemipterus sp/L_N_sp8_Image011.tif,2560.0
OOD,Nemipterus sp,/home/reshma/Otolith/captioning/otolith/OOD_final/Nemipterus sp/L_N_sp8_Image012.tif,2560.0
OOD,Nemipterus sp,/home/reshma/Otolith/captioning/otolith/OOD_final/Nemipterus sp/L_N_sp8_Image013.tif,2560.0
OOD,Nemipterus sp,/home/reshma/Otolith/captioning/otolith/OOD_final/Nemipterus sp/L_N_sp8_Image014.tif,2560.0
OOD,Nemipterus sp,/home/reshma/Otolith/captioning/otolith/OOD_final/Nemipterus sp/L_N_sp8_Image015.tif,2560.0
OOD,Nemipterus sp,/home/reshma/Otolith/captioning/otolith/OOD_final/Nemipterus sp/L_N_sp8_Image017.tif,2560.0
OOD,Nemipterus sp,/home/reshma/Otolith/captioning/otolith/OOD_final/Nemipterus sp/L_N_sp8_Image018.tif,2560.0
OOD,Nemipterus sp,/home/reshma/Otolith/captioning/otolith/OOD_final/Nemipterus sp/R_N_sp10_Image001.tif,2560.0
OOD,Nemipterus sp,/home/reshma/Otolith/captioning/otolith/OOD_final/Nemipterus sp/R_N_sp10_Image002.tif,2560.0
OOD,Nemipterus sp,/home/reshma/Otolith/captioning/otolith/OOD_final/Nemipterus sp/R_N_sp10_Image003.tif,2560.0
OOD,Nemipterus sp,/home/reshma/Otolith/captioning/otolith/OOD_final/Nemipterus sp/R_N_sp10_Image004.tif,2560.0
OOD,Nemipterus sp,/home/reshma/Otolith/captioning/otolith/OOD_final/Nemipterus sp/R_N_sp10_Image005.tif,2560.0
OOD,Nemipterus sp,/home/reshma/Otolith/captioning/otolith/OOD_final/Nemipterus sp/R_N_sp10_Image006.tif,2560.0
OOD,Nemipterus sp,/home/reshma/Otolith/captioning/otolith/OOD_final/Nemipterus sp/R_N_sp10_Image007.tif,2560.0
OOD,Nemipterus sp,/home/reshma/Otolith/captioning/otolith/OOD_final/Nemipterus sp/R_N_sp10_Image008.tif,2560.0
OOD,Nemipterus sp,/home/reshma/Otolith/captioning/otolith/OOD_final/Nemipterus sp/R_N_sp10_Image009.tif,2560.0
OOD,Nemipterus sp,/home/reshma/Otolith/captioning/otolith/OOD_final/Nemipterus sp/R_N_sp10_Image010.tif,2560.0
OOD,Nemipterus sp,/home/reshma/Otolith/captioning/otolith/OOD_final/Nemipterus sp/R_N_sp10_Image011.tif,2560.0
OOD,Nemipterus sp,/home/reshma/Otolith/captioning/otolith/OOD_final/Nemipterus sp/R_N_sp10_Image012.tif,2560.0
OOD,Nemipterus sp,/home/reshma/Otolith/captioning/otolith/OOD_final/Nemipterus sp/R_N_sp10_Image013.tif,2560.0
OOD,Nemipterus sp,/home/reshma/Otolith/captioning/otolith/OOD_final/Nemipterus sp/R_N_sp10_Image014.tif,2560.0
OOD,Nemipterus sp,/home/reshma/Otolith/captioning/otolith/OOD_final/Nemipterus sp/R_N_sp10_Image015.tif,2560.0
OOD,Nemipterus sp,/home/reshma/Otolith/captioning/otolith/OOD_final/Nemipterus sp/R_N_sp1_Image001.tif,2560.0
OOD,Nemipterus sp,/home/reshma/Otolith/captioning/otolith/OOD_final/Nemipterus sp/R_N_sp1_Image001_1.tif,2560.0
OOD,Nemipterus sp,/home/reshma/Otolith/captioning/otolith/OOD_final/Nemipterus sp/R_N_sp1_Image002.tif,2560.0
OOD,Nemipterus sp,/home/reshma/Otolith/captioning/otolith/OOD_final/Nemipterus sp/R_N_sp1_Image003.tif,2560.0
OOD,Nemipterus sp,/home/reshma/Otolith/captioning/otolith/OOD_final/Nemipterus sp/R_N_sp1_Image004.tif,2560.0
OOD,Nemipterus sp,/home/reshma/Otolith/captioning/otolith/OOD_final/Nemipterus sp/R_N_sp1_Image005.tif,2560.0
OOD,Nemipterus sp,/home/reshma/Otolith/captioning/otolith/OOD_final/Nemipterus sp/R_N_sp1_Image006.tif,2560.0
OOD,Nemipterus sp,/home/reshma/Otolith/captioning/otolith/OOD_final/Nemipterus sp/R_N_sp1_Image007.tif,2560.0
OOD,Nemipterus sp,/home/reshma/Otolith/captioning/otolith/OOD_final/Nemipterus sp/R_N_sp1_Image008.tif,2560.0
OOD,Nemipterus sp,/home/reshma/Otolith/captioning/otolith/OOD_final/Nemipterus sp/R_N_sp1_Image009.tif,2560.0
OOD,Nemipterus sp,/home/reshma/Otolith/captioning/otolith/OOD_final/Nemipterus sp/R_N_sp1_Image010.tif,2560.0
OOD,Nemipterus sp,/home/reshma/Otolith/captioning/otolith/OOD_final/Nemipterus sp/R_N_sp2_Image001.tif,2560.0
OOD,Nemipterus sp,/home/reshma/Otolith/captioning/otolith/OOD_final/Nemipterus sp/R_N_sp2_Image002.tif,2560.0
OOD,Nemipterus sp,/home/reshma/Otolith/captioning/otolith/OOD_final/Nemipterus sp/R_N_sp2_Image003.tif,2560.0
OOD,Nemipterus sp,/home/reshma/Otolith/captioning/otolith/OOD_final/Nemipterus sp/R_N_sp2_Image004.tif,2560.0
OOD,Nemipterus sp,/home/reshma/Otolith/captioning/otolith/OOD_final/Nemipterus sp/R_N_sp2_Image005.tif,2560.0
OOD,Nemipterus sp,/home/reshma/Otolith/captioning/otolith/OOD_final/Nemipterus sp/R_N_sp2_Image006.tif,2560.0
OOD,Nemipterus sp,/home/reshma/Otolith/captioning/otolith/OOD_final/Nemipterus sp/R_N_sp2_Image007.tif,2560.0
OOD,Nemipterus sp,/home/reshma/Otolith/captioning/otolith/OOD_final/Nemipterus sp/R_N_sp2_Image008.tif,2560.0
OOD,Nemipterus sp,/home/reshma/Otolith/captioning/otolith/OOD_final/Nemipterus sp/R_N_sp2_Image009.tif,2560.0
OOD,Nemipterus sp,/home/reshma/Otolith/captioning/otolith/OOD_final/Nemipterus sp/R_N_sp2_Image010.tif,2560.0
OOD,Nemipterus sp,/home/reshma/Otolith/captioning/otolith/OOD_final/Nemipterus sp/R_N_sp2_Image011.tif,2560.0
OOD,Nemipterus sp,/home/reshma/Otolith/captioning/otolith/OOD_final/Nemipterus sp/R_N_sp2_Image012.tif,2560.0
OOD,Nemipterus sp,/home/reshma/Otolith/captioning/otolith/OOD_final/Nemipterus sp/R_N_sp2_Image013.tif,2560.0
OOD,Nemipterus sp,/home/reshma/Otolith/captioning/otolith/OOD_final/Nemipterus sp/R_N_sp2_Image014.tif,2560.0
OOD,Nemipterus sp,/home/reshma/Otolith/captioning/otolith/OOD_final/Nemipterus sp/R_N_sp2_Image015.tif,2560.0
OOD,Nemipterus sp,/home/reshma/Otolith/captioning/otolith/OOD_final/Nemipterus sp/R_N_sp2_Image016.tif,2560.0
OOD,Nemipterus sp,/home/reshma/Otolith/captioning/otolith/OOD_final/Nemipterus sp/R_N_sp3_Image001.tif,2560.0
OOD,Nemipterus sp,/home/reshma/Otolith/captioning/otolith/OOD_final/Nemipterus sp/R_N_sp3_Image002.tif,2560.0
OOD,Nemipterus sp,/home/reshma/Otolith/captioning/otolith/OOD_final/Nemipterus sp/R_N_sp3_Image003.tif,2560.0
OOD,Nemipterus sp,/home/reshma/Otolith/captioning/otolith/OOD_final/Nemipterus sp/R_N_sp3_Image004.tif,2560.0
OOD,Nemipterus sp,/home/reshma/Otolith/captioning/otolith/OOD_final/Nemipterus sp/R_N_sp3_Image005.tif,2560.0
OOD,Nemipterus sp,/home/reshma/Otolith/captioning/otolith/OOD_final/Nemipterus sp/R_N_sp3_Image006.tif,2560.0
OOD,Nemipterus sp,/home/reshma/Otolith/captioning/otolith/OOD_final/Nemipterus sp/R_N_sp3_Image007.tif,2560.0
OOD,Nemipterus sp,/home/reshma/Otolith/captioning/otolith/OOD_final/Nemipterus sp/R_N_sp3_Image008.tif,2560.0
OOD,Nemipterus sp,/home/reshma/Otolith/captioning/otolith/OOD_final/Nemipterus sp/R_N_sp3_Image009.tif,2560.0
OOD,Nemipterus sp,/home/reshma/Otolith/captioning/otolith/OOD_final/Nemipterus sp/R_N_sp3_Image010.tif,2560.0
OOD,Nemipterus sp,/home/reshma/Otolith/captioning/otolith/OOD_final/Nemipterus sp/R_N_sp3_Image011.tif,2560.0
OOD,Nemipterus sp,/home/reshma/Otolith/captioning/otolith/OOD_final/Nemipterus sp/R_N_sp3_Image012.tif,2560.0
OOD,Nemipterus sp,/home/reshma/Otolith/captioning/otolith/OOD_final/Nemipterus sp/R_N_sp4_Image001.tif,2560.0
OOD,Nemipterus sp,/home/reshma/Otolith/captioning/otolith/OOD_final/Nemipterus sp/R_N_sp4_Image002.tif,2560.0
OOD,Nemipterus sp,/home/reshma/Otolith/captioning/otolith/OOD_final/Nemipterus sp/R_N_sp4_Image003.tif,2560.0
OOD,Nemipterus sp,/home/reshma/Otolith/captioning/otolith/OOD_final/Nemipterus sp/R_N_sp4_Image004.tif,2560.0
OOD,Nemipterus sp,/home/reshma/Otolith/captioning/otolith/OOD_final/Nemipterus sp/R_N_sp4_Image005.tif,2560.0
OOD,Nemipterus sp,/home/reshma/Otolith/captioning/otolith/OOD_final/Nemipterus sp/R_N_sp4_Image006.tif,2560.0
OOD,Nemipterus sp,/home/reshma/Otolith/captioning/otolith/OOD_final/Nemipterus sp/R_N_sp4_Image007.tif,2560.0
OOD,Nemipterus sp,/home/reshma/Otolith/captioning/otolith/OOD_final/Nemipterus sp/R_N_sp4_Image008.tif,2560.0
OOD,Nemipterus sp,/home/reshma/Otolith/captioning/otolith/OOD_final/Nemipterus sp/R_N_sp4_Image009.tif,2560.0
OOD,Nemipterus sp,/home/reshma/Otolith/captioning/otolith/OOD_final/Nemipterus sp/R_N_sp4_Image010.tif,2560.0
OOD,Nemipterus sp,/home/reshma/Otolith/captioning/otolith/OOD_final/Nemipterus sp/R_N_sp4_Image011.tif,2560.0
OOD,Nemipterus sp,/home/reshma/Otolith/captioning/otolith/OOD_final/Nemipterus sp/R_N_sp4_Image012.tif,2560.0
OOD,Nemipterus sp,/home/reshma/Otolith/captioning/otolith/OOD_final/Nemipterus sp/R_N_sp4_Image013.tif,2560.0
OOD,Nemipterus sp,/home/reshma/Otolith/captioning/otolith/OOD_final/Nemipterus sp/R_N_sp4_Image014.tif,2560.0
OOD,Nemipterus sp,/home/reshma/Otolith/captioning/otolith/OOD_final/Nemipterus sp/R_N_sp4_Image015.tif,2560.0
OOD,Nemipterus sp,/home/reshma/Otolith/captioning/otolith/OOD_final/Nemipterus sp/R_N_sp5_Image001.tif,2560.0
OOD,Nemipterus sp,/home/reshma/Otolith/captioning/otolith/OOD_final/Nemipterus sp/R_N_sp5_Image002.tif,2560.0
OOD,Nemipterus sp,/home/reshma/Otolith/captioning/otolith/OOD_final/Nemipterus sp/R_N_sp5_Image003.tif,2560.0
OOD,Nemipterus sp,/home/reshma/Otolith/captioning/otolith/OOD_final/Nemipterus sp/R_N_sp5_Image004.tif,2560.0
OOD,Nemipterus sp,/home/reshma/Otolith/captioning/otolith/OOD_final/Nemipterus sp/R_N_sp5_Image005.tif,2560.0
OOD,Nemipterus sp,/home/reshma/Otolith/captioning/otolith/OOD_final/Nemipterus sp/R_N_sp5_Image006.tif,2560.0
OOD,Nemipterus sp,/home/reshma/Otolith/captioning/otolith/OOD_final/Nemipterus sp/R_N_sp5_Image007.tif,2560.0
OOD,Nemipterus sp,/home/reshma/Otolith/captioning/otolith/OOD_final/Nemipterus sp/R_N_sp5_Image008.tif,2560.0
OOD,Nemipterus sp,/home/reshma/Otolith/captioning/otolith/OOD_final/Nemipterus sp/R_N_sp5_Image009.tif,2560.0
OOD,Nemipterus sp,/home/reshma/Otolith/captioning/otolith/OOD_final/Nemipterus sp/R_N_sp5_Image010.tif,2560.0
OOD,Nemipterus sp,/home/reshma/Otolith/captioning/otolith/OOD_final/Nemipterus sp/R_N_sp5_Image011.tif,2560.0
OOD,Nemipterus sp,/home/reshma/Otolith/captioning/otolith/OOD_final/Nemipterus sp/R_N_sp5_Image012.tif,2560.0
OOD,Nemipterus sp,/home/reshma/Otolith/captioning/otolith/OOD_final/Nemipterus sp/R_N_sp5_Image013.tif,2560.0
OOD,Nemipterus sp,/home/reshma/Otolith/captioning/otolith/OOD_final/Nemipterus sp/R_N_sp5_Image014.tif,2560.0
OOD,Nemipterus sp,/home/reshma/Otolith/captioning/otolith/OOD_final/Nemipterus sp/R_N_sp5_Image015.tif,2560.0
OOD,Nemipterus sp,/home/reshma/Otolith/captioning/otolith/OOD_final/Nemipterus sp/R_N_sp5_Image016.tif,2560.0
OOD,Nemipterus sp,/home/reshma/Otolith/captioning/otolith/OOD_final/Nemipterus sp/R_N_sp5_Image017.tif,2560.0
OOD,Nemipterus sp,/home/reshma/Otolith/captioning/otolith/OOD_final/Nemipterus sp/R_N_sp5_Image018.tif,2560.0
OOD,Nemipterus sp,/home/reshma/Otolith/captioning/otolith/OOD_final/Nemipterus sp/R_N_sp6_Image001.tif,2560.0
OOD,Nemipterus sp,/home/reshma/Otolith/captioning/otolith/OOD_final/Nemipterus sp/R_N_sp6_Image002.tif,2560.0
OOD,Nemipterus sp,/home/reshma/Otolith/captioning/otolith/OOD_final/Nemipterus sp/R_N_sp6_Image003.tif,2560.0
OOD,Nemipterus sp,/home/reshma/Otolith/captioning/otolith/OOD_final/Nemipterus sp/R_N_sp6_Image004.tif,2560.0
OOD,Nemipterus sp,/home/reshma/Otolith/captioning/otolith/OOD_final/Nemipterus sp/R_N_sp6_Image005.tif,2560.0
OOD,Nemipterus sp,/home/reshma/Otolith/captioning/otolith/OOD_final/Nemipterus sp/R_N_sp6_Image006.tif,2560.0
OOD,Nemipterus sp,/home/reshma/Otolith/captioning/otolith/OOD_final/Nemipterus sp/R_N_sp6_Image007.tif,2560.0
OOD,Nemipterus sp,/home/reshma/Otolith/captioning/otolith/OOD_final/Nemipterus sp/R_N_sp6_Image008.tif,2560.0
OOD,Nemipterus sp,/home/reshma/Otolith/captioning/otolith/OOD_final/Nemipterus sp/R_N_sp6_Image009.tif,2560.0
OOD,Nemipterus sp,/home/reshma/Otolith/captioning/otolith/OOD_final/Nemipterus sp/R_N_sp6_Image010.tif,2560.0
OOD,Nemipterus sp,/home/reshma/Otolith/captioning/otolith/OOD_final/Nemipterus sp/R_N_sp6_Image011.tif,2560.0
OOD,Nemipterus sp,/home/reshma/Otolith/captioning/otolith/OOD_final/Nemipterus sp/R_N_sp6_Image012.tif,2560.0
OOD,Nemipterus sp,/home/reshma/Otolith/captioning/otolith/OOD_final/Nemipterus sp/R_N_sp6_Image013.tif,2560.0
OOD,Nemipterus sp,/home/reshma/Otolith/captioning/otolith/OOD_final/Nemipterus sp/R_N_sp7_Image001.tif,2560.0
OOD,Nemipterus sp,/home/reshma/Otolith/captioning/otolith/OOD_final/Nemipterus sp/R_N_sp7_Image001_1.tif,2560.0
OOD,Nemipterus sp,/home/reshma/Otolith/captioning/otolith/OOD_final/Nemipterus sp/R_N_sp7_Image002.tif,2560.0
OOD,Nemipterus sp,/home/reshma/Otolith/captioning/otolith/OOD_final/Nemipterus sp/R_N_sp7_Image003.tif,2560.0
OOD,Nemipterus sp,/home/reshma/Otolith/captioning/otolith/OOD_final/Nemipterus sp/R_N_sp7_Image004.tif,2560.0
OOD,Nemipterus sp,/home/reshma/Otolith/captioning/otolith/OOD_final/Nemipterus sp/R_N_sp7_Image005.tif,2560.0
OOD,Nemipterus sp,/home/reshma/Otolith/captioning/otolith/OOD_final/Nemipterus sp/R_N_sp7_Image006.tif,2560.0
OOD,Nemipterus sp,/home/reshma/Otolith/captioning/otolith/OOD_final/Nemipterus sp/R_N_sp7_Image007.tif,2560.0
OOD,Nemipterus sp,/home/reshma/Otolith/captioning/otolith/OOD_final/Nemipterus sp/R_N_sp7_Image008.tif,2560.0
OOD,Nemipterus sp,/home/reshma/Otolith/captioning/otolith/OOD_final/Nemipterus sp/R_N_sp7_Image009.tif,2560.0
OOD,Nemipterus sp,/home/reshma/Otolith/captioning/otolith/OOD_final/Nemipterus sp/R_N_sp7_Image010.tif,2560.0
OOD,Nemipterus sp,/home/reshma/Otolith/captioning/otolith/OOD_final/Nemipterus sp/R_N_sp7_Image011.tif,2560.0
OOD,Nemipterus sp,/home/reshma/Otolith/captioning/otolith/OOD_final/Nemipterus sp/R_N_sp7_Image012.tif,2560.0
OOD,Nemipterus sp,/home/reshma/Otolith/captioning/otolith/OOD_final/Nemipterus sp/R_N_sp8_Image001.tif,2560.0
OOD,Nemipterus sp,/home/reshma/Otolith/captioning/otolith/OOD_final/Nemipterus sp/R_N_sp8_Image002.tif,2560.0
OOD,Nemipterus sp,/home/reshma/Otolith/captioning/otolith/OOD_final/Nemipterus sp/R_N_sp8_Image003.tif,2560.0
OOD,Nemipterus sp,/home/reshma/Otolith/captioning/otolith/OOD_final/Nemipterus sp/R_N_sp8_Image004.tif,2560.0
OOD,Nemipterus sp,/home/reshma/Otolith/captioning/otolith/OOD_final/Nemipterus sp/R_N_sp8_Image005.tif,2560.0
OOD,Nemipterus sp,/home/reshma/Otolith/captioning/otolith/OOD_final/Nemipterus sp/R_N_sp8_Image006.tif,2560.0
OOD,Nemipterus sp,/home/reshma/Otolith/captioning/otolith/OOD_final/Nemipterus sp/R_N_sp8_Image007.tif,2560.0
OOD,Nemipterus sp,/home/reshma/Otolith/captioning/otolith/OOD_final/Nemipterus sp/R_N_sp8_Image008.tif,2560.0
OOD,Nemipterus sp,/home/reshma/Otolith/captioning/otolith/OOD_final/Nemipterus sp/R_N_sp8_Image009.tif,2560.0
OOD,Nemipterus sp,/home/reshma/Otolith/captioning/otolith/OOD_final/Nemipterus sp/R_N_sp8_Image010.tif,2560.0
OOD,Nemipterus sp,/home/reshma/Otolith/captioning/otolith/OOD_final/Nemipterus sp/R_N_sp8_Image011.tif,2560.0
OOD,Nemipterus sp,/home/reshma/Otolith/captioning/otolith/OOD_final/Nemipterus sp/R_N_sp8_Image012.tif,2560.0
OOD,Nemipterus sp,/home/reshma/Otolith/captioning/otolith/OOD_final/Nemipterus sp/R_N_sp9_Image001.tif,2560.0
OOD,Nemipterus sp,/home/reshma/Otolith/captioning/otolith/OOD_final/Nemipterus sp/R_N_sp9_Image002.tif,2560.0
OOD,Nemipterus sp,/home/reshma/Otolith/captioning/otolith/OOD_final/Nemipterus sp/R_N_sp9_Image003.tif,2560.0
OOD,Nemipterus sp,/home/reshma/Otolith/captioning/otolith/OOD_final/Nemipterus sp/R_N_sp9_Image004.tif,2560.0
OOD,Nemipterus sp,/home/reshma/Otolith/captioning/otolith/OOD_final/Nemipterus sp/R_N_sp9_Image005.tif,2560.0
OOD,Nemipterus sp,/home/reshma/Otolith/captioning/otolith/OOD_final/Nemipterus sp/R_N_sp9_Image006.tif,2560.0
OOD,Nemipterus sp,/home/reshma/Otolith/captioning/otolith/OOD_final/Nemipterus sp/R_N_sp9_Image007.tif,2560.0
OOD,Nemipterus sp,/home/reshma/Otolith/captioning/otolith/OOD_final/Nemipterus sp/R_N_sp9_Image008.tif,2560.0
OOD,Nemipterus sp,/home/reshma/Otolith/captioning/otolith/OOD_final/Nemipterus sp/R_N_sp9_Image009.tif,2560.0
OOD,Nemipterus sp,/home/reshma/Otolith/captioning/otolith/OOD_final/Nemipterus sp/R_N_sp9_Image010.tif,2560.0
OOD,Nemipterus sp,/home/reshma/Otolith/captioning/otolith/OOD_final/Nemipterus sp/R_N_sp9_Image011.tif,2560.0
OOD,Nemipterus sp,/home/reshma/Otolith/captioning/otolith/OOD_final/Nemipterus sp/R_N_sp9_Image012.tif,2560.0
OOD,Oreochromis sp,/home/reshma/Otolith/captioning/otolith/OOD_final/Oreochromis sp/L_O_sp1_Image001.tif,2560.0
OOD,Oreochromis sp,/home/reshma/Otolith/captioning/otolith/OOD_final/Oreochromis sp/L_O_sp1_Image002.tif,2560.0
OOD,Oreochromis sp,/home/reshma/Otolith/captioning/otolith/OOD_final/Oreochromis sp/L_O_sp1_Image003.tif,2560.0
OOD,Oreochromis sp,/home/reshma/Otolith/captioning/otolith/OOD_final/Oreochromis sp/L_O_sp1_Image004.tif,2560.0
OOD,Oreochromis sp,/home/reshma/Otolith/captioning/otolith/OOD_final/Oreochromis sp/L_O_sp1_Image005.tif,2560.0
OOD,Oreochromis sp,/home/reshma/Otolith/captioning/otolith/OOD_final/Oreochromis sp/L_O_sp1_Image006.tif,2560.0
OOD,Oreochromis sp,/home/reshma/Otolith/captioning/otolith/OOD_final/Oreochromis sp/L_O_sp1_Image007.tif,2560.0
OOD,Oreochromis sp,/home/reshma/Otolith/captioning/otolith/OOD_final/Oreochromis sp/L_O_sp1_Image008.tif,2560.0
OOD,Oreochromis sp,/home/reshma/Otolith/captioning/otolith/OOD_final/Oreochromis sp/L_O_sp1_Image009.tif,2560.0
OOD,Oreochromis sp,/home/reshma/Otolith/captioning/otolith/OOD_final/Oreochromis sp/L_O_sp1_Image010.tif,2560.0
OOD,Oreochromis sp,/home/reshma/Otolith/captioning/otolith/OOD_final/Oreochromis sp/L_O_sp1_Image011.tif,2560.0
OOD,Oreochromis sp,/home/reshma/Otolith/captioning/otolith/OOD_final/Oreochromis sp/L_O_sp1_Image012.tif,2560.0
OOD,Oreochromis sp,/home/reshma/Otolith/captioning/otolith/OOD_final/Oreochromis sp/L_O_sp1_Image013.tif,2560.0
OOD,Oreochromis sp,/home/reshma/Otolith/captioning/otolith/OOD_final/Oreochromis sp/L_O_sp2_Image001.tif,2560.0
OOD,Oreochromis sp,/home/reshma/Otolith/captioning/otolith/OOD_final/Oreochromis sp/L_O_sp2_Image002.tif,2560.0
OOD,Oreochromis sp,/home/reshma/Otolith/captioning/otolith/OOD_final/Oreochromis sp/L_O_sp2_Image003.tif,2560.0
OOD,Oreochromis sp,/home/reshma/Otolith/captioning/otolith/OOD_final/Oreochromis sp/L_O_sp2_Image004.tif,2560.0
OOD,Oreochromis sp,/home/reshma/Otolith/captioning/otolith/OOD_final/Oreochromis sp/L_O_sp2_Image005.tif,2560.0
OOD,Oreochromis sp,/home/reshma/Otolith/captioning/otolith/OOD_final/Oreochromis sp/L_O_sp2_Image006.tif,2560.0
OOD,Oreochromis sp,/home/reshma/Otolith/captioning/otolith/OOD_final/Oreochromis sp/L_O_sp2_Image007.tif,2560.0
OOD,Oreochromis sp,/home/reshma/Otolith/captioning/otolith/OOD_final/Oreochromis sp/L_O_sp2_Image008.tif,2560.0
OOD,Oreochromis sp,/home/reshma/Otolith/captioning/otolith/OOD_final/Oreochromis sp/L_O_sp3_Image001.tif,2560.0
OOD,Oreochromis sp,/home/reshma/Otolith/captioning/otolith/OOD_final/Oreochromis sp/L_O_sp3_Image002.tif,2560.0
OOD,Oreochromis sp,/home/reshma/Otolith/captioning/otolith/OOD_final/Oreochromis sp/L_O_sp3_Image003.tif,2560.0
OOD,Oreochromis sp,/home/reshma/Otolith/captioning/otolith/OOD_final/Oreochromis sp/L_O_sp3_Image004.tif,2560.0
OOD,Oreochromis sp,/home/reshma/Otolith/captioning/otolith/OOD_final/Oreochromis sp/L_O_sp3_Image005.tif,2560.0
OOD,Oreochromis sp,/home/reshma/Otolith/captioning/otolith/OOD_final/Oreochromis sp/L_O_sp3_Image006.tif,2560.0
OOD,Oreochromis sp,/home/reshma/Otolith/captioning/otolith/OOD_final/Oreochromis sp/L_O_sp3_Image007.tif,2560.0
OOD,Oreochromis sp,/home/reshma/Otolith/captioning/otolith/OOD_final/Oreochromis sp/L_O_sp3_Image008.tif,2560.0
OOD,Oreochromis sp,/home/reshma/Otolith/captioning/otolith/OOD_final/Oreochromis sp/L_O_sp3_Image009.tif,2560.0
OOD,Oreochromis sp,/home/reshma/Otolith/captioning/otolith/OOD_final/Oreochromis sp/L_O_sp3_Image010.tif,2560.0
OOD,Oreochromis sp,/home/reshma/Otolith/captioning/otolith/OOD_final/Oreochromis sp/L_O_sp3_Image011.tif,2560.0
OOD,Oreochromis sp,/home/reshma/Otolith/captioning/otolith/OOD_final/Oreochromis sp/L_O_sp4_Image001.tif,2560.0
OOD,Oreochromis sp,/home/reshma/Otolith/captioning/otolith/OOD_final/Oreochromis sp/L_O_sp4_Image002.tif,2560.0
OOD,Oreochromis sp,/home/reshma/Otolith/captioning/otolith/OOD_final/Oreochromis sp/L_O_sp4_Image003.tif,2560.0
OOD,Oreochromis sp,/home/reshma/Otolith/captioning/otolith/OOD_final/Oreochromis sp/L_O_sp4_Image004.tif,2560.0
OOD,Oreochromis sp,/home/reshma/Otolith/captioning/otolith/OOD_final/Oreochromis sp/L_O_sp4_Image005.tif,2560.0
OOD,Oreochromis sp,/home/reshma/Otolith/captioning/otolith/OOD_final/Oreochromis sp/L_O_sp4_Image006.tif,2560.0
OOD,Oreochromis sp,/home/reshma/Otolith/captioning/otolith/OOD_final/Oreochromis sp/L_O_sp4_Image007.tif,2560.0
OOD,Oreochromis sp,/home/reshma/Otolith/captioning/otolith/OOD_final/Oreochromis sp/L_O_sp4_Image008.tif,2560.0
OOD,Oreochromis sp,/home/reshma/Otolith/captioning/otolith/OOD_final/Oreochromis sp/L_O_sp4_Image009.tif,2560.0
OOD,Oreochromis sp,/home/reshma/Otolith/captioning/otolith/OOD_final/Oreochromis sp/L_O_sp5_Image001.tif,2560.0
OOD,Oreochromis sp,/home/reshma/Otolith/captioning/otolith/OOD_final/Oreochromis sp/L_O_sp5_Image002.tif,2560.0
OOD,Oreochromis sp,/home/reshma/Otolith/captioning/otolith/OOD_final/Oreochromis sp/L_O_sp5_Image003.tif,2560.0
OOD,Oreochromis sp,/home/reshma/Otolith/captioning/otolith/OOD_final/Oreochromis sp/L_O_sp5_Image004.tif,2560.0
OOD,Oreochromis sp,/home/reshma/Otolith/captioning/otolith/OOD_final/Oreochromis sp/L_O_sp5_Image005.tif,2560.0
OOD,Oreochromis sp,/home/reshma/Otolith/captioning/otolith/OOD_final/Oreochromis sp/L_O_sp5_Image006.tif,2560.0
OOD,Oreochromis sp,/home/reshma/Otolith/captioning/otolith/OOD_final/Oreochromis sp/L_O_sp5_Image007.tif,2560.0
OOD,Oreochromis sp,/home/reshma/Otolith/captioning/otolith/OOD_final/Oreochromis sp/L_O_sp5_Image008.tif,2560.0
OOD,Oreochromis sp,/home/reshma/Otolith/captioning/otolith/OOD_final/Oreochromis sp/L_O_sp5_Image009.tif,2560.0
OOD,Oreochromis sp,/home/reshma/Otolith/captioning/otolith/OOD_final/Oreochromis sp/L_O_sp5_Image010.tif,2560.0
OOD,Oreochromis sp,/home/reshma/Otolith/captioning/otolith/OOD_final/Oreochromis sp/L_O_sp5_Image011.tif,2560.0
OOD,Oreochromis sp,/home/reshma/Otolith/captioning/otolith/OOD_final/Oreochromis sp/L_O_sp6_Image001.tif,2560.0
OOD,Oreochromis sp,/home/reshma/Otolith/captioning/otolith/OOD_final/Oreochromis sp/L_O_sp6_Image002.tif,2560.0
OOD,Oreochromis sp,/home/reshma/Otolith/captioning/otolith/OOD_final/Oreochromis sp/L_O_sp6_Image003.tif,2560.0
OOD,Oreochromis sp,/home/reshma/Otolith/captioning/otolith/OOD_final/Oreochromis sp/L_O_sp6_Image004.tif,2560.0
OOD,Oreochromis sp,/home/reshma/Otolith/captioning/otolith/OOD_final/Oreochromis sp/L_O_sp6_Image005.tif,2560.0
OOD,Oreochromis sp,/home/reshma/Otolith/captioning/otolith/OOD_final/Oreochromis sp/L_O_sp6_Image006.tif,2560.0
OOD,Oreochromis sp,/home/reshma/Otolith/captioning/otolith/OOD_final/Oreochromis sp/L_O_sp6_Image007.tif,2560.0
OOD,Oreochromis sp,/home/reshma/Otolith/captioning/otolith/OOD_final/Oreochromis sp/L_O_sp6_Image008.tif,2560.0
OOD,Oreochromis sp,/home/reshma/Otolith/captioning/otolith/OOD_final/Oreochromis sp/L_O_sp6_Image009.tif,2560.0
OOD,Oreochromis sp,/home/reshma/Otolith/captioning/otolith/OOD_final/Oreochromis sp/L_O_sp6_Image010.tif,2560.0
OOD,Oreochromis sp,/home/reshma/Otolith/captioning/otolith/OOD_final/Oreochromis sp/L_O_sp6_Image011.tif,2560.0
OOD,Oreochromis sp,/home/reshma/Otolith/captioning/otolith/OOD_final/Oreochromis sp/L_O_sp6_Image012.tif,2560.0
OOD,Oreochromis sp,/home/reshma/Otolith/captioning/otolith/OOD_final/Oreochromis sp/L_O_sp6_Image013.tif,2560.0
OOD,Oreochromis sp,/home/reshma/Otolith/captioning/otolith/OOD_final/Oreochromis sp/L_O_sp6_Image014.tif,2560.0
OOD,Oreochromis sp,/home/reshma/Otolith/captioning/otolith/OOD_final/Oreochromis sp/R_O_sp1Image001.tif,2560.0
OOD,Oreochromis sp,/home/reshma/Otolith/captioning/otolith/OOD_final/Oreochromis sp/R_O_sp1Image002.tif,2560.0
OOD,Oreochromis sp,/home/reshma/Otolith/captioning/otolith/OOD_final/Oreochromis sp/R_O_sp1Image003.tif,2560.0
OOD,Oreochromis sp,/home/reshma/Otolith/captioning/otolith/OOD_final/Oreochromis sp/R_O_sp1Image004.tif,2560.0
OOD,Oreochromis sp,/home/reshma/Otolith/captioning/otolith/OOD_final/Oreochromis sp/R_O_sp1Image005.tif,2560.0
OOD,Oreochromis sp,/home/reshma/Otolith/captioning/otolith/OOD_final/Oreochromis sp/R_O_sp1Image006.tif,2560.0
OOD,Oreochromis sp,/home/reshma/Otolith/captioning/otolith/OOD_final/Oreochromis sp/R_O_sp1Image007.tif,2560.0
OOD,Oreochromis sp,/home/reshma/Otolith/captioning/otolith/OOD_final/Oreochromis sp/R_O_sp1Image008.tif,2560.0
OOD,Oreochromis sp,/home/reshma/Otolith/captioning/otolith/OOD_final/Oreochromis sp/R_O_sp1Image009.tif,2560.0
OOD,Oreochromis sp,/home/reshma/Otolith/captioning/otolith/OOD_final/Oreochromis sp/R_O_sp1Image010.tif,2560.0
OOD,Oreochromis sp,/home/reshma/Otolith/captioning/otolith/OOD_final/Oreochromis sp/R_O_sp1Image011.tif,2560.0
OOD,Oreochromis sp,/home/reshma/Otolith/captioning/otolith/OOD_final/Oreochromis sp/R_O_sp1Image012.tif,2560.0
OOD,Oreochromis sp,/home/reshma/Otolith/captioning/otolith/OOD_final/Oreochromis sp/R_O_sp2_Image001.tif,2560.0
OOD,Oreochromis sp,/home/reshma/Otolith/captioning/otolith/OOD_final/Oreochromis sp/R_O_sp2_Image002.tif,2560.0
OOD,Oreochromis sp,/home/reshma/Otolith/captioning/otolith/OOD_final/Oreochromis sp/R_O_sp2_Image003.tif,2560.0
OOD,Oreochromis sp,/home/reshma/Otolith/captioning/otolith/OOD_final/Oreochromis sp/R_O_sp2_Image004.tif,2560.0
OOD,Oreochromis sp,/home/reshma/Otolith/captioning/otolith/OOD_final/Oreochromis sp/R_O_sp2_Image005.tif,2560.0
OOD,Oreochromis sp,/home/reshma/Otolith/captioning/otolith/OOD_final/Oreochromis sp/R_O_sp2_Image006.tif,2560.0
OOD,Oreochromis sp,/home/reshma/Otolith/captioning/otolith/OOD_final/Oreochromis sp/R_O_sp2_Image007.tif,2560.0
OOD,Oreochromis sp,/home/reshma/Otolith/captioning/otolith/OOD_final/Oreochromis sp/R_O_sp2_Image008.tif,2560.0
OOD,Oreochromis sp,/home/reshma/Otolith/captioning/otolith/OOD_final/Oreochromis sp/R_O_sp3_Image001.tif,2560.0
OOD,Oreochromis sp,/home/reshma/Otolith/captioning/otolith/OOD_final/Oreochromis sp/R_O_sp3_Image002.tif,2560.0
OOD,Oreochromis sp,/home/reshma/Otolith/captioning/otolith/OOD_final/Oreochromis sp/R_O_sp3_Image003.tif,2560.0
OOD,Oreochromis sp,/home/reshma/Otolith/captioning/otolith/OOD_final/Oreochromis sp/R_O_sp3_Image004.tif,2560.0
OOD,Oreochromis sp,/home/reshma/Otolith/captioning/otolith/OOD_final/Oreochromis sp/R_O_sp3_Image005.tif,2560.0
OOD,Oreochromis sp,/home/reshma/Otolith/captioning/otolith/OOD_final/Oreochromis sp/R_O_sp3_Image006.tif,2560.0
OOD,Oreochromis sp,/home/reshma/Otolith/captioning/otolith/OOD_final/Oreochromis sp/R_O_sp3_Image007.tif,2560.0
OOD,Oreochromis sp,/home/reshma/Otolith/captioning/otolith/OOD_final/Oreochromis sp/R_O_sp3_Image008.tif,2560.0
OOD,Oreochromis sp,/home/reshma/Otolith/captioning/otolith/OOD_final/Oreochromis sp/R_O_sp3_Image009.tif,2560.0
OOD,Oreochromis sp,/home/reshma/Otolith/captioning/otolith/OOD_final/Oreochromis sp/R_O_sp3_Image010.tif,2560.0
OOD,Oreochromis sp,/home/reshma/Otolith/captioning/otolith/OOD_final/Oreochromis sp/R_O_sp4_Image001.tif,2560.0
OOD,Oreochromis sp,/home/reshma/Otolith/captioning/otolith/OOD_final/Oreochromis sp/R_O_sp4_Image002.tif,2560.0
OOD,Oreochromis sp,/home/reshma/Otolith/captioning/otolith/OOD_final/Oreochromis sp/R_O_sp4_Image003.tif,2560.0
OOD,Oreochromis sp,/home/reshma/Otolith/captioning/otolith/OOD_final/Oreochromis sp/R_O_sp4_Image004.tif,2560.0
OOD,Oreochromis sp,/home/reshma/Otolith/captioning/otolith/OOD_final/Oreochromis sp/R_O_sp4_Image005.tif,2560.0
OOD,Oreochromis sp,/home/reshma/Otolith/captioning/otolith/OOD_final/Oreochromis sp/R_O_sp4_Image006.tif,2560.0
OOD,Oreochromis sp,/home/reshma/Otolith/captioning/otolith/OOD_final/Oreochromis sp/R_O_sp4_Image007.tif,2560.0
OOD,Oreochromis sp,/home/reshma/Otolith/captioning/otolith/OOD_final/Oreochromis sp/R_O_sp4_Image008.tif,2560.0
OOD,Oreochromis sp,/home/reshma/Otolith/captioning/otolith/OOD_final/Oreochromis sp/R_O_sp4_Image009.tif,2560.0
OOD,Oreochromis sp,/home/reshma/Otolith/captioning/otolith/OOD_final/Oreochromis sp/R_O_sp4_Image010.tif,2560.0
OOD,Oreochromis sp,/home/reshma/Otolith/captioning/otolith/OOD_final/Oreochromis sp/R_O_sp4_Image011.tif,2560.0
OOD,Oreochromis sp,/home/reshma/Otolith/captioning/otolith/OOD_final/Oreochromis sp/R_O_sp5_Image001.tif,2560.0
OOD,Oreochromis sp,/home/reshma/Otolith/captioning/otolith/OOD_final/Oreochromis sp/R_O_sp5_Image002.tif,2560.0
OOD,Oreochromis sp,/home/reshma/Otolith/captioning/otolith/OOD_final/Oreochromis sp/R_O_sp5_Image003.tif,2560.0
OOD,Oreochromis sp,/home/reshma/Otolith/captioning/otolith/OOD_final/Oreochromis sp/R_O_sp5_Image004.tif,2560.0
OOD,Oreochromis sp,/home/reshma/Otolith/captioning/otolith/OOD_final/Oreochromis sp/R_O_sp5_Image005.tif,2560.0
OOD,Oreochromis sp,/home/reshma/Otolith/captioning/otolith/OOD_final/Oreochromis sp/R_O_sp5_Image006.tif,2560.0
OOD,Oreochromis sp,/home/reshma/Otolith/captioning/otolith/OOD_final/Oreochromis sp/R_O_sp5_Image007.tif,2560.0
OOD,Oreochromis sp,/home/reshma/Otolith/captioning/otolith/OOD_final/Oreochromis sp/R_O_sp5_Image008.tif,2560.0
OOD,Oreochromis sp,/home/reshma/Otolith/captioning/otolith/OOD_final/Oreochromis sp/R_O_sp5_Image009.tif,2560.0
OOD,Oreochromis sp,/home/reshma/Otolith/captioning/otolith/OOD_final/Oreochromis sp/R_O_sp5_Image010.tif,2560.0
OOD,Oreochromis sp,/home/reshma/Otolith/captioning/otolith/OOD_final/Oreochromis sp/R_O_sp6_Image001.tif,2560.0
OOD,Oreochromis sp,/home/reshma/Otolith/captioning/otolith/OOD_final/Oreochromis sp/R_O_sp6_Image002.tif,2560.0
OOD,Oreochromis sp,/home/reshma/Otolith/captioning/otolith/OOD_final/Oreochromis sp/R_O_sp6_Image003.tif,2560.0
OOD,Oreochromis sp,/home/reshma/Otolith/captioning/otolith/OOD_final/Oreochromis sp/R_O_sp6_Image004.tif,2560.0
OOD,Oreochromis sp,/home/reshma/Otolith/captioning/otolith/OOD_final/Oreochromis sp/R_O_sp6_Image005.tif,2560.0
OOD,Oreochromis sp,/home/reshma/Otolith/captioning/otolith/OOD_final/Oreochromis sp/R_O_sp6_Image006.tif,2560.0
OOD,Oreochromis sp,/home/reshma/Otolith/captioning/otolith/OOD_final/Oreochromis sp/R_O_sp6_Image007.tif,2560.0
OOD,Oreochromis sp,/home/reshma/Otolith/captioning/otolith/OOD_final/Oreochromis sp/R_O_sp6_Image008.tif,2560.0
OOD,Oreochromis sp,/home/reshma/Otolith/captioning/otolith/OOD_final/Oreochromis sp/R_O_sp6_Image009.tif,2560.0
OOD,Oreochromis sp,/home/reshma/Otolith/captioning/otolith/OOD_final/Oreochromis sp/R_O_sp6_Image010.tif,2560.0
OOD,Oreochromis sp,/home/reshma/Otolith/captioning/otolith/OOD_final/Oreochromis sp/R_O_sp6_Image011.tif,2560.0
OOD,Species1,/home/reshma/Otolith/captioning/otolith/OOD_final/Species1/L_sp1_Image001.jpg,2560.0
OOD,Species1,/home/reshma/Otolith/captioning/otolith/OOD_final/Species1/L_sp1_Image002.jpg,2560.0
OOD,Species1,/home/reshma/Otolith/captioning/otolith/OOD_final/Species1/L_sp1_Image003.jpg,2560.0
OOD,Species1,/home/reshma/Otolith/captioning/otolith/OOD_final/Species1/L_sp1_Image004.jpg,2560.0
OOD,Species1,/home/reshma/Otolith/captioning/otolith/OOD_final/Species1/L_sp1_Image005.jpg,2560.0
OOD,Species1,/home/reshma/Otolith/captioning/otolith/OOD_final/Species1/L_sp1_Image006.jpg,2560.0
OOD,Species1,/home/reshma/Otolith/captioning/otolith/OOD_final/Species1/L_sp1_Image007.jpg,2560.0
OOD,Species1,/home/reshma/Otolith/captioning/otolith/OOD_final/Species1/L_sp1_Image008.jpg,2560.0
OOD,Species1,/home/reshma/Otolith/captioning/otolith/OOD_final/Species1/L_sp1_Image009.jpg,2560.0
OOD,Species1,/home/reshma/Otolith/captioning/otolith/OOD_final/Species1/L_sp1_Image010.jpg,2560.0
OOD,Species1,/home/reshma/Otolith/captioning/otolith/OOD_final/Species1/R_sp1_Image001.jpg,2560.0
OOD,Species1,/home/reshma/Otolith/captioning/otolith/OOD_final/Species1/R_sp1_Image002.jpg,2560.0
OOD,Species1,/home/reshma/Otolith/captioning/otolith/OOD_final/Species1/R_sp1_Image003.jpg,2560.0
OOD,Species1,/home/reshma/Otolith/captioning/otolith/OOD_final/Species1/R_sp1_Image004.jpg,2560.0
OOD,Species1,/home/reshma/Otolith/captioning/otolith/OOD_final/Species1/R_sp1_Image005.jpg,2560.0
OOD,Species1,/home/reshma/Otolith/captioning/otolith/OOD_final/Species1/R_sp1_Image006.jpg,2560.0
OOD,Species1,/home/reshma/Otolith/captioning/otolith/OOD_final/Species1/R_sp1_Image007.jpg,2560.0
OOD,Species1,/home/reshma/Otolith/captioning/otolith/OOD_final/Species1/R_sp1_Image008.jpg,2560.0
OOD,Species1,/home/reshma/Otolith/captioning/otolith/OOD_final/Species1/R_sp1_Image009.jpg,2560.0
OOD,Species1,/home/reshma/Otolith/captioning/otolith/OOD_final/Species1/R_sp1_Image010.jpg,2560.0
OOD,Species1,/home/reshma/Otolith/captioning/otolith/OOD_final/Species1/R_sp1_Image011.jpg,2560.0
OOD,Species1,/home/reshma/Otolith/captioning/otolith/OOD_final/Species1/R_sp1_Image012.jpg,2560.0
OOD,Species2,/home/reshma/Otolith/captioning/otolith/OOD_final/Species2/R_Sp2_Image001.jpg,2560.0
OOD,Species2,/home/reshma/Otolith/captioning/otolith/OOD_final/Species2/R_Sp2_Image002.jpg,2560.0
OOD,Species2,/home/reshma/Otolith/captioning/otolith/OOD_final/Species2/R_Sp2_Image003.jpg,2560.0
OOD,Species2,/home/reshma/Otolith/captioning/otolith/OOD_final/Species2/R_Sp2_Image004.jpg,2560.0
OOD,Species4,/home/reshma/Otolith/captioning/otolith/OOD_final/Species4/L_sp4_Image001.jpg,2560.0
OOD,Species4,/home/reshma/Otolith/captioning/otolith/OOD_final/Species4/L_sp4_Image002.jpg,2560.0
OOD,Species4,/home/reshma/Otolith/captioning/otolith/OOD_final/Species4/L_sp4_Image003.jpg,2560.0
OOD,Species4,/home/reshma/Otolith/captioning/otolith/OOD_final/Species4/L_sp4_Image004.jpg,2560.0
OOD,Species4,/home/reshma/Otolith/captioning/otolith/OOD_final/Species4/L_sp4_Image005.jpg,2560.0
OOD,Species4,/home/reshma/Otolith/captioning/otolith/OOD_final/Species4/L_sp4_Image006.jpg,2560.0
OOD,Species4,/home/reshma/Otolith/captioning/otolith/OOD_final/Species4/L_sp4_Image007.jpg,2560.0
OOD,Species4,/home/reshma/Otolith/captioning/otolith/OOD_final/Species4/L_sp4_Image008.jpg,2560.0
OOD,Species4,/home/reshma/Otolith/captioning/otolith/OOD_final/Species4/R_sp4_Image001.jpg,2560.0
OOD,Species4,/home/reshma/Otolith/captioning/otolith/OOD_final/Species4/R_sp4_Image002.jpg,2560.0
OOD,Species4,/home/reshma/Otolith/captioning/otolith/OOD_final/Species4/R_sp4_Image003.jpg,2560.0
OOD,Species4,/home/reshma/Otolith/captioning/otolith/OOD_final/Species4/R_sp4_Image004.jpg,2560.0
OOD,Species4,/home/reshma/Otolith/captioning/otolith/OOD_final/Species4/R_sp4_Image005.jpg,2560.0
OOD,Species4,/home/reshma/Otolith/captioning/otolith/OOD_final/Species4/R_sp4_Image006.jpg,2560.0
OOD,Species5,/home/reshma/Otolith/captioning/otolith/OOD_final/Species5/L_sp5_Image001.jpg,2560.0
OOD,Species5,/home/reshma/Otolith/captioning/otolith/OOD_final/Species5/L_sp5_Image002.jpg,2560.0
OOD,Species5,/home/reshma/Otolith/captioning/otolith/OOD_final/Species5/L_sp5_Image003.jpg,2560.0
OOD,Species5,/home/reshma/Otolith/captioning/otolith/OOD_final/Species5/L_sp5_Image004.jpg,2560.0
OOD,Species5,/home/reshma/Otolith/captioning/otolith/OOD_final/Species5/L_sp5_Image005.jpg,2560.0
OOD,Species5,/home/reshma/Otolith/captioning/otolith/OOD_final/Species5/L_sp5_Image006.jpg,2560.0
OOD,Species5,/home/reshma/Otolith/captioning/otolith/OOD_final/Species5/L_sp5_Image007.jpg,2560.0
OOD,Species5,/home/reshma/Otolith/captioning/otolith/OOD_final/Species5/L_sp5_Image008.jpg,2560.0
OOD,Species5,/home/reshma/Otolith/captioning/otolith/OOD_final/Species5/L_sp5_Image009.jpg,2560.0
OOD,Species5,/home/reshma/Otolith/captioning/otolith/OOD_final/Species5/L_sp5_Image010.jpg,2560.0
OOD,Species5,/home/reshma/Otolith/captioning/otolith/OOD_final/Species5/L_sp5_Image011.jpg,2560.0
OOD,Species5,/home/reshma/Otolith/captioning/otolith/OOD_final/Species5/L_sp5_Image012.jpg,2560.0
OOD,Species5,/home/reshma/Otolith/captioning/otolith/OOD_final/Species5/L_sp5_Image013.jpg,2560.0
OOD,Species5,/home/reshma/Otolith/captioning/otolith/OOD_final/Species5/R_sp5_Image001.jpg,2560.0
OOD,Species5,/home/reshma/Otolith/captioning/otolith/OOD_final/Species5/R_sp5_Image002.jpg,2560.0
OOD,Species5,/home/reshma/Otolith/captioning/otolith/OOD_final/Species5/R_sp5_Image003.jpg,2560.0
OOD,Species5,/home/reshma/Otolith/captioning/otolith/OOD_final/Species5/R_sp5_Image004.jpg,2560.0
OOD,Species5,/home/reshma/Otolith/captioning/otolith/OOD_final/Species5/R_sp5_Image005.jpg,2560.0
OOD,Species5,/home/reshma/Otolith/captioning/otolith/OOD_final/Species5/R_sp5_Image006.jpg,2560.0
OOD,Species5,/home/reshma/Otolith/captioning/otolith/OOD_final/Species5/R_sp5_Image007.jpg,2560.0
OOD,Species5,/home/reshma/Otolith/captioning/otolith/OOD_final/Species5/R_sp5_Image008.jpg,2560.0
OOD,Species5,/home/reshma/Otolith/captioning/otolith/OOD_final/Species5/R_sp5_Image009.jpg,2560.0
OOD,Species5,/home/reshma/Otolith/captioning/otolith/OOD_final/Species5/R_sp5_Image010.jpg,2560.0
OOD,Species5,/home/reshma/Otolith/captioning/otolith/OOD_final/Species5/R_sp5_Image011.jpg,2560.0
OOD,Species5,/home/reshma/Otolith/captioning/otolith/OOD_final/Species5/R_sp5_Image012.jpg,2560.0
OOD,Species5,/home/reshma/Otolith/captioning/otolith/OOD_final/Species5/R_sp5_Image013.jpg,2560.0
OOD,Species5,/home/reshma/Otolith/captioning/otolith/OOD_final/Species5/R_sp5_Image014.jpg,2560.0
OOD,Species5,/home/reshma/Otolith/captioning/otolith/OOD_final/Species5/R_sp5_Image015.jpg,2560.0
OOD,Species5,/home/reshma/Otolith/captioning/otolith/OOD_final/Species5/R_sp5_Image016.jpg,2560.0
OOD,Species5,/home/reshma/Otolith/captioning/otolith/OOD_final/Species5/R_sp5_Image017.jpg,2560.0
OOD,Species5,/home/reshma/Otolith/captioning/otolith/OOD_final/Species5/R_sp5_Image018.jpg,2560.0
OOD,Species5,/home/reshma/Otolith/captioning/otolith/OOD_final/Species5/R_sp5_Multi Focus Image - 1.jpg,2560.0
OOD,Species5,/home/reshma/Otolith/captioning/otolith/OOD_final/Species5/R_sp5_Multi Focus Image_2.jpg,2560.0
OOD,Species5,/home/reshma/Otolith/captioning/otolith/OOD_final/Species5/R_sp5_Series001--Z00.jpg,2560.0
OOD,Species5,/home/reshma/Otolith/captioning/otolith/OOD_final/Species5/R_sp5_Series001--Z01.jpg,2560.0
OOD,Species5,/home/reshma/Otolith/captioning/otolith/OOD_final/Species5/R_sp5_Series001--Z02.jpg,2560.0
OOD,Species5,/home/reshma/Otolith/captioning/otolith/OOD_final/Species5/R_sp5_Series001--Z03.jpg,2560.0
OOD,Species5,/home/reshma/Otolith/captioning/otolith/OOD_final/Species5/R_sp5_Series001--Z04.jpg,2560.0
OOD,Species5,/home/reshma/Otolith/captioning/otolith/OOD_final/Species5/R_sp5_stacked.jpg,2560.0
OOD,Species6,/home/reshma/Otolith/captioning/otolith/OOD_final/Species6/L_sp6_Image001.jpg,2560.0
OOD,Species6,/home/reshma/Otolith/captioning/otolith/OOD_final/Species6/L_sp6_Image002.jpg,2560.0
OOD,Species6,/home/reshma/Otolith/captioning/otolith/OOD_final/Species6/L_sp6_Image003.jpg,2560.0
OOD,Species6,/home/reshma/Otolith/captioning/otolith/OOD_final/Species6/L_sp6_Image004.jpg,2560.0
OOD,Species6,/home/reshma/Otolith/captioning/otolith/OOD_final/Species6/L_sp6_Image005.jpg,2560.0
OOD,Species6,/home/reshma/Otolith/captioning/otolith/OOD_final/Species6/L_sp6_Image006.jpg,2560.0
OOD,Species6,/home/reshma/Otolith/captioning/otolith/OOD_final/Species6/L_sp6_Image007.jpg,2560.0
OOD,Species6,/home/reshma/Otolith/captioning/otolith/OOD_final/Species6/L_sp6_Image008.jpg,2560.0
OOD,Species6,/home/reshma/Otolith/captioning/otolith/OOD_final/Species6/L_sp6_Image009.jpg,2560.0
OOD,Species6,/home/reshma/Otolith/captioning/otolith/OOD_final/Species6/L_sp6_Image010.jpg,2560.0
OOD,Species6,/home/reshma/Otolith/captioning/otolith/OOD_final/Species6/L_sp6_Image011.jpg,2560.0
OOD,Species6,/home/reshma/Otolith/captioning/otolith/OOD_final/Species6/L_sp6_Image012.jpg,2560.0
OOD,Species6,/home/reshma/Otolith/captioning/otolith/OOD_final/Species6/R_sp6_Image002.jpg,2560.0
OOD,Species6,/home/reshma/Otolith/captioning/otolith/OOD_final/Species6/R_sp6_Image003.jpg,2560.0
OOD,Species6,/home/reshma/Otolith/captioning/otolith/OOD_final/Species6/R_sp6_Image004.jpg,2560.0
OOD,Species6,/home/reshma/Otolith/captioning/otolith/OOD_final/Species6/R_sp6_Image005.jpg,2560.0
OOD,Species6,/home/reshma/Otolith/captioning/otolith/OOD_final/Species6/R_sp6_Image006.jpg,2560.0
OOD,Species6,/home/reshma/Otolith/captioning/otolith/OOD_final/Species6/R_sp6_Image007.jpg,2560.0
OOD,Species6,/home/reshma/Otolith/captioning/otolith/OOD_final/Species6/R_sp6_Image008.jpg,2560.0
OOD,Species6,/home/reshma/Otolith/captioning/otolith/OOD_final/Species6/R_sp6_Image009.jpg,2560.0
OOD,Species6,/home/reshma/Otolith/captioning/otolith/OOD_final/Species6/R_sp6_Image010.jpg,2560.0
OOD,Species6,/home/reshma/Otolith/captioning/otolith/OOD_final/Species6/R_sp6_Image011.jpg,2560.0
OOD,Species6,/home/reshma/Otolith/captioning/otolith/OOD_final/Species6/R_sp6_Image012.jpg,2560.0
OOD,Species6,/home/reshma/Otolith/captioning/otolith/OOD_final/Species6/R_sp6_Image013.jpg,2560.0
OOD,Species6,/home/reshma/Otolith/captioning/otolith/OOD_final/Species6/R_sp6_Image014.jpg,2560.0
OOD,Species6,/home/reshma/Otolith/captioning/otolith/OOD_final/Species6/R_sp6_Image015.jpg,2560.0
OOD,Species6,/home/reshma/Otolith/captioning/otolith/OOD_final/Species6/R_sp6_Image016.jpg,2560.0
OOD,Species6,/home/reshma/Otolith/captioning/otolith/OOD_final/Species6/R_sp6_Image017.jpg,2560.0
OOD,Species6,/home/reshma/Otolith/captioning/otolith/OOD_final/Species6/R_sp6_Image018.jpg,2560.0
OOD,Species6,/home/reshma/Otolith/captioning/otolith/OOD_final/Species6/R_sp6_Image019.jpg,2560.0
OOD,Species2,/home/reshma/Otolith/captioning/otolith/OOD_final/Species7/L_sp7_Image001.tif,2560.0
OOD,Species2,/home/reshma/Otolith/captioning/otolith/OOD_final/Species7/L_sp7_Image002.tif,2560.0
OOD,Species2,/home/reshma/Otolith/captioning/otolith/OOD_final/Species7/R_sp7_Image001.tif,2560.0
OOD,Species2,/home/reshma/Otolith/captioning/otolith/OOD_final/Species7/R_sp7_Image002.tif,2560.0
